HCODE,HCEXT,HN,HREG,HNR,MEMBERNO,SPOP,NAME,DOB,PID,CITY,PROVINCE,ZIP,SEX,MARITAL,NATIONAL,OCCUPATION,INCOME,PAYER,PDHOSP,PDDATE,HDHOSP,HDDATE,KTHOSP,KTDATE,ETIOLDM,ETIOL,ETIOTHER,CMORB01,CMORB02,CMORB03,CMORB04,CMORB05,CMORB06,CMORB07,CMORB08,CMORB09,CMORB10,CMORB11,CMORB12,CMORB13,LASTUPD,LASTVER,THISUPD,STAT,ENTRYBY,FLAG,TRSTAT,NEWFLD,USGFLAG,REGTYPE,REGLOCTYPE,BENF,REFMODE,DMARK,BF,AUTHCODE,RRTM,RRTC,PAYRATE,PAYCLASS,PAYCODE,PAYCHK,DSC2RRT,DSCYYMM,DSCINSYS,PATTYPE,DATEEFF,DATEEXP,EPOCLAIM,SPATT,BF1,BF2,PAYRATE2,LASTHD,HDCNT
13781,02,002699871,13781,002699871,,RTCS,บุญหยาด อาจลึก,1956-05-09,3461000154158,,,,1,,,,,,,,,,,,,,,,,,,,,,,,,,,,2019-07-31 16:26:52,,,,,U,,,,1,,,H,,C,กส0829/4,,,2000,,,,,,,O,2006-03-16,2099-12-31,,,,,0,,
13781,01,003012132,13781,,,RTCS,สังวาลย์ ภาคอินทรีย์,1960-12-06,3350500185842,,,,2,,,,,,,,,,,,,,,,,,,,,,,,,,,,2001-10-01 00:00:00,,,,,,,,,,,,,,,,,,,,,,,,,,,,,,,,,,
13781,01,003715709,13781,003715709,,RTCS,เฉลิมพร แดงฉ่ำ,1991-05-21,1770300066327,,,,1,,,,,,,,,,,,,,,,,,,,,,,,,,,,2008-10-16 17:43:03,,,,,E,,,,1,,,H,,C,กห0481.6,,,2000,,,,,,,O,2006-03-09,2006-12-31,,,,,0,,
13781,02,003203597,13781,003203597,,RTCS,ศักดิ์ โพธิ์พันธุ์,1924-05-27,3102002147209,,,,1,,,,,,,,,,,,,,,,,,,,,,,,,,,,2009-07-02 20:19:36.998000,,,D,,E,,,,1,,,H,,C,กห0402/4,,,2000,,,,,,,O,2006-01-26,2009-07-03,,,,,0,,
13781,01,002400093,13781,002400093,,RTCS,ประวิทย์ จิตต์รุ่งเรืองชัย,1952-11-03,3499900033311,,,,1,,,,,,,,,,,,,,,,,,,,,,,,,,,,2012-04-02 17:35:25.998000,,,D,,E,,,,1,,,H,,C,สธ0424.1,,,2000,,,,,,,O,2006-04-03,2012-04-03,,,,,0,,
13781,01,002156780,13781,002156780,,RTCS,ชลธาร ธานี,1964-01-20,3340700280890,,,,1,,,,,,,,,,,,,,,,,,,,,,,,,,,,2022-12-21 08:18:29.998000,,,,,U,,,,1,,,H,,C,ศธ04022.,,,2000,,,,,,,O,2022-12-04,2099-12-31,,,,,0,,
13781,02,003691378,13781,003691378,,RTCL,นิคม เจือแก้ว,1957-05-22,3140200068435,คันนายาว,กทม.,,1,1,1,,4,2,,,13781,254705,,,1,08,,,,,,,2543,2543,,,,,,,2016-07-20 13:21:50,,,O,แสงทิพย์,E,,,,,,,H,,C,Q3TEU2,,,2000,,,,,,,O,2008-03-07,2016-07-21,,,,,0,,
13781,01,003367977,13781,003367977,,RTCS,สำราญ งามวงษ์,1943-04-10,3350300415127,,,,1,,,,,,,,,,,,,,,,,,,,,,,,,,,,2009-12-03 07:41:31.998000,,,D,,E,,,,1,,,H,,C,กห0481.6,,,2000,,,,,,,O,2006-03-17,2009-12-03,,,,,0,,
13781,01,002461445,13781,002461445,,RTCS,ธนพร ชมภูศรี,1957-01-31,3600700829988,,,,2,,,,,,,,,,,,,,,,,,,,,,,,,,,,2026-02-04 09:21:14,,,D,,E,,,,1,,,H,,C,กห0483.6,,,2000,,,,,,,O,2006-03-20,2026-02-02,,,,,0,,
13781,01,002301877,13781,002301877,,RTCS,จรวยพร อักษรวรรณ,1966-09-27,3801300906020,,,,2,,,,,,,,,,,,,,,,,,,,,,,,,,,,2017-04-02 14:05:24.999000,,,C,,E,,,,1,,,H,,C,นศ0827/8,,,2000,,,,,,,O,2006-04-03,2017-04-03,,,,,0,,
13781,01,003943617,13781,003943617,,RTCS,ชุบ ผันเจริญ,1933-01-01,3101400623310,,,,2,,,,,,,,,,,,,,,,,,,,,,,,,,,,2017-11-18 12:15:05.998000,,,C,,E,,,,1,,,H,,C,ตร.0016.,,,2000,,,,,,,O,2006-03-28,2017-11-20,,,,,0,,
13781,01,002837293,13781,002837293,,RTCS,ทัศนีย์ อมรเทพ,1939-06-17,3160100667205,,,,2,,,,,,,,,,,,,,,,,,,,,,,,,,,,2014-06-17 17:28:01.999000,,,D,,E,,,,1,,,H,,C,ศธ0518.0,,,2000,,,,,,,O,2006-04-03,2014-06-18,,,,,0,,
13781,01,001717278,13781,001717278,,RTCS,ลำดวน เธียรถาวร,1940-07-01,3120100883323,,,,2,,,,,,,,,,,,,,,,,,,,,,,,,,,,2017-08-17 16:06:48.999000,,,C,,E,,,,1,,,H,,C,ศธ0518.0,,,2000,,,,,,,,2006-03-30,2017-08-18,,,,,0,,
13781,02,003516645,13781,003516645,,RTCS,สมพิศ กองค้า,1938-10-13,3101401131780,,,,2,,,,,,,,,,,,,,,,,,,,,,,,,,,,2012-04-02 17:35:25.998000,,,D,,E,,,,1,,,H,,C,ตช0002.4,,,2000,,,,,,,O,2006-03-30,2012-04-03,,,,,0,,
13781,02,002771724,13781,002771724,,RTCS,สุดารัตน์ บรรเทาวงษ์,1945-10-12,3100100289201,,,,2,,,,,,,,,,,,,,,,,,,,,,,,,,,,2011-12-02 16:37:22,,,D,,E,,,,1,,,H,,C,กห0613.4,,,2000,,,,,,,O,2006-03-30,2011-12-06,,,,,0,,
13781,02,002276409,13781,002276409,,RTCS,บุญสม ใจขันธ์,1960-04-25,3660700011152,,,,1,,,,,,,,,,,,,,,,,,,,,,,,,,,,2019-07-31 16:26:53,,,,,U,,,,1,,,H,,C,ศธ409919,,,2000,,,,,,,O,2006-04-03,2099-12-31,,,,,0,,
13781,01,002977925,13781,002977925,,RTCS,ทรงพล คำวิชัย,1956-02-18,3259900051044,,,,1,2,1,,1,1,,,,,,,,,,,,,,,,,,,,,,,2019-07-31 16:26:54,,,,,U,,,,1,,,H,,C,สก0012/บ,,,2000,,,,,,,O,2006-04-17,2099-12-31,,,,,0,,
13781,01,003573176,13781,003573176,,RTCS,ธนิกา คณานนท์,1944-03-21,3600900053240,,,,2,,,,,,,,,,,,,,,,,,,,,,,,,,,,2023-06-07 11:24:01,,,,,E,,,,1,,,H,,C,นว1027/1,,,2000,,,,,,,O,2006-03-28,2023-06-03,,,,,0,,
13781,02,002249301,13781,002249301,,RTCS,เสงี่ยม มูลทรัพย์,1941-02-14,3100901606166,วัฒนา,กทม.,,2,1,1,,1,1,,,13781,254306,,,2,09,,,,,,,253608,,,,,,,,2019-01-18 12:57:45.998000,,,D,แสงทิพย์,E,,,,1,,,H,,C,ศธ0517.0,,,2000,,,,,,,O,2006-02-16,2019-01-18,,,,,0,,
13781,02,003119983,13781,003119983,30343161,RTCS,บุญชู บุญปก,1971-03-13,3101402371318,ราชเทวี,กทม.,10400,1,2,1,,4,1,,,13781,254304,,,2,10,,,,,,,,,,,,,,,2021-07-19 11:33:56.998000,,,D,แสงทิพย์,E,,,,1,,,H,,C,,,,2000,,,,,,,O,2004-09-15,2021-07-03,,,,,0,,
13781,02,002904994,13781,002904994,47302189,RTCS,ปฏิวัติ ทองเหลือง,1972-08-12,3341900768234,จตุจักร,กทม,19000,1,1,1,,4,1,,,13781,254006,,2542,2,17,,,,,,,,,,,,,,,2021-08-10 09:52:46,,,D,แสงทิพย์,E,,,,1,,,H,,C,,,,2000,,,,,,,O,2004-04-21,2021-08-03,,,,,0,,
13781,02,002693145,13781,002693145,,RTCS,วิทยา พราหมณ์สุวรรณ์,1973-09-12,3550100265880,หลักสี่,กทม.,10210,1,2,1,,4,1,,,13781,253808,13781,254005,2,09,,,,,,,2538,,,,,,,,2019-07-31 16:26:53,,,,แสงทิพย์,U,,,,1,,,H,,C,,,,2000,,,,,,,,2005-09-15,2099-12-31,,,,,0,,
13781,02,002897767,13781,002897767,37935649,RTCS,ระวิวรรณ วิเชียรทอง,1968-09-11,3259900102471,เมือง,นนทบุรี,11000,2,2,1,,,1,,,13781,254501,13781,254906,2,07,,,,,,,,,,,,,,,2023-12-19 12:29:45,,,D,แสงทิพย์,E,,,,1,,,H,,C,,,,2000,,,,,,,O,2004-11-23,2023-12-04,,,,,0,,
13781,02,003470536,13781,003470536,66348801,RTCS,สมพร วิงประวัติ,1953-08-20,3120600881117,เมือง,ปทุมธานี,,2,,1,,4,1,,,13781,254604,13781,254910,2,09,,,,,,,2543,,,,,,,,2013-10-02 19:02:13.999000,,,O,แสงทิพย์,E,,,,2,,,H,,C,,,,2000,,,,,,,O,2005-06-29,2013-10-03,,,,,0,,
13781,02,003157043,13781,003157043,19197196,RTCS,บุญลือ ทองห่อ,1952-04-02,3100600619463,บางกะปิ,กทม.,10240,1,1,1,,4,1,,,13781,254709,,,2,04,,,,,,,254202,,,,,,,,2021-07-19 11:34:12.999000,,,D,แสงทิพยื,E,,,,1,,,H,,C,,,,2000,,,,,,,O,2004-11-12,2021-07-03,,,,,0,,
13781,02,001050667,13781,001050667,11000669,RTCS,ชาติชาย จันทร์หอมหวล,1956-05-26,3100905108667,จตจักร,กทม.,10900,1,1,1,,4,1,,,13781,254711,13781,253806,2,09,,,,,,,2535,,,,,,,,2019-07-31 16:26:53,,,,แสงทิพย์,U,,,,1,,,H,,C,ศธ0579.0,,,2000,,,,,,,O,2005-12-16,2099-12-31,,,,,0,,
13781,02,000692528,13781,000692528,,RTCS,ทองสุข โตพันธานนท์,1953-04-05,3140800296714,ผักไห่,อยธยา,13120,2,1,1,,4,1,,,13781,254704,,,2,04,,,,,,,,,,,,,,,2012-07-02 18:29:16,,,O,แสงทิพย์,E,,,,1,,,H,,C,รอ0027.2,,,2000,,,,,,,O,2006-02-22,2012-07-03,,,,,0,,
13781,02,002466371,13781,002466371,,RTCS,สุพัตรา สันทนานุการ,1952-06-05,3219800080620,ดินแดง,กทม.,10320,2,1,1,,5,1,,,13781,254512,,,2,07,,,,,,,,,,,,,,,2017-06-18 15:14:50,,,C,แสงทิพย์,E,,,,1,,,H,,C,สธ0504.0,,,2000,,,,,,,O,2006-02-16,2017-06-19,,,,,0,,
13781,02,003070529,13781,003070529,23789200,RTCS,ทวี สามมานนท์,1944-01-23,3102003015292,ทวีวัฒนา,กทม.,10170,1,1,1,,5,1,,,13781,254504,,,1,08,,,,,,,2533,2533,,,,,,,2012-08-05 14:34:00,,,D,แสงทิพย์,E,,,,1,,,H,,C,,,,2000,,,,,,,O,2004-10-12,2012-08-06,,,,,0,,
13781,02,003341020,13781,003341020,59803637,RTCS,เทอดศักดิ์ ประสงค์แสนสุข,1963-01-15,3920400492713,เมือง,นนทบุรี,11000,1,1,1,,4,1,,,13781,254507,,,2,09,,,,,,254901,254401,,,,,,,,2019-07-31 16:26:53,,,,แสงทิพย์,U,,,,1,,,H,,C,,,,2000,,,,,,,O,2004-06-28,2099-12-31,,,,,0,,
13781,02,003216642,13781,003216642,75030509,RTCS,ิเชษฐ์ ปรีชารัตน์,1944-04-19,3120200499312,บางกรวย,นนทบุรี,11130,1,1,1,,5,1,,,13781,254207,,,2,09,,,,,,,2535,,,,,,,,2015-09-17 16:48:46,,,D,แสงทิพย์,E,,,,1,,,H,,C,,,,2000,,,,,,,O,2004-11-23,2015-09-18,,,,,0,,
13781,02,002631787,13781,002631787,32120666,RTCS,เพ็ญศรี ดิลกภราดร,1962-07-25,3102002469451,บางพลัด,กทม.,10700,2,2,1,,4,1,,,13781,254405,,,2,04,,,,,,,,,,,,,,,2019-07-31 16:26:53,,,,แสงทิพย์,U,,,,1,,,H,,C,สธ0313/1,,,2000,,,,,,,O,2006-01-04,2099-12-31,,,,,0,,
13781,02,001906312,13781,001906312,,RTCS,นิศากร กาญจนสุระกิจ,1957-11-08,3101202196296,บางเขน,กทม.,10900,2,1,1,,1,1,,,13781,254402,,,2,04,,,,,,,2531,,,,,,,,2019-07-31 16:26:55.998000,,,,แสงทิพย์,U,,,,1,,,H,,C,กค0506(ส,,,2000,,,,,,,O,2006-04-17,2099-12-31,,,,,0,,
13781,02,003418775,13781,003418775,,RTC+,สุปราณี จันทร์ปัญญา,1973-05-28,3410400040540,บางซื่อ,กทม.,10800,2,1,1,,5,3,,,13781,254508,,,2,07,,,,,,,,,,,,,,,2021-11-03 15:51:40,,,D,แสงทิพย์,E,,,,1,,,H,,CS,สผ0005/1,KT,KT,1500,,2,,,,,O,2012-10-15,2018-06-30,,,S,C,500,,
13781,02,003636588,13781,003636588,,RTCS,ธงชัย สุดประเสริฐ,1960-06-12,3120101554731,เมือง,นนทบรี,11000,1,1,1,,5,1,,,13781,254603,,,2,,,,,,,,2536,,,,,,,,2020-10-21 08:50:38.999000,,,,แสงทิพย์,U,,,,1,,,H,,C,วท0401/4,,,2000,,,,,,,O,2020-10-19,2099-12-31,,,,,0,,
13781,02,002767667,13781,002767667,,RTCS,โสภณ พลพันธุ์,1958-08-19,3102000206402,,,,1,,,,,,,,,,,,,,,,,,,,,,,,,,,,2013-08-02 16:39:52,,,D,,E,,,,1,,,H,,C,สธ0812/1,,,2000,,,,,,,O,2006-04-03,2013-08-05,,,,,0,,
13781,02,003845590,13781,003845590,55310793,RTCS,สอื้น ลักษณิยานนท์,1932-01-01,3101900278549,,,,2,,,,,,,,,,,,,,,,,,,,,,,,,,,,2014-10-02 18:06:43.999000,,,O,,E,,,,1,,,H,,C,,,,2000,,,,,,,O,2005-08-16,2014-10-03,,,,,0,,
13781,02,003767297,13781,003767297,,RTCS,อรุณ เลียววสุต,1942-10-18,3100602868096,,,,1,,,,,,,,,,,,,,,,,,,,,,,,,,,,2008-12-03 08:35:25.998000,,,D,,E,,,,,,,H,,C,RJG8HE,,,2000,,,,,,,O,2006-04-25,2008-12-03,,,,,0,,
13781,02,001602485,13781,001602485,54114804,RTCS,ชาญวิศ ระย้า,1949-03-02,3130300335206,,,,1,,,,,,,,,,,,,,,,,,,,,,,,,,,,2009-04-02 19:44:05,,,D,,E,,,,1,,,H,,C,,,,2000,,,,,,,O,2004-02-10,2009-04-03,,,,,0,,
13781,01,002889491,13781,002889491,04119386,RTCS,เดชา สุวรรณรอ,1944-09-13,3100100513682,,,,1,,,,,,,,,,,,,,,,,,,,,,,,,,,,2011-09-02 18:23:24.999000,,,D,,E,,,,1,,,H,,C,,,,2000,,,,,,,O,2005-02-01,2011-09-05,,,,,0,,
13781,01,001718190,13781,001718190,,RTCS,บุญลือ ตรีกมล,1944-01-01,3100502131431,,,,2,,,,,,,,,,,,,,,,,,,,,,,,,,,,2009-04-02 19:44:05,,,D,,E,,,,1,,,H,,C,กห0421/1,,,2000,,,,,,,O,2006-02-16,2009-04-03,,,,,0,,
13781,02,002232434,13781,002232434,79706451,RTCS,ตีม๊ะห์ ใยโพธิ์ทอง,1927-01-01,3101701660681,,,,2,,,,,,,,,,,,,,,,,,,,,,,,,,,,2018-06-21 11:35:02.998000,,,O,,E,,,,1,,,H,,C,,,,2000,,,,,,,O,2010-10-05,2018-06-18,,,,,0,,
13781,,003021730,13781,003021730,84870011,RTCS,ประเทือง ศิรินุช,,3100500437487,,,,2,,,,,,,,,,,,,,,,,,,,,,,,,,,,2018-05-04 15:37:00.999000,,,D,,E,,,,1,,,H,,C,กห050306,HD,HD,1500,,7,,,,,O,2005-12-13,2018-04-27,,,,,0,,
13781,02,003741358,13781,003741358,,RTCS,สุวัฒน์ชัย คูวัฒนวณิช,1957-02-16,3101701134792,,,,1,,,,,,,,,,,,,,,,,,,,,,,,,,,,2018-02-17 16:56:13.998000,,,D,,E,,,,1,,,H,,C,คค0632/1,,,2000,,,,,,,,2006-04-26,2018-02-19,,,,,0,,
13781,,003267450,13781,003267450,59017275,RTCS,อนุชิต คงมีผล,1967-05-07,3849900341446,บางเขน,  กทม.,,1,1,1,,4,1,,,13781,254308,,,2,07,,,,,,,,,,,,,,,2009-09-18 00:00:00,,,O,แสงทิพย์,E,,,,1,,,H,,C*,,,,2000,,,,,,,O,2005-07-01,2007-08-21,,,,,0,,
13781,02,000815157,13781,000815157,,RTCS,ง้วนฮวย แสงเจริญ,1932-01-01,3100200287862,,,,2,,,,,,,,,,,,,,,,,,,,,,,,,,,,2016-07-20 13:21:50,,,D,,E,,,,1,,,H,,C,สธ0319/9,,,2000,,,,,,,O,2006-06-16,2016-07-21,,,,,0,,
13781,,001541250,13781,001541250,,RTCS,สุกัญญา เศรษฐเสถียร,1956-10-14,3610200101128,,,,2,,,,,,,,,,,,,,,,,,,,,,,,,,,,2026-01-21 08:04:19,,,D,,E,,,,1,,,H,,C,ศธ04182.,,,2000,,,,,,,O,2006-06-16,2026-01-19,,,,,0,,
13781,,003218710,13781,003218710,,RTCS,วิภา เลาหวิโรจน์,1930-01-01,3100101023174,,,,2,,,,,,,,,,,,,,,,,,,,,,,,,,,,2010-09-02 18:25:57.998000,,,D,,E,,,,1,,,H,,C,ศธ0519.7,,,2000,,,,,,,O,2006-06-16,2010-09-03,,,,,0,,
13781,,003506124,13781,003506124,,RTCS,วิชาญ อังคณาสุขสกุล,1951-09-19,3102201671277,,,,1,,,,,,,,,,,,,,,,,,,,,,,,,,,,2017-02-17 17:28:50,,,C,,E,,,,1,,,H,,C,กค0709.1,,,2000,,,,,,,O,2006-06-07,2017-02-20,,,,,0,,
13781,,002686793,13781,002686793,,RTCS,อุไร พงษ์เจริญ,1929-09-10,3100601920396,,,,2,,,,,,,,,,,,,,,,,,,,,,,,,,,,2008-10-16 17:43:03.998000,,,D,,E,,,,1,,,H,,C,สธ0911.0,,,2000,,,,,,,O,2006-06-16,2007-09-03,,,,,0,,
13781,02,001245275,13781,001245275,,RTCS,ผาณิต กุลชล,1950-04-18,3100203545552,,,,2,,,,,,,,,,,,,,,,,,,,,,,,,,,,2023-01-04 13:16:37,,,D,,E,,,,1,,,H,,C,อก0501/2,,,2000,,,,,,,,2006-06-08,2023-01-03,,,,,0,,
13781,,002599946,13781,002599946,,RTCS,แจ้ง สำเนียงล้ำ,1936-01-01,3102102143515,,,,1,,,,,,,,,,,,,,,,,,,,,,,,,,,,2011-06-02 17:31:32,,,D,,E,,,,1,,,H,,C,กห0306.7,,,2000,,,,,,,O,2006-06-16,2011-06-03,,,,,0,,
13781,,002607664,13781,002607664,,RTCS,อิทธิเดช สีเหลือง,1955-04-26,3100202251458,,,,1,,,,,,,,,,,,,,,,,,,,,,,,,,,,2019-07-31 16:26:56.998000,,,,,U,,,,1,,,H,,C,ตช0026.1,,,2000,,,,,,,O,2006-06-16,2099-12-31,,,,,0,,
13781,,002829159,13781,002829159,,RTCS,ยัง สุวรรณนิตย์,1920-05-31,3100601119421,,,,1,,,,,,,,,,,,,,,,,,,,,,,,,,,,2009-12-03 07:41:31.998000,,,D,,E,,,,,,,H,,C,VM5E68,,,2000,,,,,,,O,2006-01-25,2009-12-03,,,,,0,,
13781,,003833972,13781,003833972,97340059,RTCS,เสมอ เฮงวัฒนะ,1936-01-01,3101400675191,,,,1,,,,,,,,,,,,,,,,,,,,,,,,,,,,2015-02-17 17:49:14,,,D,,E,,,,2,,,H,,C,,,,2000,,,,,,,O,2005-01-17,2015-02-18,,,,,0,,
13781,02,002534480,13781,002534480,,RTCS,สมจิต ศิลปกร,1943-01-01,3120600845421,,,,2,,,,,,,,,,,,,,,,,,,,,,,,,,,,2016-01-17 11:29:56,,,,,U,,,,1,,,H,,C,พม0303.0,,,2000,,,,,,,O,2006-02-21,2018-02-21,,,,,0,,
13781,02,003876000,13781,003876000,25679645,RTCS,ประพิน พลตรี,1940-10-19,3101000008740,,,,1,,,,,,,,,,,,,,,,,,,,,,,,,,,,2022-09-07 08:29:29.998000,,,D,,E,,,,1,,,H,,C,DPWEIV,,,2000,,,,,,,O,2006-01-05,2022-09-03,,,,,0,,
13781,,003224475,13781,003224475,,RTCS,อำนาจ ชัยสายัณห์,1943-12-07,3100902966328,,,,1,,,,,,,,,,,,,,,,,,,,,,,,,,,,2019-07-31 16:26:56.998000,,,,,U,,,,1,,,H,,C,นร0203/ก,,,2000,,,,,,,O,2006-05-16,2099-12-31,,,,,0,,
13781,,001735930,13781,001735930,02856546,RTCS,ประหยัด ขันธโภคัย,1940-07-05,3101402984760,,,,1,,,,,,,,,,,,,,,,,,,,,,,,,,,,2010-12-02 19:06:36,,,O,,E,,,,1,,,H,,C,,,,2000,,,,,,,O,2004-02-27,2010-12-03,,,,,0,,
13781,,002478448,13781,002478448,54962659,RTCS,สมพล โตรักษา,1928-05-28,3100201528227,,,,1,,,,,,,,,,,,,,,,,,,,,,,,,,,,2009-02-02 18:44:51,,,D,,E,,,,1,,,H,,C,กห0443.1,,,2000,,,,,,,O,2005-12-16,2009-02-03,,,,,0,,
13781,,003565182,13781,003565182,52024656,RTCS,สุนทร คงศิริ,1951-07-18,3100503836790,,,,1,,,,,,,,,,,,,,,,,,,,,,,,,,,,2008-10-16 17:43:03.998000,,,D,,E,,,,1,,,H,,C,,,,2000,,,,,,,O,2004-03-11,2007-09-03,,,,,0,,
13781,,003329783,13781,003329783,14318131,RTCS,พิพัฒน์ พยัตติกุล,1940-10-03,3120101164193,,,,1,,,,,,,,,,,,,,,,,,,,,,,,,,,,2010-09-02 18:25:57.998000,,,D,,E,,,,1,,,H,,C,,,,2000,,,,,,,O,2005-04-01,2010-09-03,,,,,0,,
13781,02,002964567,13781,002964567,71484501,RTCS,สุทธิพงศ์ เย็นทรวง,1947-01-01,3130100015453,,,,1,,,,,,,,,,,,,,,,,,,,,,,,,,,,2019-02-21 09:19:23,,,D,,E,,,,1,,,H,,C,,,,2000,,,,,,,O,2005-10-03,2019-02-18,,,,,0,,
13781,,003483412,13781,003483412,,RTCS,ยูซุบ หรี่แสงเมฆ,1923-07-13,3101501655578,,,,1,,,,,,,,,,,,,,,,,,,,,,,,,,,,2011-12-02 16:37:22,,,D,,E,,,,1,,,H,,C,ยธ0601/0,,,2000,,,,,,,O,2006-03-16,2011-12-06,,,,,0,,
13781,,002937684,13781,002937684,93824901,RTCS,บุญชลอ อุดมพันธ์,1939-03-06,3219900246341,,,,1,,,,,,,,,,,,,,,,,,,,,,,,,,,,2008-10-16 17:43:03.998000,,,D,,E,,,,,,,H,,C,NKCFR7,,,2000,,,,,,,O,2006-01-16,2008-01-03,,,,,0,,
13781,,003020308,13781,003020308,,RTCS,พิสิฏฐ์ รัตนภาณุ,1939-04-02,3120101931721,,,,1,,,,,,,,,,,,,,,,,,,,,,,,,,,,2014-04-17 17:17:00.998000,,,D,,E,,,,,,,H,,C,OV02JB,,,2000,,,,,,,O,2006-03-07,2014-04-18,,,,,0,,
13781,02,003751721,11722,48-9133,,"RTUC,RTCS",วาสนา ไพรรุณ,,3120600832833,,,,2,,,,,,,,,,,,,,,,,,,,,,,,,,,,2015-07-01 14:00:03.998000,,,,,,,,,1,G,,H,,C,HDA7TZMN,HD,HD,1500,,8,,,,,O,2015-07-01,,,,,,0,,
13781,02,003699768,13781,003699768,18034369,RTCS,จำรูญ กลัดอ่ำ,1934-11-30,3101401298501,,,,1,,,,,,,,,,,,,,,,,,,,,,,,,,,,2012-07-17 11:51:36.998000,,,,,U,,,,1,,,H,,C,ศธ0524/3,,,2000,,,,,,,O,2005-11-14,2014-11-14,,,,,0,,
13781,,002491459,13781,002491459,,RTCS,อนันต์ พัฑฒสุนทร,1931-05-08,3720300064215,,,,1,,,,,,,,,,,,,,,,,,,,,,,,,,,,2012-08-17 15:08:48.998000,,,D,,E,,,,1,,,H,,C,VBMRWI,,,2000,,,,,,,O,2006-06-23,2012-08-20,,,,,0,,
13781,,002865755,13781,002865755,66017696,RTCS,จำเริญ โตนาม,1939-01-01,3120300194271,,,,2,,,,,,,,,,,,,,,,,,,,,,,,,,,,2011-06-02 17:31:32,,,D,,E,,,,1,,,H,,C,กห 0404.,,,2000,,,,,,,O,2005-12-01,2011-06-03,,,,,0,,
13781,,003849899,13781,003849899,,RTCS,ทวี อรรถกมล,1956-05-16,3190200500566,,,,2,,,,,,,,,,,,,,,,,,,,,,,,,,,,2014-03-17 13:34:12.998000,,,,,U,,,,1,,,H,,C,ศธ04156.,,,2000,,,,,,,O,2006-04-12,2016-04-12,,,,,0,,
13781,02,001326128,13781,001326128,,RTCS,ภาวดี สารสุข,1951-11-05,3101400104860,,,,2,,,,,,,,,,,,,,,,,,,,,,,,,,,,2018-02-17 16:56:13.998000,,,D,,E,,,,,,,H,,C,O408NG,,,2000,,,,,,,O,2006-05-26,2018-02-19,,,,,0,,
13781,02,003792550,13781,003792550,80962992,RTCS,ทวี จารุพงศ์,1941-06-09,3101400367551,,,,1,,,,,,,,,,,,,,,,,,,,,,,,,,,,2015-07-02 15:34:04,,,D,,E,,,,2,,,H,,C,,,,2000,,,,,,,O,2004-12-09,2015-07-03,,,,,0,,
13781,02,003700513,13781,003700513,,RTCS,บุญเสริม บัวสุวรรณ,1951-09-04,3100500587918,,,,1,,,,,,,,,,,,,,,,,,,,,,,,,,,,2013-04-02 19:39:13,,,D,,E,,,,1,,,H,,C,ยธ0624/1,,,2000,,,,,,,O,2006-05-16,2013-04-03,,,,,0,,
13781,,002870661,13781,002870661,41767131,RTCS,วิภาวรรณ ไชยาคำ,1958-04-20,3100203697191,,,,2,,,,,,,,,,,,,,,,,,,,,,,,,,,,2008-10-16 17:43:04.998000,,,D,,E,,,,1,,,H,,C,,,,2000,,,,,,,O,2005-10-14,2008-03-18,,,,,0,,
13781,,003746988,13781,003746988,31013975,RTCS,เม้ง แซ่ตั้ง,1933-01-01,3149700067967,,,,1,,,,,,,,,,,,,,,,,,,,,,,,,,,,2019-02-21 09:19:29,,,D,,E,,,,1,,,H,,C,,,,2000,,,,,,,O,2007-08-28,2019-02-18,,,,,0,,
13781,,003774624,13781,003774624,52903732,RTCS,ประภานิตย์ สีด้วง,1943-03-16,3130100214863,,,,2,,,,,,,,,,,,,,,,,,,,,,,,,,,,2011-12-02 16:37:22,,,D,,E,,,,1,,,H,,C,,,,2000,,,,,,,O,2005-07-01,2011-12-06,,,,,0,,
13781,,001046121,13781,001046121,08555691,RTCS,เกตุ พุ่มโพธิ์,1932-06-14,3100501941545,,,,2,,,,,,,,,,,,,,,,,,,,,,,,,,,,2008-10-16 17:43:04.998000,,,D,,E,,,,1,,,H,,C,,,,2000,,,,,,,O,2004-03-29,2007-10-03,,,,,0,,
13781,,003376340,13781,003376340,55736555,RTCS,สมชาย อนะมาน,1941-08-28,3469900146051,,,,1,,,,,,,,,,,,,,,,,,,,,,,,,,,,2009-04-02 19:44:05,,,D,,E,,,,,,,H,,C,LXIEEJ,,,2000,,,,,,,O,2005-11-24,2009-04-03,,,,,0,,
13781,02,001790340,13781,001790340,80339671,RTCS,ภานุรัตน์ ไชยปุรณะ,1929-10-18,3609900110951,,,,1,,,,,,,,,,,,,,,,,,,,,,,,,,,,2015-10-02 17:36:42,,,D,,E,,,,,,,H,,C,4CSD3W,,,2000,,,,,,,O,2005-12-07,2015-10-05,,,,,0,,
13781,02,000894810,13781,000894810,33604901,RTCS,ไล ทองเพิ่ม,1928-01-01,3100900118893,,,,2,,,,,,,,,,,,,,,,,,,,,,,,,,,,2016-05-17 15:48:44.998000,,,D,,E,,,,1,,,H,,C,,,,2000,,,,,,,O,2005-04-21,2016-05-18,,,,,0,,
13781,,000262073,13781,000262073,59217748,RTCS,อำไพ สุขุยานนท์,1923-06-10,3100901359363,,,,2,,,,,,,,,,,,,,,,,,,,,,,,,,,,2008-10-16 17:43:04.998000,,,D,,E,,,,1,,,H,,C,ทส0801/3,,,2000,,,,,,,O,2005-11-16,2007-05-18,,,,,0,,
13781,,002485750,13781,002485750,,RTCS,เจริญ นิลฉาย,1934-11-01,3102002366377,,,,2,,,,,,,,,,,,,,,,,,,,,,,,,,,,2010-04-02 16:55:27,,,D,,E,,,,1,,,H,,C,ศธ04156.,,,2000,,,,,,,O,2006-02-01,2010-04-05,,,,,0,,
13781,02,003637019,13781,003637019,,RTCS,นวลฉวี จันเทวี,1939-01-01,3100600055675,,,,2,,,,,,,,,,,,,,,,,,,,,,,,,,,,2022-02-04 09:28:39,,,D,,E,,,,1,,,H,,C,ศย300.00,,,2000,,,,,,,O,2006-04-25,2022-02-03,,,,,0,,
13781,,002318945,13781,002318945,,RTCS,กิตติ จัมปาสุต,1932-07-21,3102001275505,,,,1,,,,,,,,,,,,,,,,,,,,,,,,,,,,2008-10-16 17:43:04.998000,,,D,,E,,,,,,,H,,C,SQOB8F,,,2000,,,,,,,O,2006-05-04,2007-09-03,,,,,0,,
13781,02,003019596,13781,003019596,38235237,RTCS,จันทร์ฉาย วีเกษ,1964-07-13,3521200255186,,,,2,,,,,,,,,,,,,,,,,,,,,,,,,,,,2019-11-26 14:35:30,,,O,,E,,,,1,,,H,,C,ศธ0524.0,,,2000,,,,,,,O,2005-12-01,2019-11-18,,,,,0,,
13781,,002247470,13781,002247470,22986189,RTCS,ประสิทธิ์ ศุทธาวุฒิวงศ์,1944-04-28,3100502970999,,,,1,,,,,,,,,,,,,,,,,,,,,,,,,,,,2022-02-21 08:05:36.998000,,,D,,E,,,,,,,H,,C,F4VKHL,,,2000,,,,,,,O,2005-12-01,2022-02-18,,,,,0,,
13781,,003461803,13781,003461803,,RTCS,มานิช เลิศพิพัฒน์,1954-10-01,3100205492871,,,,1,,,,,,,,,,,,,,,,,,,,,,,,,,,,2010-05-03 12:38:10,,,D,,E,,,,,,,H,,C,XQHGZH,,,2000,,,,,,,O,2006-06-06,2010-05-03,,,,,0,,
13781,,002976138,13781,002976138,,RTCS,ชาญณรงค์ แสงดี,1949-06-07,3100602862691,,,,1,,,,,,,,,,,,,,,,,,,,,,,,,,,,2014-04-02 16:34:09,,,D,,E,,,,,,,H,,C,PTDGF9,,,2000,,,,,,,O,2006-02-06,2014-04-03,,,,,0,,
13781,02,001708177,13781,001708177,10295084,RTCS,ปรีดา สมรรถไท,1935-06-17,3101701839362,,,,2,,,,,,,,,,,,,,,,,,,,,,,,,,,,2013-03-17 15:44:23.998000,,,D,,E,,,,,,,H,,C,WND5X1,,,2000,,,,,,,O,2005-11-11,2013-03-18,,,,,0,,
13781,,003744601,13781,003744601,90894858,RTCS,วรรณภา สุฉันทบุตร,1946-02-11,3102000182074,,,,2,,,,,,,,,,,,,,,,,,,,,,,,,,,,2014-06-17 17:28:01.999000,,,D,,E,,,,1,,,H,,C,,,,2000,,,,,,,O,2004-07-26,2014-06-18,,,,,0,,
13781,,002443846,13781,002443846,77812385,RTCS,อัมพร ทันประเสริฐ,1934-01-05,3929900125041,,,,2,,,,,,,,,,,,,,,,,,,,,,,,,,,,2008-10-16 17:43:04.998000,,,D,,E,,,,1,,,H,,C,นม0027.3,,,2000,,,,,,,O,2006-01-13,2007-09-03,,,,,0,,
13781,,002336245,13781,002336245,,RTCS,ทองฟู เอมแย้ม,1936-01-01,3102101281663,,,,1,,,,,,,,,,,,,,,,,,,,,,,,,,,,2009-10-05 08:27:33,,,D,,E,,,,1,,,H,,C,ศธ0517.0,,,2000,,,,,,,O,2006-05-01,2009-10-05,,,,,0,,
13781,02,003063807,13781,003063807,17357327,RTCS,ระพีพรรณ กะระโสภณ,1975-12-17,3100201689450,,,,2,,,,,,,,,,,,,,,,,,,,,,,,,,,,2019-07-31 16:27:00,,,,,U,,,,1,,,H,,C,,,,2000,,,,,,,O,2004-06-24,2099-12-31,,,,,0,,
13781,,003489206,13781,003489206,,RTCS,เตียวย้ง แซ่เฮ้ง,1916-01-01,3120600298756,,,,1,,,,,,,,,,,,,,,,,,,,,,,,,,,,2008-10-16 17:43:04.998000,,,D,,E,,,,1,,,H,,C,กษ0327/ล,,,2000,,,,,,,O,2006-07-17,2008-03-18,,,,,0,,
13781,,002512754,13781,002512754,,RTCS,กมลพร เพิ่มพูน,1955-06-27,3101100436093,,,,2,,,,,,,,,,,,,,,,,,,,,,,,,,,,2011-07-03 13:33:14.998000,,,O,,E,,,,1,,,H,,C,อส(กค.)0,,,2000,,,,,,,O,2006-07-05,2011-07-04,,,,,0,,
13781,,002765698,13781,002765698,,RTCS,แฉล้ม มีทิศ,1933-06-29,3110100065396,,,,1,,,,,,,,,,,,,,,,,,,,,,,,,,,,2008-10-16 17:43:04.998000,,,D,,E,,,,1,,,H,,C,กห0306.9,,,2000,,,,,,,O,2006-07-05,2007-05-18,,,,,0,,
13781,,003971319,13781,003971319,,RTCS,อัมพร ดีเจริญ,1959-06-26,3100503718835,,,,2,,,,,,,,,,,,,,,,,,,,,,,,,,,,2012-06-04 15:56:08.998000,,,D,,E,,,,1,,,H,,C,ตช0006.1,,,2000,,,,,,,O,2006-07-12,2012-06-05,,,,,0,,
13781,,000804672,13781,000804672,11115549,RTCS,ดวงตา จุริทะโย,1951-07-24,3100501745363,,,,2,,,,,,,,,,,,,,,,,,,,,,,,,,,,2014-06-17 17:28:01.999000,,,D,,E,,,,1,,,H,,C,,,,2000,,,,,,,O,2005-10-03,2014-06-18,,,,,0,,
13781,,003107465,13781,003107465,,RTCS,ประคอง เจษฎาคำ,1938-10-23,3670701031858,,,,1,,,,,,,,,,,,,,,,,,,,,,,,,,,,2011-12-02 16:37:22,,,D,,E,,,,,,,H,,C,PDRXSE,,,2000,,,,,,,O,2006-05-01,2011-12-06,,,,,0,,
13781,,003691667,13781,003691667,24945962,RTCS,อัมพร ฉุนเฉียว,1930-02-22,3120101413339,,,,2,,,,,,,,,,,,,,,,,,,,,,,,,,,,2014-04-17 17:17:00.998000,,,D,,E,,,,1,,,H,,C,กค0712.2,,,2000,,,,,,,O,2005-11-25,2014-04-18,,,,,0,,
13781,02,003413866,13781,003413866,,RTCS,อุดมลักษณ์ ไมยรัตน์,1920-08-09,3329900119080,,,,2,,,,,,,,,,,,,,,,,,,,,,,,,,,,2015-04-02 16:22:13.998000,,,D,,E,,,,1,,,H,,C,ศธ04166.,,,2000,,,,,,,O,2006-04-11,2015-04-03,,,,,0,,
13781,,003021067,13781,003021067,,RTCS,ชดช้อย แก้วสว่าง,1937-01-01,3759800046681,,,,2,,,,,,,,,,,,,,,,,,,,,,,,,,,,2009-11-03 08:41:17,,,D,,E,,,,1,,,H,,C,กห0530/2,,,2000,,,,,,,O,2006-02-01,2009-11-03,,,,,0,,
13781,02,000003609,13781,000003609,,RTCS,อุบล สุขสมบูรณ์,1943-01-01,3120101817375,,,,2,,,,,,,,,,,,,,,,,,,,,,,,,,,,2008-10-16 17:43:04.998000,,,D,,E,,,,1,,,H,,C,ปข.3(002,,,2000,,,,,,,O,2006-05-23,2007-05-18,,,,,0,,
13781,,003967784,13781,003967784,,RTCS,เดชา ชูตรัง,1972-08-24,3929900296041,,,,1,,,,,,,,,,,,,,,,,,,,,,,,,,,,2019-07-31 16:27:00,,,,,U,,,,1,,,H,,C,ตง0829/3,,,2000,,,,,,,O,2006-08-16,2099-12-31,,,,,0,,
13781,,002816306,13781,002816306,,RTCS,จิรายุ สุใต้ทอน,1968-02-22,3320100132075,,,,1,,,,,,,,,,,,,,,,,,,,,,,,,,,,2025-07-18 14:49:29,,,D,,E,,,,1,,,H,,C,กห0532/4,,,2000,,,,,,,O,2006-08-16,2025-07-07,,,,,0,,
13781,,003438126,13781,003438126,,RTCS,ไตรภพ จันทาป,1967-08-30,3169900062616,,,,1,,,,,,,,,,,,,,,,,,,,,,,,,,,,2008-10-16 17:43:04.998000,,,D,,E,,,,1,,,H,,C,พว.0002/,,,2000,,,,,,,O,2006-08-04,2008-05-06,,,,,0,,
13781,,003625473,13781,003625473,,RTCS,อุดม สีเที่ยงธรรม,1935-01-01,3100901442651,,,,2,,,,,,,,,,,,,,,,,,,,,,,,,,,,2008-10-16 17:43:04.998000,,,D,,E,,,,1,,,H,,C,มท0709/4,,,2000,,,,,,,O,2006-08-16,2007-05-18,,,,,0,,
13781,,000620388,13781,000620388,,RTCS,ประกอบ ชื่นชม,1933-09-30,3779800062350,,,,2,,,,,,,,,,,,,,,,,,,,,,,,,,,,2012-11-02 18:36:35,,,D,,E,,,,1,,,H,,C,ศธ 0517.,,,2000,,,,,,,O,2006-08-16,2012-11-05,,,,,0,,
13781,,002366214,13781,002366214,,RTCS,เสมา บุญอุดม,1951-03-02,5120200001221,,,,1,,,,,,,,,,,,,,,,,,,,,,,,,,,,2011-10-02 15:02:43.998000,,,O,,E,,,,1,,,H,,C,กห0526.7,,,2000,,,,,,,O,2006-08-09,2011-10-03,,,,,0,,
13781,,003501635,13781,003501635,,RTCS,วิชัย จิตต์อารี,1941-06-27,3100603377827,,,,1,,,,,,,,,,,,,,,,,,,,,,,,,,,,2008-10-16 17:43:03.998000,,,D,,E,,,,,,,H,,C,TPYM9H,,,2000,,,,,,,O,2006-06-16,2007-05-18,,,,,0,,
13781,,002380127,13781,002380127,,RTCS,รวีวัฒน์ ลิมังกูร,1958-02-05,3100502463698,,,,1,,,,,,,,,,,,,,,,,,,,,,,,,,,,2009-06-03 10:27:23,,,S,,E,,,,1,,,H,,C0,ศธ0524.0,,,2000,,,,,,,O,2006-07-03,2007-02-05,,,,,0,,
13781,,003992169,13781,003992169,,RTCS,อมรา สุขมาก,1948-03-19,3120100459688,,,,2,,,,,,,,,,,,,,,,,,,,,,,,,,,,2023-01-04 13:16:36,,,D,,E,,,,,,,H,,C,VQV65H,,,2000,,,,,,,O,2006-06-14,2023-01-03,,,,,0,,
13781,,002074434,13781,002074434,11271159,RTCS,ก้าน กลิ่นลม้าย,1938-01-01,3750100262471,,,,2,,,,,,,,,,,,,,,,,,,,,,,,,,,,2008-10-16 17:43:04.998000,,,D,,E,,,,1,,,H,,C,,,,2000,,,,,,,O,2004-02-10,2007-05-18,,,,,0,,
13781,02,001601845,13781,001601845,,RTCS,สุบิน สกิดใจ,1936-07-05,3102002552219,,,,1,,,,,,,,,,,,,,,,,,,,,,,,,,,,2010-03-02 19:06:21,,,D,,E,,,,1,,,H,,C,นบ0012/5,,,2000,,,,,,,O,2006-05-16,2010-03-03,,,,,0,,
13781,,002484547,13781,002484547,,RTCS,สุวิทย์ ศิริพงษ์เสถียร,1948-01-12,3311001147431,,,,1,,,,,,,,,,,,,,,,,,,,,,,,,,,,2018-11-22 11:56:00,,,D,,E,,,,1,,,H,,C,ปข0027.2,,,2000,,,,,,,O,2006-08-01,2018-11-03,,,,,0,,
13781,,003281384,13781,003281384,,RTCS,เอกศรี แซ่จอง,1935-01-01,3102101100570,,,,2,,,,,,,,,,,,,,,,,,,,,,,,,,,,2014-06-17 17:28:01.999000,,,D,,E,,,,1,,,H,,C,สร0027.0,,,2000,,,,,,,O,2006-07-18,2014-06-18,,,,,0,,
13781,,003613193,13781,003613193,,RTCS,อรัญญา เทศทอง,1970-05-13,3102300345360,,,,2,,,,,,,,,,,,,,,,,,,,,,,,,,,,2019-12-06 16:53:59.998000,,,D,,E,,,,1,,,H,,C,ตช0016/8,,,2000,,,,,,,O,2006-07-20,2019-12-03,,,,,0,,
13781,,003947343,13781,003947343,,RTCS,สมบูรณ์ ล้วนไสว,1953-01-01,3760700145981,,,,1,,,,,,,,,,,,,,,,,,,,,,,,,,,,2012-11-18 15:02:34,,,O,,E,,,,1,,,H,,C,ศธ0650.0,,,2000,,,,,,,O,2006-07-27,2012-11-19,,,,,0,,
13781,,003890901,13781,003890901,,RTCS,สมชัย กิจเจริญธรรม,1924-01-01,3309900406763,,,,1,,,,,,,,,,,,,,,,,,,,,,,,,,,,2010-11-02 18:34:01.998000,,,D,,E,,,,1,,,H,,C,ศธ0517.1,,,2000,,,,,,,O,2006-08-01,2010-11-03,,,,,0,,
13781,,003929781,13781,003929781,,RTCS,เอกชัย แสนสระดี,1971-01-03,3501300778130,,,,1,,,,,,,,,,,,,,,,,,,,,,,,,,,,2019-07-31 16:27:00,,,,,U,,,,1,,,H,,C,ตช0026.2,,,2000,,,,,,,O,2006-07-31,2099-12-31,,,,,0,,
13781,,003738597,13781,003738597,,RTCS,สมจิตร โชติการ,1935-07-02,3120600463889,,,,2,,,,,,,,,,,,,,,,,,,,,,,,,,,,2020-04-25 12:21:01.998000,,,O,,E,,,,1,,,H,,C,กห0203/3,,,2000,,,,,,,O,2006-05-18,2020-04-18,,,,,0,,
13781,,003941440,13781,003941440,,RTCS,ปัญญา จันทร์เทียน,1943-06-03,3200900323887,,,,1,,,,,,,,,,,,,,,,,,,,,,,,,,,,2008-10-16 17:43:04.998000,,,,,E,,,,1,,,H,,C,กห0515/2,,,2000,,,,,,,O,2006-08-22,2006-12-31,,,,,0,,
13781,,003354050,13781,003354050,,RTCS,เรียม พรรัตนพันธุ์,1941-03-04,3100501997842,,,,2,,,,,,,,,,,,,,,,,,,,,,,,,,,,2008-10-16 17:43:04.998000,,,D,,E,,,,1,,,H,,C,กค0709/1,,,2000,,,,,,,O,2006-08-28,2007-12-03,,,,,0,,
13781,,003985889,13781,003985889,,RTCS,ชาตรี ชายลม,1971-02-07,3160600089022,,,,1,,,,,,,,,,,,,,,,,,,,,,,,,,,,2019-07-31 16:27:01,,,,,U,,,,1,,,H,,C,กห0490.3,,,2000,,,,,,,,2006-08-30,2099-12-31,,,,,0,,
13781,,003730190,13781,003730190,,RTCS,พีรภาส มีพราย,1958-04-01,3760100105210,,,,1,,,,,,,,,,,,,,,,,,,,,,,,,,,,2011-06-02 17:31:32,,,O,,E,,,,1,,,H,,C,พบ0004/2,,,2000,,,,,,,O,2006-08-30,2011-06-03,,,,,0,,
13781,,002329430,13781,002329430,,RTCS,พูลศรี ดอกแก้ว,1931-01-01,3102000970323,,,,2,,,,,,,,,,,,,,,,,,,,,,,,,,,,2021-10-19 09:49:16,,,D,,E,,,,1,,,H,,C,ศธ0518.0,,,2000,,,,,,,O,2006-09-01,2021-10-18,,,,,0,,
13781,,003264467,13781,003264467,,RTCS,กันต์กมล แก้วคุ้ม,1978-09-27,3101701185940,,,,2,,,,,,,,,,,,,,,,,,,,,,,,,,,,2008-10-16 17:43:04.998000,,,D,,E,,,,1,,,H,,C,กห0512.1,,,2000,,,,,,,O,2006-08-31,2007-11-05,,,,,0,,
13781,,002779541,13781,002779541,,RTCS,สมเกียรติ งามธุระ,1955-05-06,3600500210755,,,,1,,,,,,,,,,,,,,,,,,,,,,,,,,,,2019-07-31 16:27:01,,,,,U,,,,1,,,H,,C,กห0483..,,,2000,,,,,,,O,2006-09-07,2099-12-31,,,,,0,,
13781,,002268322,13781,002268322,,RTCS,อินทิรา ดาศรี,1964-04-14,3320900066310,,,,2,,,,,,,,,,,,,,,,,,,,,,,,,,,,2019-07-31 16:27:01,,,,,U,,,,1,,,H,,C,ศธ04168.,,,2000,,,,,,,O,2006-09-07,2099-12-31,,,,,0,,
13781,,003506377,13781,003506377,,RTCS,โหง เซี่ยงวุ้น,1935-10-24,3100700413832,,,,2,,,,,,,,,,,,,,,,,,,,,,,,,,,,2008-10-16 17:43:04.998000,,,D,,E,,,,1,,,H,,C,กต0204/1,,,2000,,,,,,,O,2006-09-08,2007-12-03,,,,,0,,
13781,,003528207,13781,003528207,,RTCS,รัตนาภรณ์ หมื่นไกรทอง,1955-04-29,3100603320388,,,,2,,,,,,,,,,,,,,,,,,,,,,,,,,,,2021-07-19 11:34:02,,,D,,E,,,,1,,,H,,C,พช(บค)00,,,2000,,,,,,,O,2006-09-08,2021-07-18,,,,,0,,
13781,02,002613176,13781,002613176,,RTCS,สุดาพร ฑีฆวาณิช,1953-03-15,3100905753724,บางกะปิ,กทม.,10240,2,1,1,,5,1,,,13781,254909,,,2,09,,,,,,,2537,,,,,,,,2019-07-31 16:27:01,,,,แสงทิพย์,U,,,,1,,,H,,C,อก0303/9,,,2000,,,,,,,O,2006-09-13,2099-12-31,,,,,0,,
13781,,003380557,13781,003380557,,RTCS,ธัญญรัตน์ ฟองจันทร์,,3540600430065,,,,2,,,,,,,,,,,,,,,,,,,,,,,,,,,,2019-03-18 13:50:24.998000,,,D,,E,,,,1,,,H,,C,กษ0313.1,HD,HD,1500,,8,,,,,O,2008-02-19,2019-03-18,,,,,0,,
13781,,003494956,13781,003494956,,RTCS,สามารถ นราธิกรณ์ฤทธิ์,1939-06-01,3100503766392,,,,1,,,,,,,,,,,,,,,,,,,,,,,,,,,,2010-12-02 19:06:36,,,D,,E,,,,1,,,H,,C,สบ 0027.,,,2000,,,,,,,O,2006-09-15,2010-12-03,,,,,0,,
13781,02,003728216,13781,003728216,,RTCS,เชี่ยวชาญ บุญล้น,1939-05-01,3120101227004,,,,1,,,,,,,,,,,,,,,,,,,,,,,,,,,,2014-06-17 17:28:01.999000,,,D,,E,,,,1,,,H,,C,นบ0027.3,,,2000,,,,,,,O,2006-03-16,2014-06-18,,,,,0,,
13781,,002446695,13781,002446695,,RTCS,สาวิตรี โกมลสิงห์,1955-01-05,3120200464535,,,,2,,,,,,,,,,,,,,,,,,,,,,,,,,,,2010-01-18 16:01:31,,,O,,E,,,,1,,,H,,C,กษ0327/ล,,,2000,,,,,,,O,2006-04-17,2010-01-18,,,,,0,,
13781,02,002757948,13781,002757948,,RTCS,ทัศพร ทิมมาศ,1936-09-01,3100601555469,,,,2,,,,,,,,,,,,,,,,,,,,,,,,,,,,2016-10-03 14:11:17.998000,,,D,,E,,,,1,,,H,,C,กห0308/1,,,2000,,,,,,,O,2006-06-28,2016-10-03,,,,,0,,
13781,,003732432,13781,003732432,,RTCS,เกษมศักดิ์ สุมาลัย,1959-01-27,3100500850546,,,,1,,,,,,,,,,,,,,,,,,,,,,,,,,,,2016-06-17 17:15:15.998000,,,D,,E,,,,,,,H,,C,L3BGST,,,2000,,,,,,,O,2009-07-04,2016-06-20,,,,,0,,
13781,,003863075,13781,003863075,,RTCS,สุเทพ  หลำรอด,1946-03-28,3401200181299,,,,1,,,,,,,,,,,,,,,,,,,,,,,,,,,,2021-11-22 08:42:11.998000,,,D,,E,,,,1,,,H,,C,ตช.0016.,,,2000,,,,,,,O,2006-09-06,2021-11-18,,,,,0,,
13781,02,002870902,13781,002870902,,RTCS,สงกา ผิวอุ่น,1941-01-01,3620400216379,,,,2,,,,,,,,,,,,,,,,,,,,,,,,,,,,2013-07-02 14:37:35,,,D,,E,,,,1,,,H,,C,กห0481.6,,,2000,,,,,,,O,2006-04-20,2013-07-03,,,,,0,,
13781,,002595114,13781,002595114,,RTCS,ทวี สุวิมลธีระบุตร,1939-01-01,3100800424496,,,,1,,,,,,,,,,,,,,,,,,,,,,,,,,,,2008-10-16 17:43:04.998000,,,D,,E,,,,,,,H,,C,G6M6FT,,,2000,,,,,,,O,2006-09-26,2008-02-04,,,,,0,,
13781,,003965243,13781,003965243,,RTCS,เจียง บุญธรรม,1951-09-10,3601200008196,,,,1,,,,,,,,,,,,,,,,,,,,,,,,,,,,2009-11-03 08:41:17,,,D,,E,,,,1,,,H,,C,ศธ040750,,,2000,,,,,,,O,2006-09-28,2009-11-03,,,,,0,,
13781,,003601736,13781,003601736,,RTCS,กาญจนา เทียนแก้ว,1961-07-29,3102001985251,,,,2,,,,,,,,,,,,,,,,,,,,,,,,,,,,2009-01-21 16:51:53.998000,,,D,,E,,,,1,,,H,,C,กค.0703/,,,2000,,,,,,,O,2006-05-31,2009-01-05,,,,,0,,
13781,,000940795,13781,000940795,,RTCS,สุทธิลาภ ผ่องสุภา,1960-03-10,3120100142641,,,,1,,,,,,,,,,,,,,,,,,,,,,,,,,,,2008-10-16 17:43:03.998000,,,,,E,,,,1,,,H,,C,คค0302/1,,,2000,,,,,,,O,2006-05-31,2006-12-31,,,,,0,,
13781,,000698457,13781,000698457,14775261,RTCS,ชม้อย สุขเกษม,1925-01-01,3100501942711,,,,2,,,,,,,,,,,,,,,,,,,,,,,,,,,,2008-10-16 17:43:03.998000,,,,,E,,,,1,,,H,,C,ศธ04014/,,,2000,,,,,,,O,2005-11-14,2006-12-31,,,,,0,,
13781,,003271209,13781,003271209,16177585,RTCS,วิจิตร บุญวิไล,1935-01-01,3102002634665,,,,2,,,,,,,,,,,,,,,,,,,,,,,,,,,,2013-08-02 16:39:52,,,D,,E,,,,1,,,H,,C,,,,2000,,,,,,,O,2004-02-06,2013-08-05,,,,,0,,
13781,,003719670,13781,003719670,,RTCS,ชุติมา ธรรมานุสาร,1957-01-04,3600100270246,,,,2,,,,,,,,,,,,,,,,,,,,,,,,,,,,2017-11-18 12:15:05.998000,,,C,,E,,,,1,,,H,,C,ทส0501/1,,,2000,,,,,,,O,2006-06-08,2017-11-20,,,,,0,,
13781,02,001634847,13781,001634847,,RTCS,ฮุ้น แซ่อึ๊ง,1936-01-01,3100901601415,,,,2,,,,,,,,,,,,,,,,,,,,,,,,,,,,2011-10-02 15:02:43.998000,,,D,,E,,,,1,,,H,,C,กค0502/4,,,2000,,,,,,,O,2006-06-21,2011-10-03,,,,,0,,
13781,02,000983027,13781,000983027,,RTCS,นิตยา นิตยศักดิ์,1931-01-01,3100901891979,,,,2,,,,,,,,,,,,,,,,,,,,,,,,,,,,2015-02-02 18:23:27,,,D,,E,,,,1,,,H,,C,ศธ0567/1,,,2000,,,,,,,O,2006-06-21,2015-02-03,,,,,0,,
13781,02,002787231,13781,002787231,,RTCS,สุรพร โกรธา,1960-09-07,3101400950752,,,,1,,,,,,,,,,,,,,,,,,,,,,,,,,,,2019-07-31 16:26:57.999000,,,,,U,,,,1,G,1,H,,C,นม0019.1,,,2000,,,,,,,O,2006-06-22,2099-12-31,,,,,0,,
13781,,003449947,13781,003449947,,RTCS,ถาวร เนตรอนงค์,1942-01-01,3100503286056,,,,2,,,,,,,,,,,,,,,,,,,,,,,,,,,,2010-01-03 16:47:38,,,D,,E,,,,1,,,H,,C,กห0613.4,,,2000,,,,,,,O,2006-06-22,2010-01-04,,,,,0,,
13781,,003332051,13781,003332051,,RTCS,เจริญ ปิยะตานนท์,1948-03-27,3249900053276,,,,1,,,,,,,,,,,,,,,,,,,,,,,,,,,,2026-01-21 08:04:21,,,D,,E,,,,1,,,H,,C,กห0610.3,,,2000,,,,,,,O,2006-06-22,2026-01-19,,,,,0,,
13781,,003475548,13781,003475548,,RTCS,สมมุติ บุญสง่า,1925-02-13,3679900223411,,,,1,,,,,,,,,,,,,,,,,,,,,,,,,,,,2008-10-16 17:43:04.998000,,,D,,E,,,,1,,,H,,C,นร0203/ก,,,2000,,,,,,,O,2006-06-22,2008-02-04,,,,,0,,
13781,02,003218862,13781,003218862,,RTCS,กิม แก้วดี,1928-01-01,3700100250902,,,,2,,,,,,,,,,,,,,,,,,,,,,,,,,,,2013-06-02 14:15:17.999000,,,D,,E,,,,1,,,H,,C,ศธ0522.0,,,2000,,,,,,,O,2006-06-23,2013-06-03,,,,,0,,
13781,,003847424,13781,003847424,,RTCS,เพียร ศุขผล,1935-01-01,3102100113198,,,,2,,,,,,,,,,,,,,,,,,,,,,,,,,,,2020-01-07 11:33:02.998000,,,D,,E,,,,1,,,H,,C,กห0617.1,,,2000,,,,,,,O,2010-10-05,2020-01-03,,,,,0,,
13781,02,003625893,13781,003625893,,RTCS,ภูวภพ เลิศไกร,1968-01-12,4120100019643,,,,1,,,,,,,,,,,,,,,,,,,,,,,,,,,,2019-11-04 11:30:32,,,O,,E,,,,1,,,H,,C,มท0717/4,,,2000,,,,,,,O,2006-06-26,2019-11-03,,,,,0,,
13781,,003334865,13781,003334865,,RTCS,จินตนา อิ่มเกษร,1947-12-26,3100503105531,,,,2,,,,,,,,,,,,,,,,,,,,,,,,,,,,2019-07-31 16:26:59,,,,,U,,,,1,,,H,,C,สก0027.2,,,2000,,,,,,,O,2006-06-26,2099-12-31,,,,,0,,
13781,,003548798,13781,003548798,,RTCS,ทองย้อย สืบอ่ำ,1939-01-01,3102200907111,,,,2,,,,,,,,,,,,,,,,,,,,,,,,,,,,2008-10-16 17:43:04.998000,,,D,,E,,,,1,,,H,,C,คค0203/ร,,,2000,,,,,,,O,2006-06-26,2008-01-03,,,,,0,,
13781,,003827200,13781,003827200,,RTCS,สายัณห์ สุกยัง,1964-05-19,3110102516212,,,,2,,,,,,,,,,,,,,,,,,,,,,,,,,,,2019-05-24 13:14:25,,,D,,E,,,,1,,,H,,C,d0.0929.,,,2000,,,,,,,O,2006-06-28,2019-05-18,,,,,0,,
13781,,003977986,13781,003977986,,RTCS,มานะ สุทธิฤทธ์,1937-03-17,3100500653457,,,,1,,,,,,,,,,,,,,,,,,,,,,,,,,,,2008-10-16 17:43:04.998000,,,D,,E,,,,1,,,H,,C,ศธ0579.0,,,2000,,,,,,,O,2006-06-28,2007-05-18,,,,,0,,
13781,02,002135822,13781,002135822,,RTCS,วิลาวัณย์ ยศมนตรี,1958-06-27,3740200290906,,,,2,,,,,,,,,,,,,,,,,,,,,,,,,,,,2019-07-31 16:26:59,,,,,U,,,,1,,,H,,C,คค0302/2,,,2000,,,,,,,O,2006-06-30,2099-12-31,,,,,0,,
13781,,000929944,13781,000929944,40832086,RTCS,เพยาว์ จิตตวิสุทธิกุล,1937-09-13,3730101609581,,,,2,,,,,,,,,,,,,,,,,,,,,,,,,,,,2017-11-18 12:15:05.998000,,,C,,E,,,,1,,,H,,C,,,,2000,,,,,,,O,2004-05-19,2017-11-20,,,,,0,,
13781,,003663861,13781,003663861,,RTCS,กวงเฮี๊ยง แซ่ฉั่ว,1923-01-01,3100700223651,,,,1,,,,,,,,,,,,,,,,,,,,,,,,,,,,2012-06-04 15:56:08.998000,,,D,,E,,,,1,,,H,,C,ศธ04002/,,,2000,,,,,,,O,2006-09-29,2012-06-05,,,,,0,,
13781,,003942392,13781,003942392,,RTCS,อนงค์ กำแพงเศรษฐ,1925-12-20,3100501930471,,,,2,,,,,,,,,,,,,,,,,,,,,,,,,,,,2009-06-03 10:27:23,,,D,,E,,,,1,,,H,,C,ศธ0537/0,,,2000,,,,,,,O,2006-07-03,2008-08-04,,,,,0,,
13781,,003733918,13781,003733918,,RTCS,สวัสดิ์ ทองเจริญ,1925-01-01,3119800018127,,,,1,,,,,,,,,,,,,,,,,,,,,,,,,,,,2015-02-02 18:23:27,,,D,,E,,,,1,,,H,,C,ศธ04149.,,,2000,,,,,,,O,2006-07-03,2015-02-03,,,,,0,,
13781,,001890007,13781,001890007,,RTCS,กอบกุล โอวาสิทธิ์,1937-02-28,3101400939643,,,,2,,,,,,,,,,,,,,,,,,,,,,,,,,,,2008-10-16 17:43:03.998000,,,D,,E,,,,1,,,H,,C,กค0502/2,,,2000,,,,,,,O,2006-07-03,2008-03-18,,,,,0,,
13781,,000647605,13781,000647605,,RTCS,ทองหล่อ พรหมยิ้ม,1928-01-01,3110400806171,,,,2,,,,,,,,,,,,,,,,,,,,,,,,,,,,2009-11-03 08:41:17,,,D,,E,,,,1,,,H,,C,พม0201/7,,,2000,,,,,,,O,2006-07-03,2009-11-03,,,,,0,,
13781,,003975978,13781,003975978,,RTCS,สมพร  เพ็ชรัตน์,1944-05-27,3669800009590,,,,1,,,,,,,,,,,,,,,,,,,,,,,,,,,,2008-10-16 17:43:03.998000,,,Y,,E,,,,1,,,H,,C,กห0522/6,,,2000,,,,,,,O,2006-07-03,2008-07-03,,,,,0,,
13781,,002820139,13781,002820139,,RTCS,มณีรัตน์ แซ่เจ็ง,1932-08-22,3102201548386,,,,2,,,,,,,,,,,,,,,,,,,,,,,,,,,,2008-10-16 17:43:03.998000,,,D,,E,,,,1,,,H,,C,คค0403/9,,,2000,,,,,,,O,2006-07-03,2007-12-18,,,,,0,,
13781,,000005844,13781,000005844,,RTCS,เอี่ยมเอ็ง ศรีวัฒนวรชัย,1929-04-01,3240400079308,,,,2,,,,,,,,,,,,,,,,,,,,,,,,,,,,2008-10-16 17:43:03.998000,,,D,,E,,,,1,,,H,,C,ศธ0661.0,,,2000,,,,,,,O,2006-07-03,2008-10-03,,,,,0,,
13781,,003686639,13781,003686639,,RTCS,บุญสม แตงยิ้ม,1948-01-17,3760100121665,,,,2,,,,,,,,,,,,,,,,,,,,,,,,,,,,2021-07-19 11:34:07,,,D,,E,,,,1,,,H,,C,พบ0027.2,,,2000,,,,,,,O,2006-07-03,2021-07-18,,,,,0,,
13781,,003545561,13781,003545561,,RTCS,ชุบ จันทร์สุหร่าย,1933-06-02,3100903175871,,,,2,,,,,,,,,,,,,,,,,,,,,,,,,,,,2011-02-02 18:32:25.998000,,,D,,E,,,,1,,,H,,C,มท0602/3,,,2000,,,,,,,O,2006-07-03,2011-02-03,,,,,0,,
13781,,003569790,13781,003569790,,RTCS,ประเสริฐ วีระโสภณ,1925-01-16,3101401414382,,,,1,,,,,,,,,,,,,,,,,,,,,,,,,,,,2009-05-17 17:29:20.998000,,,D,,E,,,,,,,H,,C,NWLPJH,,,2000,,,,,,,O,2006-06-21,2009-05-04,,,,,0,,
13781,,002872783,13781,002872783,,RTCS,คิมส่วง แซ่เบ๊,1930-01-01,3110300515646,,,,1,,,,,,,,,,,,,,,,,,,,,,,,,,,,2009-02-02 18:44:51,,,D,,E,,,,1,,,H,,C,ศธ04144.,,,2000,,,,,,,O,2006-07-03,2009-02-03,,,,,0,,
13781,,003222878,13781,003222878,,RTCS,ดำเกิง เกลื่อนเมฆ,1947-03-15,3101100262290,,,,1,,,,,,,,,,,,,,,,,,,,,,,,,,,,2008-10-16 17:43:04.998000,,,D,,E,,,,1,,,H,,C,อก0514/2,,,2000,,,,,,,O,2006-07-03,2007-05-03,,,,,0,,
13781,,001280416,13781,001280416,,RTCS,วิรุณ พณนันท์,1932-04-01,3100200421739,,,,1,,,,,,,,,,,,,,,,,,,,,,,,,,,,2008-10-16 17:43:04.998000,,,D,,E,,,,1,,,H,,C,ศธ0606/1,,,2000,,,,,,,O,2006-07-03,2008-05-06,,,,,0,,
13781,,000014581,13781,000014581,,RTCS,สุนิสา วงษ์ล้วนงาม,1943-01-01,3100201335445,,,,2,,,,,,,,,,,,,,,,,,,,,,,,,,,,2009-09-03 09:18:37,,,D,,E,,,,1,,,H,,C,ทส0305/5,,,2000,,,,,,,O,2006-07-03,2009-09-03,,,,,0,,
13781,,003975995,13781,003975995,,RTCS,ปุ๊ แต่แดงเพชร,1929-01-01,3710900433343,,,,2,,,,,,,,,,,,,,,,,,,,,,,,,,,,2008-10-16 17:43:04.998000,,,D,,E,,,,1,,,H,,C,กห0317/8,,,2000,,,,,,,O,2006-07-03,2007-05-18,,,,,0,,
13781,,000887451,13781,000887451,,RTCS,ปรารมภ์ ทัตตานนท์,1926-04-01,5102000007708,,,,2,,,,,,,,,,,,,,,,,,,,,,,,,,,,2015-08-17 17:28:42,,,O,,E,,,,1,,,H,,C,SJ113I,,,2000,,,,,,,O,2008-08-05,2015-08-18,,,,,0,,
13781,,003944775,13781,003944775,,RTCS,จินดารัตน์ รักษานนท์,1957-04-29,3249900363143,,,,2,,,,,,,,,,,,,,,,,,,,,,,,,,,,2019-07-31 16:26:59,,,,,U,,,,1,,,H,,C,ศธ04032.,,,2000,,,,,,,O,2006-07-03,2099-12-31,,,,,0,,
13781,02,003754193,13781,003754193,,RTCS,ระเบียบ คลังนาค,1946-01-09,3110300233519,,,,2,,,,,,,,,,,,,,,,,,,,,,,,,,,,2014-03-03 14:08:39,,,D,,E,,,,,,,H,,C,VNAKKC,,,2000,,,,,,,O,2006-04-04,2014-03-03,,,,,0,,
13781,,003861381,13781,003861381,91778719,RTCS,กุลินไรวินท์ นภาเพ็ชร์,2005-10-06,3140100104278,,,,2,,,,,,,,,,,,,,,,,,,,,,,,,,,,2011-08-17 17:35:19.999000,,,O,,E,,,,1,,,H,,C,0016.13/,,,2000,,,,,,,O,2006-01-04,2011-08-18,,,,,0,,
13781,02,002710259,13781,002710259,52146951,RTCS,สมพงษ์ สอนวงศ์แก้ว,1950-03-05,3102400610901,,,,1,,,,,,,,,,,,,,,,,,,,,,,,,,,,2010-02-02 18:23:34,,,D,,E,,,,1,,,H,,C,นร0701/2,,,2000,,,,,,,O,2006-01-12,2010-02-03,,,,,0,,
13781,,003588138,13781,003588138,,RTCS,ไพบูลย์ ประเสริฐศรี,1946-02-27,3141200398355,,,,2,,,,,,,,,,,,,,,,,,,,,,,,,,,,2009-05-17 17:29:20.998000,,,D,,E,,,,,,,H,,C,ZJHYED,,,2000,,,,,,,O,2006-04-07,2009-05-04,,,,,0,,
13781,,003620595,13781,003620595,57188511,RTCS,สวัสดิ์ ละครวงษ์,1936-01-31,3350100395602,,,,1,,,,,,,,,,,,,,,,,,,,,,,,,,,,2010-11-02 18:34:01.998000,,,D,,E,,,,1,,,H,,C,,,,2000,,,,,,,O,2005-08-16,2010-11-03,,,,,0,,
13781,02,003140461,13781,003140461,,RTCS,สุทิน ปุลิเวคินทร์,1929-01-01,3100100270224,,,,1,,,,,,,,,,,,,,,,,,,,,,,,,,,,2010-09-02 18:25:57.998000,,,D,,E,,,,1,,,H,,C,สธ0903.0,,,2000,,,,,,,O,2006-03-16,2010-09-03,,,,,0,,
13781,,002289852,13781,002289852,,RTCS,ธีระ เดชาพิทักษ์,1944-01-01,3100200641488,,,,1,,,,,,,,,,,,,,,,,,,,,,,,,,,,2008-10-16 17:43:05.998000,,,D,,E,,,,,,,H,,C,U8APVG,,,2000,,,,,,,O,2006-05-25,2008-03-18,,,,,0,,
13781,,000900837,13781,000900837,,RTCS,พรรณี วรามิตร,1941-04-11,3100501949406,,,,2,,,,,,,,,,,,,,,,,,,,,,,,,,,,2012-02-02 17:58:07,,,D,,E,,,,,,,H,,C,P37RBC,,,2000,,,,,,,O,2006-04-04,2012-02-03,,,,,0,,
13781,,002916885,13781,002916885,24449349,RTCS,วิเชียร ครุธพันธ์,1949-09-01,3100203460883,,,,1,,,,,,,,,,,,,,,,,,,,,,,,,,,,2011-08-02 18:04:04,,,D,,E,,,,1,,,H,,C,,,,2000,,,,,,,O,2005-08-16,2011-08-03,,,,,0,,
13781,,003739284,13781,003739284,,RTCS,เมตตา สุนทรพินิจกิจ,1943-01-01,3101201506631,,,,2,,,,,,,,,,,,,,,,,,,,,,,,,,,,2009-06-03 10:27:22,,,D,,E,,,,1,,,H,,C,อส(สฏ)00,,,2000,,,,,,,O,2006-03-01,2008-08-04,,,,,0,,
13781,02,001236356,13781,001236356,,RTCS,จุรีย์ สายสมัยโชติน์,1929-01-01,3130300108404,,,,2,,,,,,,,,,,,,,,,,,,,,,,,,,,,2009-06-02 19:38:45,,,D,,E,,,,1,,,H,,C,กค0712.บ,,,2000,,,,,,,O,2006-02-16,2009-06-03,,,,,0,,
13781,,000214612,13781,000214612,98000778,RTCS,ทวีป แสงสว่าง,1929-11-10,5160100023461,,,,2,,,,,,,,,,,,,,,,,,,,,,,,,,,,2008-10-16 17:43:04.998000,,,D,,E,,,,1,,,H,,C,กห0443.1,,,2000,,,,,,,O,2006-01-04,2007-09-03,,,,,0,,
13781,02,002652993,13781,002652993,21322994,RTCS,จรูญ ยิ่งดำนุ่น,1957-12-24,3101202431490,,,,1,,,,,,,,,,,,,,,,,,,,,,,,,,,,2009-08-02 17:01:48.999000,,,D,,E,,,,1,,,H,,C,,,,2000,,,,,,,O,2005-05-02,2009-08-03,,,,,0,,
13781,,001948328,13781,001948328,,RTCS,ปราณี บุนนาค,1926-11-19,3100600653025,,,,2,,,,,,,,,,,,,,,,,,,,,,,,,,,,2018-04-17 19:02:34.998000,,,I,,E,,,,1,,,H,,C,กษ0901/1,,,2000,,,,,,,O,2008-12-19,2018-04-18,,,,,0,,
13781,,003609240,13781,003609240,,RTCS,ปรีชา สุขศิริ,1941-01-14,5120100040870,,,,1,,,,,,,,,,,,,,,,,,,,,,,,,,,,2013-09-17 16:37:33.998000,,,D,,E,,,,,,,H,,C,RTI0T8,,,2000,,,,,,,O,2006-01-18,2013-09-18,,,,,0,,
13781,,002277396,13781,002277396,,RTCS,สอิ้ง เพ็ชรสันเทียะ,1931-12-03,3100502950220,,,,2,,,,,,,,,,,,,,,,,,,,,,,,,,,,2008-11-02 14:19:57.998000,,,D,,E,,,,,,,H,,C,L4FJI0,,,2000,,,,,,,O,2006-11-13,2008-11-03,,,,,0,,
13781,,001902151,13781,001902151,,RTCS,เริน ศรีวะรมย์,1934-04-15,3350200138563,,,,2,,,,,,,,,,,,,,,,,,,,,,,,,,,,2012-07-02 18:29:16,,,D,,E,,,,,,,H,,C,HUKP11,,,2000,,,,,,,O,2006-11-21,2012-07-03,,,,,0,,
13781,,002801981,13781,002801981,20584678,RTCS,เพิ่ม แดงระกำ,1949-01-01,3730300127349,,,,2,,,,,,,,,,,,,,,,,,,,,,,,,,,,2020-05-28 14:01:13,,,D,,E,,,,1,,,H,,C,กห0443.2,,,2000,,,,,,,O,2005-12-01,2020-05-18,,,,,0,,
13781,,003870571,13781,003870571,,RTCS,ยุพา สุขุมาลวงศ์,1924-10-10,3100602292186,,,,2,,,,,,,,,,,,,,,,,,,,,,,,,,,,2011-07-03 13:33:14.998000,,,D,,E,,,,1,,,H,,C,ศธ04023.,,,2000,,,,,,,O,2006-06-01,2011-07-04,,,,,0,,
13781,,001936126,13781,001936126,12005131,RTCS,บังอร ดวงเดช,1948-06-09,3320700411081,,,,2,,,,,,,,,,,,,,,,,,,,,,,,,,,,2010-06-02 17:10:03,,,D,,E,,,,1,,,H,,C,,,,2000,,,,,,,O,2004-08-03,2010-06-03,,,,,0,,
13781,,000823310,13781,000823310,,RTCS,บุญเรือน ศิริ,1960-01-22,3100202213254,,,,2,,,,,,,,,,,,,,,,,,,,,,,,,,,,2012-01-03 15:08:19.999000,,,D,,E,,,,,,,H,,C,H2TPQJ,,,2000,,,,,,,O,2007-02-20,2012-01-04,,,,,0,,
13781,02,003583880,13781,003583880,,RTCS,พวงพันธ์ พันธุ์ดี,1932-01-01,3100501043709,,,,1,,,,,,,,,,,,,,,,,,,,,,,,,,,,2015-10-16 17:31:04.998000,,,D,,E,,,,,,,H,,C,YP36MG,,,2000,,,,,,,O,2006-05-24,2015-10-19,,,,,0,,
13781,,002572292,13781,002572292,,RTCS,อัครวินท์ วิเวกวรรณ์,1955-08-14,3120200064430,,,,1,,,,,,,,,,,,,,,,,,,,,,,,,,,,2010-07-04 12:42:23,,,O,,E,,,,1,,,H,,C,กห0462.1,,,2000,,,,,,,O,2006-04-17,2010-07-05,,,,,0,,
13781,,002764131,13781,002764131,,RTCS,บุญปลูก ไทยวิชัย,1934-11-23,3100203006040,,,,2,,,,,,,,,,,,,,,,,,,,,,,,,,,,2008-10-16 17:43:05.998000,,,D,,E,,,,1,,,H,,C,พว.0002/,,,2000,,,,,,,O,2006-07-03,2007-05-18,,,,,0,,
13781,,002880438,13781,002880438,,RTCS,ปรานอม พงศ์กิจเดชวัฒนา,1945-02-11,3200101320607,,,,2,,,,,,,,,,,,,,,,,,,,,,,,,,,,2008-12-03 08:35:25.998000,,,D,,E,,,,,,,H,,C,PTTJ7M,,,2000,,,,,,,O,2006-08-23,2008-12-03,,,,,0,,
13781,,002767857,13781,002767857,,RTCS,ศิริ พุ่มพฤกษ์,1917-01-01,3100602423957,,,,2,,,,,,,,,,,,,,,,,,,,,,,,,,,,2010-10-03 17:35:37,,,D,,E,,,,1,,,H,,C,ศธ04002/,,,2000,,,,,,,O,2006-07-03,2010-10-04,,,,,0,,
13781,,003974170,13781,003974170,,RTCS,สุพจน์ อารีย์กิจ,1946-08-17,3100800343577,,,,1,,,,,,,,,,,,,,,,,,,,,,,,,,,,2008-10-16 17:43:05.998000,,,D,,E,,,,1,,,H,,C,0016.(บก,,,2000,,,,,,,O,2006-07-03,2007-08-21,,,,,0,,
13781,02,001604016,13781,001604016,,RTCS,เกษร สิริเลิศตระกูล,1931-10-10,3100903027872,,,,2,,,,,,,,,,,,,,,,,,,,,,,,,,,,2014-10-02 18:06:43.999000,,,D,,E,,,,,,,H,,C,D30QE7,,,2000,,,,,,,O,2006-11-06,2014-10-03,,,,,0,,
13781,,003704123,13781,003704123,,RTCS,ลมัย วิปัชฌา,1940-12-12,5149999007210,,,,2,,,,,,,,,,,,,,,,,,,,,,,,,,,,2008-10-16 17:43:05.998000,,,Y,,E,,,,,,,H,,C,VEEG4B,,,2000,,,,,,,O,2006-03-06,2008-07-03,,,,,0,,
13781,88,003259012,13781,003259012,71006338,RTCS,ชัย เรียนดารา,1951-01-01,3140800197350,,,,1,,,,,,,,,,,,,,,,,,,,,,,,,,,,2012-10-02 18:06:40.998000,,,O,,E,,,,1,,,H,,C,,,,2000,,,,,,,O,2004-10-18,2012-10-03,,,,,0,,
13781,,002447398,13781,002447398,,RTCS,รอง แดงสกุล,1927-01-01,3100400733211,,,,1,,,,,,,,,,,,,,,,,,,,,,,,,,,,2008-10-16 17:43:05.998000,,,D,,E,,,,1,,,H,,C,ศธ.04149,,,2000,,,,,,,O,2006-05-01,2007-09-03,,,,,0,,
13781,02,002859095,13781,002859095,,RTCS,สำอางค์ ดีเดิน,1966-06-28,3120600610792,,,,2,,,,,,,,,,,,,,,,,,,,,,,,,,,,2019-07-31 16:27:02.998000,,,,,U,,,,1,,,H,,C,มท0503/0,,,2000,,,,,,,,2006-02-16,2099-12-31,,,,,0,,
13781,,003971886,13781,003971886,,RTCS,ไสว สุขเกษม,1927-08-10,3102101674606,,,,1,,,,,,,,,,,,,,,,,,,,,,,,,,,,2021-04-22 08:52:50.998000,,,D,,E,,,,1,,,H,,C,กก0301/1,,,2000,,,,,,,O,2006-07-03,2021-04-18,,,,,0,,
13781,,002485160,13781,002485160,,RTCS,จำรัก ศุกรสุต,1932-05-15,3100601706611,,,,1,,,,,,,,,,,,,,,,,,,,,,,,,,,,2011-11-02 18:56:41,,,D,,E,,,,1,,,H,,C,นร0801/2,,,2000,,,,,,,O,2006-06-01,2011-11-03,,,,,0,,
13781,02,003052808,13781,003052808,,RTCS,ยับ สันติวงศ์,1933-01-01,3302000208292,,,,1,,,,,,,,,,,,,,,,,,,,,,,,,,,,2014-06-17 17:28:01.999000,,,D,,E,,,,1,,,H,,C,ศย204/23,,,2000,,,,,,,O,2006-07-03,2014-06-18,,,,,0,,
13781,,000305043,13781,000305043,,RTCS,สายบัว บัวทรัพย์,1918-07-13,3100904289889,,,,1,,,,,,,,,,,,,,,,,,,,,,,,,,,,2008-10-16 17:43:05.998000,,,D,,E,,,,1,,,H,,C,ศธ0517.0,,,2000,,,,,,,O,2006-05-16,2008-09-03,,,,,0,,
13781,02,003241437,13781,003241437,,RTCS,สุดสาย สวามิภักดิ์,1937-06-01,3102101389472,,,,2,,,,,,,,,,,,,,,,,,,,,,,,,,,,2008-10-16 17:43:05.998000,,,Y,,E,,,,,,,H,,C,R1QVMC,,,2000,,,,,,,O,2006-03-23,2008-07-03,,,,,0,,
13781,,002894743,13781,002894743,,RTCS,ชุด อยู่สวัสดิ์,1917-07-13,3100400069745,,,,1,,,,,,,,,,,,,,,,,,,,,,,,,,,,2008-10-16 17:43:05.998000,,,D,,E,,,,,,,H,,C,RQWPBL,,,2000,,,,,,,O,2006-08-03,2007-12-03,,,,,0,,
13781,,003423051,13781,003423051,,RTCS,บุญธรรม รุจิสนธิ,1939-01-01,3101700673339,,,,1,,,,,,,,,,,,,,,,,,,,,,,,,,,,2012-06-04 15:56:08.998000,,,D,,E,,,,1,,,H,,C,กห0489.1,,,2000,,,,,,,O,2006-04-03,2012-06-05,,,,,0,,
13781,,003159529,13781,003159529,,RTCS,ละออศรี บุณยเกียรติ,1921-11-08,3100903758753,,,,2,,,,,,,,,,,,,,,,,,,,,,,,,,,,2009-04-02 19:44:05,,,D,,E,,,,,,,H,,C,G1PO22,,,2000,,,,,,,O,2006-12-08,2009-04-03,,,,,0,,
13781,,004042844,13781,004042844,,RTCS,สมรักษ์  ถนอมนุช,1951-01-01,3130400224228,,,,1,,,,,,,,,,,,,,,,,,,,,,,,,,,,2009-01-21 16:51:53.998000,,,D,,E,,,,,,,H,,C,L4FIP9,,,2000,,,,,,,O,2006-12-06,2009-01-05,,,,,0,,
13781,,003614905,13781,003614905,,RTCS,ผานิต กางถิ่น,1948-01-01,3670400054450,,,,2,,,,,,,,,,,,,,,,,,,,,,,,,,,,2008-10-16 17:43:05.998000,,,D,,E,,,,,,,H,,C,H29EYH,,,2000,,,,,,,O,2006-12-14,2007-10-03,,,,,0,,
13781,02,003086345,13781,003086345,97685740,RTCS,สมยศ ชัดเจน,1937-07-28,3200100370651,,,,1,,,,,,,,,,,,,,,,,,,,,,,,,,,,2016-05-17 15:48:44.998000,,,D,,E,,,,1,,,H,,C,,,,2000,,,,,,,O,2004-10-18,2016-05-18,,,,,0,,
13781,,003416937,13781,003416937,,RTCS,หนูแดง ศิริสวัสดิ์,1946-04-06,3489900099339,,,,2,,,,,,,,,,,,,,,,,,,,,,,,,,,,2017-09-17 16:15:18.998000,,,C,,E,,,,,,,H,,C,A3IL5K,,,2000,,,,,,,O,2006-10-26,2017-09-18,,,,,0,,
13781,,003603604,13781,003603604,,RTCS,เสวียง อิศรางกูร ณ อยุธยา,1916-04-07,3100100388730,,,,1,,,,,,,,,,,,,,,,,,,,,,,,,,,,2010-01-03 16:47:38,,,D,,E,,,,,,,H,,C,PFZ84K,,,2000,,,,,,,O,2006-07-26,2010-01-04,,,,,0,,
13781,,003342326,13781,003342326,,RTCS,มณฑา แสงกุล,1919-05-26,3101700635178,,,,2,,,,,,,,,,,,,,,,,,,,,,,,,,,,2008-10-16 17:43:05.998000,,,D,,E,,,,,,,H,,C,G2NNFD,,,2000,,,,,,,O,2006-12-19,2007-05-18,,,,,0,,
13781,,002771024,13781,002771024,,RTCS,พัฒนพงษ์ ผาใต้,1947-08-20,3100203515475,,,,1,,,,,,,,,,,,,,,,,,,,,,,,,,,,2008-10-16 17:43:05.998000,,,O,,E,,,,,,,H,,C,BF3V4Y,,,2000,,,,,,,O,2006-11-24,2007-10-03,,,,,0,,
13781,,003219612,13781,003219612,,RTCS,สามารถ พ่วงพงษ์,1938-04-21,3102101318940,,,,1,,,,,,,,,,,,,,,,,,,,,,,,,,,,2008-10-16 17:43:04.998000,,,D,,E,,,,1,,,H,,C,ปช.0015.,,,2000,,,,,,,O,2006-09-01,2007-09-03,,,,,0,,
13781,02,002553538,13781,002553538,,RTCS,สงวน กระแจะจันทร์,1935-06-11,3100902596172,,,,2,,,,,,,,,,,,,,,,,,,,,,,,,,,,2014-06-17 17:28:01.999000,,,D,,E,,,,,,,H,,C,C2FOR5,,,2000,,,,,,,O,2006-12-01,2014-06-18,,,,,0,,
13781,,003098790,13781,003098790,,RTCS,เยื่อ สมสุข,1916-01-01,3100203163668,,,,2,,,,,,,,,,,,,,,,,,,,,,,,,,,,2010-10-03 17:35:37,,,D,,E,,,,1,,,H,,C,พณ0401/4,,,2000,,,,,,,O,2006-06-16,2010-10-04,,,,,0,,
13781,,003599969,13781,003599969,,RTCS,สุจินต์ เลื่อนฉวี,1921-08-03,3101400219080,,,,2,,,,,,,,,,,,,,,,,,,,,,,,,,,,2014-07-02 17:08:46,,,D,,E,,,,,,,H,,C,G2JMSI,,,2000,,,,,,,O,2006-12-26,2014-07-03,,,,,0,,
13781,02,002698213,13781,002698213,,RTCL,แนบ เปลี่ยนจิตรดี,1926-04-03,3100300216061,,,,2,,,,,,,,,,,,,,,,,,,,,,,,,,,,2018-02-17 16:56:13.998000,,,O,,E,,,,,,,H,,C,B1PASP,,,2000,,,,,,,O,2015-02-19,2018-02-19,,,,,0,,
13781,02,003304662,13781,003304662,98591818,RTCS,ทวี พันธ์เทียมสกุล,1947-12-26,3101900318761,,,,1,,,,,,,,,,,,,,,,,,,,,,,,,,,,2022-03-04 08:09:55.998000,,,D,,E,,,,1,,,H,,C,,,,2000,,,,,,,O,2004-02-10,2022-03-03,,,,,0,,
13781,,000029861,13781,000029861,,RTCS,แฉล้ม จันทร์เทียน,1943-01-01,3101700066599,,,,2,,,,,,,,,,,,,,,,,,,,,,,,,,,,2008-10-16 17:43:05.998000,,,D,,E,,,,,,,H,,C,A22YE6,,,2000,,,,,,,O,2007-01-08,2007-05-18,,,,,0,,
13781,02,003193007,13781,003193007,,RTCS,เล็ก อิงคชัยโชติ,1927-01-01,3101400313761,,,,2,,,,,,,,,,,,,,,,,,,,,,,,,,,,2018-02-17 16:56:13.998000,,,O,,E,,,,,,,H,,C,J47LOH,,,2000,,,,,,,O,2014-11-19,2018-02-19,,,,,0,,
13781,,001876685,13781,001876685,,RTCS,สุปราณี หวังศิริจิตร,1930-01-01,3102201673849,,,,2,,,,,,,,,,,,,,,,,,,,,,,,,,,,2009-12-03 07:41:31.998000,,,D,,E,,,,,,,H,,C,AHD3XZ,,,2000,,,,,,,O,2007-01-10,2009-12-03,,,,,0,,
13781,,002017100,13781,002017100,,RTCS,เวียงรพี สุภาลูน,1989-06-15,1101401670111,,,,1,,,,,,,,,,,,,,,,,,,,,,,,,,,,2009-07-02 20:19:36.998000,,,O,,E,,,,,,,H,,C,F48SJR,,,2000,,,,,,,O,2007-01-11,2009-07-03,,,,,0,,
13781,,003541304,13781,003541304,,RTCS,สำรวย หนูสมจิต,1926-04-16,3100600255429,,,,2,,,,,,,,,,,,,,,,,,,,,,,,,,,,2011-01-04 17:12:52,,,D,,E,,,,,,,H,,C,J45QBE,,,2000,,,,,,,O,2006-10-09,2011-01-04,,,,,0,,
13781,,002240533,13781,002240533,98323669,RTCS,อภิชาติ โพยมรัตน์,1952-11-11,3100602938451,,,,1,,,,,,,,,,,,,,,,,,,,,,,,,,,,2022-08-19 10:49:24,,,D,,E,,,,1,,,H,,C,นบ0028(1,,,2000,,,,,,,O,2005-11-08,2022-08-18,,,,,0,,
13781,,002872360,13781,002872360,,RTCS,นิ แซ่อึ้ง,1938-10-01,3101403142134,,,,2,,,,,,,,,,,,,,,,,,,,,,,,,,,,2017-04-17 14:34:05.999000,,,C,,E,,,,,,,H,,C,F4359C,,,2000,,,,,,,O,2007-01-18,2017-04-18,,,,,0,,
13781,,004017793,13781,004017793,,RTCS,เชาวลิต สร้อยธนศิริกุล,1936-06-25,3260400096628,,,,1,,,,,,,,,,,,,,,,,,,,,,,,,,,,2011-10-02 15:02:43.998000,,,D,,E,,,,,,,H,,C,E5BP73,,,2000,,,,,,,O,2007-01-19,2011-10-03,,,,,0,,
13781,,002827700,13781,002827700,,RTCS,กำชัย วัฒโนภาส,1926-01-01,3619900022326,,,,1,,,,,,,,,,,,,,,,,,,,,,,,,,,,2011-02-02 18:32:25.998000,,,D,,E,,,,,,,H,,C,C3FM9E,,,2000,,,,,,,O,2007-01-22,2011-02-03,,,,,0,,
13781,02,000195079,13781,000195079,,RTCS,สุรีย์ กาญจนาลัย,1927-10-13,3100900177482,,,,2,,,,,,,,,,,,,,,,,,,,,,,,,,,,2019-09-19 15:41:17,,,D,,E,,,,,,,H,,C,F4KTAE,,,2000,,,,,,,O,2006-11-03,2019-09-18,,,,,0,,
13781,02,003693454,13781,003693454,,RTCS,อุทัยวรรณ เหลืองมงคลกุล,1973-03-15,3140600108167,,,,2,,,,,,,,,,,,,,,,,,,,,,,,,,,,2022-04-19 09:55:59,,,O,,E,,,,,,,H,,C,M26GGR,,,2000,,,,,,,O,2007-02-07,2022-04-18,,,,,0,,
13781,,003400707,13781,003400707,66269556,RTCS,บุญส่ง ต่อศิริมงคล,1936-05-15,3100202761677,,,,2,,,,,,,,,,,,,,,,,,,,,,,,,,,,2010-04-02 16:55:27,,,D,,E,,,,1,,,H,,C,,,,2000,,,,,,,O,2004-02-16,2010-04-05,,,,,0,,
13781,,002655192,13781,002655192,,RTCS,แสงศรี คำสัมฤกธิ์,1933-01-01,3101401373384,,,,2,,,,,,,,,,,,,,,,,,,,,,,,,,,,2014-06-17 17:28:01.999000,,,D,,E,,,,,,,H,,C,H2FUZY,,,2000,,,,,,,O,2007-01-05,2014-06-18,,,,,0,,
13781,,003852089,13781,003852089,,RTCS,สมศักดิ์ ริ้วพิทักษ์,1952-03-04,5530190006761,,,,1,,,,,,,,,,,,,,,,,,,,,,,,,,,,2008-10-16 17:43:05.998000,,,D,,E,,,,,,,H,,C,M27SCB,,,2000,,,,,,,O,2006-11-18,2007-05-18,,,,,0,,
13781,,004066016,13781,004066016,,RTCS,ประวุธ แสงนิล,1948-01-01,3120100322704,,,,1,,,,,,,,,,,,,,,,,,,,,,,,,,,,2008-10-16 17:43:05.998000,,,D,,E,,,,,,,H,,C,E19QW8,,,2000,,,,,,,O,2007-02-05,2007-05-18,,,,,0,,
13781,02,003760594,13781,003760594,,RTCS,รตี ภักดีวิจิตร,1933-07-16,3100502320579,,,,2,,,,,,,,,,,,,,,,,,,,,,,,,,,,2010-09-02 18:25:57.998000,,,D,,E,,,,,,,H,,C,A2H16F,,,2000,,,,,,,O,2007-02-15,2010-09-03,,,,,0,,
13781,02,004001665,13781,004001665,,RTCS,มนัส สืบประดิษฐ์,1934-01-01,3809700183804,,,,1,,,,,,,,,,,,,,,,,,,,,,,,,,,,2009-04-02 19:44:05,,,D,,E,,,,,,,H,,C,G26R96,,,2000,,,,,,,O,2007-01-19,2009-04-03,,,,,0,,
13781,,002476256,13781,002476256,,RTCS,ปอง้อ เลิศวาสนา,1949-01-01,3840100482420,,,,2,,,,,,,,,,,,,,,,,,,,,,,,,,,,2008-10-16 17:43:05.998000,,,D,,E,,,,,,,H,,C,B2R1VE,,,2000,,,,,,,O,2006-11-18,2007-09-03,,,,,0,,
13781,,003168152,13781,003168152,,RTCS,สุพัตรา นุ่มอุรา,1954-03-23,3100202612019,,,,2,,,,,,,,,,,,,,,,,,,,,,,,,,,,2023-02-13 13:11:44.999000,,,D,,E,,,,,,,H,,C,DHPT0P,,,2000,,,,,,,,2007-02-23,2023-02-03,,,,,0,,
13781,,003052445,13781,003052445,,RTCS,สุเทพ น้อยฉ่ำ,1965-03-23,3100600217616,,,,1,,,,,,,,,,,,,,,,,,,,,,,,,,,,2008-10-16 17:43:05.998000,,,D,,E,,,,,,,H,,C,L4TGOW,,,2000,,,,,,,O,2006-10-16,2007-08-21,,,,,0,,
13781,,003650112,13781,003650112,27883110,RTCS,รุ่งโรจน์ ลำเพ็ญ,1954-09-04,3100202612302,,,,1,,,,,,,,,,,,,,,,,,,,,,,,,,,,2008-10-16 17:43:05.998000,,,D,,E,,,,,,,H,,C,J5Y9ET,,,2000,,,,,,,O,2005-12-26,2007-12-03,,,,,0,,
13781,02,002833914,13781,002833914,,RTCS,เชาวณี อินทรสถิตย์,1955-10-16,3102000297823,,,,2,,,,,,,,,,,,,,,,,,,,,,,,,,,,2019-07-31 16:27:04.999000,,,,,U,,,,,,,H,,C,L1X1NX,,,2000,,,,,,,O,2007-02-20,2099-12-31,,,,,0,,
13781,,003440019,13781,003440019,,RTCS,สายใจ โภคศิริ,1937-01-01,3101701221113,,,,2,,,,,,,,,,,,,,,,,,,,,,,,,,,,2020-05-08 14:49:14,,,D,,E,,,,,,,H,,C,JL36J2,,,2000,,,,,,,O,2007-04-02,2020-05-03,,,,,0,,
13781,02,003106729,13781,003106729,,RTCS,อรสา ไชยศรี,1964-07-05,3191000126955,,,,2,,,,,,,,,,,,,,,,,,,,,,,,,,,,2019-07-31 16:27:04.999000,,,,,U,,,,,,,H,,C,I2JJC4,,,2000,,,,,,,O,2004-06-24,2099-12-31,,,,,0,,
13781,02,001110961,13781,001110961,,RTCS,วิวัฒน์ชัย สุขทัพภ์,1946-01-13,3110400855295,,,,1,,,,,,,,,,,,,,,,,,,,,,,,,,,,2020-04-25 12:20:53,,,D,,E,,,,,,,H,,C,DVBUMB,,,2000,,,,,,,O,2006-11-18,2020-04-18,,,,,0,,
13781,,003622318,13781,003622318,,RTCS,ประมวล เดชะปัญญา,1930-07-15,3259700109952,,,,2,,,,,,,,,,,,,,,,,,,,,,,,,,,,2013-05-02 15:55:07,,,D,,E,,,,,,,H,,C,KTJPXN,,,2000,,,,,,,O,2007-04-19,2013-05-03,,,,,0,,
13781,,002899375,13781,002899375,,RTCS,นิตย์ ศุภลักษณ์,1934-01-01,3110400833852,,,,2,,,,,,,,,,,,,,,,,,,,,,,,,,,,2013-04-02 19:39:13,,,D,,E,,,,,,,H,,C,K3ZDM2,,,2000,,,,,,,O,2006-12-05,2013-04-03,,,,,0,,
13781,,001704802,13781,001704802,,RTCS,พิมลพัลย์ อิงคสฤษฎ์,1949-03-05,3101401528132,,,,2,,,,,,,,,,,,,,,,,,,,,,,,,,,,2009-10-05 08:27:33,,,O,,E,,,,,,,H,,C,G4C2UN,,,2000,,,,,,,O,2007-01-19,2009-10-05,,,,,0,,
13781,,002946554,13781,002946554,90128411,RTCS,นริศ ศรประชุม,1939-02-28,3100700811358,,,,1,,,,,,,,,,,,,,,,,,,,,,,,,,,,2016-11-02 16:53:50,,,O,,E,,,,1,,,H,,C,,,,2000,,,,,,,O,2004-04-16,2016-11-03,,,,,0,,
13781,,003900385,13781,003900385,,RTC*,ทักษิณา ชัยวรรณ,1973-09-15,3930100271428,,,,2,,,,,,,,,,,,,,,,,,,,,,,,,,,,2023-07-19 10:24:48.998000,,,,,,,,,,,,H,,,CORT,HD,HD,1500,,2,,,,,O,2012-10-15,,,,,,0,,
13781,02,002744450,13781,002744450,,RTCS,สมชัย ศิริวราศัย,1937-01-01,3709900172513,,,,1,,,,,,,,,,,,,,,,,,,,,,,,,,,,2022-03-04 08:09:53,,,D,,E,,,,1,,,H,,C,ขก1917/1,,,2000,,,,,,,O,2006-08-01,2022-03-03,,,,,0,,
13781,02,003028205,13781,003028205,62488055,RTCS,สมบัติ ขุมทอง,1959-05-19,3250100541154,,,,1,,,,,,,,,,,,,,,,,,,,,,,,,,,,2014-12-02 17:35:45,,,O,,E,,,,1,,,H,,C,,,,2000,,,,,,,O,2004-05-03,2014-12-03,,,,,0,,
13781,,002265809,13781,002265809,,RTCS,พาณี เนติประวัติ,1928-09-20,5100200064185,,,,2,,,,,,,,,,,,,,,,,,,,,,,,,,,,2010-12-02 19:06:36,,,D,,E,,,,,,,H,,C,M47PW9,,,2000,,,,,,,O,2007-03-20,2010-12-03,,,,,0,,
13781,,002863071,13781,002863071,,RTCS,นภา เกตุแก้ว,1934-01-01,3100800020417,,,,2,,,,,,,,,,,,,,,,,,,,,,,,,,,,2008-10-16 17:43:06.999000,,,Y,,E,,,,,,,H,,C,E1FN1X,,,2000,,,,,,,O,2006-12-05,2008-07-03,,,,,0,,
13781,02,003520598,13781,003520598,,RTCS,ชูศรี ศิริกุล,1939-03-10,3101401029977,,,,2,,,,,,,,,,,,,,,,,,,,,,,,,,,,2009-04-02 19:44:05,,,D,,E,,,,,,,H,,C,G2OTR1,,,2000,,,,,,,O,2007-02-06,2009-04-03,,,,,0,,
13781,,004071449,13781,004071449,,RTCS,บัณฑูรย์ มาประดิษฐ์,1936-11-04,3120101109851,,,,1,,,,,,,,,,,,,,,,,,,,,,,,,,,,2009-12-03 07:41:31.998000,,,D,,E,,,,,,,H,,C,D1TS2U,,,2000,,,,,,,O,2007-03-01,2009-12-03,,,,,0,,
13781,02,001177424,13781,001177424,,RTCS,ประดิษฐ์ คุณูปถัมภ์,1923-11-12,3120600664957,,,,1,,,,,,,,,,,,,,,,,,,,,,,,,,,,2008-10-16 17:43:06.999000,,,D,,E,,,,,,,H,,C,ZK9S7C,,,2000,,,,,,,O,2006-03-28,2007-09-03,,,,,0,,
13781,,004079856,13781,004079856,,RTCS,อภิศักดิ์ พรวชิราภา,1940-01-01,3120100454473,,,,1,,,,,,,,,,,,,,,,,,,,,,,,,,,,2012-02-17 19:37:52,,,D,,E,,,,,,,H,,C,KX3YB4,,,2000,,,,,,,O,2007-04-04,2012-02-20,,,,,0,,
13781,,001327488,13781,001327488,,RTCS,หวั่นตี้ แซ่หวั่น,1910-01-01,3100101036918,,,,2,,,,,,,,,,,,,,,,,,,,,,,,,,,,2008-10-16 17:43:06.999000,,,D,,E,,,,,,,H,,C,J15O3T,,,2000,,,,,,,O,2007-02-20,2007-12-03,,,,,0,,
13781,,003197099,13781,003197099,,RTCS,ตุ้ยขุ่น แซ่ก่ำ,1930-01-01,3100602869572,,,,2,,,,,,,,,,,,,,,,,,,,,,,,,,,,2008-10-16 17:43:06.999000,,,D,,E,,,,,,,H,,C,LYW3GA,,,2000,,,,,,,O,2007-05-18,2007-12-03,,,,,0,,
13781,02,004036544,13781,004036544,,RTCS,วรรณรวี รุ่งเรือง,1951-10-30,3130300316295,,,,2,,,,,,,,,,,,,,,,,,,,,,,,,,,,2019-07-31 16:27:06,,,,,U,,,,,,,H,,C,H391V0,,,2000,,,,,,,O,2006-11-18,2099-12-31,,,,,0,,
13781,02,002716307,13781,002716307,,RTCS,ดารารัตน์ นาคทอง,1972-01-16,3100800017971,,,,2,,,,,,,,,,,,,,,,,,,,,,,,,,,,2008-10-16 17:43:06.999000,,,D,,E,,,,,,,H,,C,H2Z8BH,,,2000,,,,,,,O,2007-02-20,2007-09-03,,,,,0,,
13781,,002028861,13781,002028861,94722942,RTCS,เง็กห็อง แซ่ล้อ,1933-01-01,3101300661597,,,,2,,,,,,,,,,,,,,,,,,,,,,,,,,,,2015-08-17 17:28:42,,,D,,E,,,,1,,,H,,C,,,,2000,,,,,,,O,2005-09-01,2015-08-18,,,,,0,,
13781,,003719496,13781,003719496,96973812,RTCS,ปิยะ ปุริโส,1965-10-23,3309901222232,,,,1,,,,,,,,,,,,,,,,,,,,,,,,,,,,2025-05-07 08:05:23.998000,,,D,,E,,,,1,,,H,,C,,,,2000,,,,,,,O,2022-11-19,2025-04-21,,,,,0,,
13781,02,003538606,13781,003538606,,RTCS,อ่วยเฮง แซ่กิม,1932-05-05,3100201927652,,,,2,,,,,,,,,,,,,,,,,,,,,,,,,,,,2014-09-17 17:40:34,,,D,,E,,,,,,,H,,C,FAGW28,,,2000,,,,,,,O,2007-06-20,2014-09-18,,,,,0,,
13781,,003787219,13781,003787219,,RTCS,อโณทัย อังกาบศรี,1949-06-17,3100900599051,,,,2,,,,,,,,,,,,,,,,,,,,,,,,,,,,2020-07-22 17:05:36.998000,,,D,,E,,,,1,,,H,,C,0016.154,,,2000,,,,,,,O,2006-02-01,2020-07-18,,,,,0,,
13781,02,001919915,13781,001919915,,RTCS,อารมย์ สุขอุดม,1934-11-01,3101500838091,,,,2,,,,,,,,,,,,,,,,,,,,,,,,,,,,2016-10-17 18:37:36.998000,,,D,,E,,,,1,,,H,,C,บก 0016/,,,2000,,,,,,,,2006-03-02,2016-10-18,,,,,0,,
13781,,000115060,13781,000115060,,RTCS,จันทร์เลื่อน ไชยวรรณ,1929-12-04,3679900164716,,,,2,,,,,,,,,,,,,,,,,,,,,,,,,,,,2014-06-17 17:28:01.999000,,,D,,E,,,,1,,,H,,C,ลป0019/1,,,2000,,,,,,,O,2006-03-01,2014-06-18,,,,,0,,
13781,,004017870,13781,004017870,,RTCS,พิกุล หุมมะจันทร์,1946-01-01,3100500653465,,,,2,,,,,,,,,,,,,,,,,,,,,,,,,,,,2009-10-05 08:27:33,,,D,,E,,,,,,,H,,C,B1SFU7,,,2000,,,,,,,O,2007-01-19,2009-10-05,,,,,0,,
13781,,004098397,13781,004098397,,RTCS,จินตนา วิบูลรัตน์,1958-09-19,3101700077973,,,,2,,,,,,,,,,,,,,,,,,,,,,,,,,,,2008-10-16 17:43:06.999000,,,D,,E,,,,,,,H,,C,MQNL6G,,,2000,,,,,,,O,2007-07-04,2008-10-03,,,,,0,,
13781,02,003668465,13781,003668465,,RTCS,พนอ ปิยะรัตน์,1954-07-25,3101600321678,,,,1,,,,,,,,,,,,,,,,,,,,,,,,,,,,2019-01-18 12:57:48,,,D,,E,,,,,,,H,,C,DC5FSV,,,2000,,,,,,,O,2007-07-04,2019-01-18,,,,,0,,
13781,02,003778024,13781,003778024,23235583,RTCS,เถาวลย์ โกศินานนท์,1927-01-01,3129900018790,,,,2,,,,,,,,,,,,,,,,,,,,,,,,,,,,2013-02-03 15:26:13.998000,,,D,,E,,,,1,,,H,,C,,,,2000,,,,,,,O,2005-04-18,2013-02-04,,,,,0,,
13781,,003140618,13781,003140618,,RTCS,จรรยา สุคนธทรัพย์,1955-01-20,3101401134738,,,,1,,,,,,,,,,,,,,,,,,,,,,,,,,,,2010-07-04 12:42:23,,,D,,E,,,,,,,H,,C,G9WUZG,,,2000,,,,,,,O,2007-06-06,2010-07-05,,,,,0,,
13781,,003749538,13781,003749538,,RTCS,ฉลวย แสงทอง,1930-01-01,4100200091672,,,,2,,,,,,,,,,,,,,,,,,,,,,,,,,,,2009-02-02 18:44:51,,,D,,E,,,,,,,H,,C,IBZQ88,,,2000,,,,,,,O,2006-12-05,2009-02-03,,,,,0,,
13781,,002378429,13781,002378429,,RTCS,สุรพล ยงเจริญ,1926-10-06,3229900099586,,,,1,,,,,,,,,,,,,,,,,,,,,,,,,,,,2008-10-16 17:43:06.999000,,,Y,,E,,,,,,,H,,C,DMW2YR,,,2000,,,,,,,O,2007-08-14,2008-07-03,,,,,0,,
13781,02,003999834,13781,003999834,,RTCS,วิไล ทิศคำ,1951-01-01,3500900387564,,,,2,,,,,,,,,,,,,,,,,,,,,,,,,,,,2025-12-19 09:47:04,,,D,,E,,,,,,,H,,C,B14MJ5,,,2000,,,,,,,O,2007-01-19,2025-12-08,,,,,0,,
13781,,004129187,13781,004129187,,RTCS,จิตรา หนูแป้นน้อย,1938-01-01,3859900154018,,,,2,,,,,,,,,,,,,,,,,,,,,,,,,,,,2012-08-05 14:34:00,,,D,,E,,,,,,,H,,C,FAM8GJ,,,2000,,,,,,,O,2007-08-22,2012-08-06,,,,,0,,
13781,02,004044581,13781,004044581,,RTCS,ประไพ ศักดิ์ศรีทับกฤช,1942-01-01,5102200021194,,,,2,,,,,,,,,,,,,,,,,,,,,,,,,,,,2021-04-07 08:30:36.998000,,,D,,E,,,,,,,H,,C,F2BGX3,,,2000,,,,,,,O,2007-03-20,2021-04-03,,,,,0,,
13781,02,003961880,13781,003961880,,RTCS,เงิน สุวรรณธาดา,1944-01-11,3450700249134,,,,2,,,,,,,,,,,,,,,,,,,,,,,,,,,,2025-01-21 08:19:57.998000,,,D,,E,,,,1,,,H,,C,กค.0703/,,,2000,,,,,,,O,2006-06-01,2025-01-06,,,,,0,,
13781,,004108657,13781,004108657,,RTCS,เกศรินทร์ ม่วงเข็ม,1981-08-18,3200900047791,,,,2,,,,,,,,,,,,,,,,,,,,,,,,,,,,2008-11-28 11:49:58,,,O,,E,,,,,,,H,,C,BRWLSQ,,,2000,,,,,,,O,2007-08-21,2008-11-18,,,,,0,,
13781,,003053755,13781,003053755,,RTCS,โสภี ศรีมาวงษ์,1929-12-01,5160400019060,,,,2,,,,,,,,,,,,,,,,,,,,,,,,,,,,2008-10-16 17:43:06.999000,,,D,,E,,,,1,,,H,,C,KHR6WF,,,2000,,,,,,,O,2007-08-29,2008-10-03,,,,,0,,
13781,,004119217,13781,004119217,,RTCS,เดชา ทาห้วยแก้ว,1973-04-13,3160600072499,,,,1,,,,,,,,,,,,,,,,,,,,,,,,,,,,2019-07-31 16:27:07,,,,,U,,,,,,,H,,C,HU9SXS,,,2000,,,,,,,O,2007-09-03,2099-12-31,,,,,0,,
13781,,001661826,13781,001661826,,RTCS,สู่ แซ่ลิ้ม,1925-01-01,3102400218211,,,,2,,,,,,,,,,,,,,,,,,,,,,,,,,,,2013-01-02 17:28:53.999000,,,D,,E,,,,,,,H,,C,E2YDS0,,,2000,,,,,,,O,2006-12-19,2013-01-03,,,,,0,,
13781,,002877147,13781,002877147,,RTCS,เทียนชัย กิจวาสน์,1948-05-04,3100502690961,,,,1,,,,,,,,,,,,,,,,,,,,,,,,,,,,2019-07-31 16:27:07,,,,,U,,,,1,,,H,,C,ตช0028.4,,,2000,,,,,,,O,2006-02-10,2099-12-31,,,,,0,,
13781,02,004130477,13781,004130477,,RTCS,วิเชียร โกสโลดม,1928-03-01,3101501309831,,,,1,,,,,,,,,,,,,,,,,,,,,,,,,,,,2008-11-02 14:19:57.998000,,,D,,E,,,,,,,H,,C,KAKXAX,,,2000,,,,,,,O,2007-09-12,2008-11-03,,,,,0,,
13781,,004101590,13781,004101590,,RTCS,สังวาลย์ ทองนุช,,3120100723580,,,,1,,,,,,,,,,,,,,,,,,,,,,,,,,,,2018-08-17 16:25:19.998000,,,D,,E,,,,,,,H,,C,L18WWO,HD,HD,1500,,7,,,,,R,2007-09-18,2018-08-09,,,,,0,,
13781,02,003649588,13781,003649588,94128891,RTCS,วิมล นากสุวรรณชาติ,1942-11-25,3120100344520,,,,2,,,,,,,,,,,,,,,,,,,,,,,,,,,,2021-08-19 16:21:53.999000,,,D,,E,,,,1,,,H,,C,,,,2000,,,,,,,O,2005-09-16,2021-08-18,,,,,0,,
13781,02,001121788,13781,001121788,,RTCS,ประไพ คล้ายเพ็ชร์,1940-01-01,3100601973821,,,,2,,,,,,,,,,,,,,,,,,,,,,,,,,,,2017-04-02 14:05:24.999000,,,C,,E,,,,,,,H,,C,FN4PKL,,,2000,,,,,,,O,2007-07-05,2017-04-03,,,,,0,,
13781,02,003337389,13781,003337389,,RTCS,ลำพูน สังฆพรหม,1941-04-15,3350100255657,,,,2,,,,,,,,,,,,,,,,,,,,,,,,,,,,2022-07-20 10:41:07.998000,,,D,,E,,,,,,,H,,C,YIO8B8,,,2000,,,,,,,O,2006-01-27,2022-07-18,,,,,0,,
13781,,003407301,13781,003407301,,RTCS,เจริญ สายพานิชย์,1933-04-01,3169900251982,,,,1,,,,,,,,,,,,,,,,,,,,,,,,,,,,2008-10-16 17:43:06.999000,,,D,,E,,,,1,,,H,,C,ศธ0517.0,,,2000,,,,,,,O,2006-08-28,2007-12-03,,,,,0,,
13781,02,003774977,11722,50-32980,,"RTUC,RTCS",ชุติกาญจน์ ผิวเณร,,3100504478056,,,,2,,,,,,,,,,,,,,,,,,,,,,,,,,,,2018-03-12 18:00:06,,,U,,E,,,,1,G,,H,,C,HDC4H6JK,HD,HD,1500,,7,,,,,O,2018-03-12,2022-12-31,,,,,0,,
13781,,003602349,13781,003602349,,RTCS,ชะอ่อง ฉายะภูติ,1915-03-03,3110300903468,,,,2,,,,,,,,,,,,,,,,,,,,,,,,,,,,2010-02-02 18:23:34,,,D,,E,,,,1,,,H,,C,อก0401/1,,,2000,,,,,,,O,2006-02-20,2010-02-03,,,,,0,,
13781,02,003916199,13781,003916199,86829334,RTCS,รัชนี สุวรรณทวี,1950-05-23,3100201237052,,,,2,,,,,,,,,,,,,,,,,,,,,,,,,,,,2015-12-17 12:26:28.998000,,,,,U,,,,0,,,H,,C,WJ9R07,,,2000,,,,,,,O,2006-01-10,2018-01-10,,,,,0,,
13781,02,002275424,13781,002275424,,RTCS,ผ่อง พุกคล้าย,1926-12-01,3120200439387,,,,2,,,,,,,,,,,,,,,,,,,,,,,,,,,,2019-07-04 09:33:57,,,D,,E,,,,1,,,H,,C,กห0301.4,,,2000,,,,,,,O,2006-07-03,2019-07-03,,,,,0,,
13781,02,004057420,13781,004057420,,RTCS,ประจวบ นาคนิยม,1937-03-01,3110100226896,,,,1,,,,,,,,,,,,,,,,,,,,,,,,,,,,2008-10-16 17:43:06.999000,,,D,,E,,,,,,,H,,C,FCYHAZ,,,2000,,,,,,,O,2007-10-24,2008-03-18,,,,,0,,
13781,,004151453,13781,004151453,,RTCS,ยุภาพิน แสงทอง,1944-10-16,3110100431112,,,,2,,,,,,,,,,,,,,,,,,,,,,,,,,,,2008-10-16 17:43:06.999000,,,D,,E,,,,,,,H,,C,HBM5YX,,,2000,,,,,,,O,2007-11-12,2008-01-03,,,,,0,,
13781,,002302267,13781,002302267,,RTCS,สัมฤทธิ์ ทองโพธิ์,1935-04-01,3100502171379,,,,1,,,,,,,,,,,,,,,,,,,,,,,,,,,,2012-09-02 15:06:19.998000,,,D,,E,,,,,,,H,,C,B2FUEF,,,2000,,,,,,,O,2006-10-13,2012-09-03,,,,,0,,
13781,,003926303,13781,003926303,,RTCS,นิยม ชูประเสริฐ,1958-01-21,3840800232876,,,,1,,,,,,,,,,,,,,,,,,,,,,,,,,,,2022-05-20 14:08:19,,,D,,E,,,,,,,H,,C,HJVC74,,,2000,,,,,,,O,2007-11-20,2022-05-18,,,,,0,,
13781,02,003318353,13781,003318353,52146559,RTCS,ถาวร เดชพ่วง,1936-01-02,3100203529697,,,,1,,,,,,,,,,,,,,,,,,,,,,,,,,,,2019-02-07 11:41:34,,,D,,E,,,,1,,,H,,C,,,,2000,,,,,,,O,2004-07-05,2019-02-03,,,,,0,,
13781,02,004081336,13781,004081336,,RTCS,พล เอี่ยมผึ้ง,1931-01-01,3600700418970,,,,1,,,,,,,,,,,,,,,,,,,,,,,,,,,,2011-06-02 17:31:32,,,D,,E,,,,0,,,H,,C,ED9HUV,,,2000,,,,,,,O,2007-03-16,2011-06-03,,,,,0,,
13781,,003959093,13781,003959093,,RTCS,ศักดิ์ชัย เกียรติระบิล,1936-01-01,3100500647511,,,,1,,,,,,,,,,,,,,,,,,,,,,,,,,,,2012-10-02 18:06:40.998000,,,D,,E,,,,1,,,H,,C,คค02038ร,,,2000,,,,,,,O,2006-05-24,2012-10-03,,,,,0,,
13781,,003210402,13781,003210402,,RTCS,จันทา เฉลิมชาติ,1923-07-09,3460600108059,,,,2,,,,,,,,,,,,,,,,,,,,,,,,,,,,2011-09-02 18:23:24.999000,,,D,,E,,,,,,,H,,C,A2DEB3,,,2000,,,,,,,O,2007-06-21,2011-09-05,,,,,0,,
13781,,004136953,13781,004136953,,RTCS,ถวิล โพธิ์ทอง,1926-02-10,3101700522870,,,,2,,,,,,,,,,,,,,,,,,,,,,,,,,,,2010-08-02 17:36:10.998000,,,D,,E,,,,,,,H,,C,L54D92,,,2000,,,,,,,O,2007-11-09,2010-08-03,,,,,0,,
13781,,003417288,13781,003417288,,RTCS,ศรีเมือง อู่เจริญ,1939-01-01,3129900112401,,,,2,,,,,,,,,,,,,,,,,,,,,,,,,,,,2009-06-02 19:38:45,,,D,,E,,,,,,,H,,C,CKE2QH,,,2000,,,,,,,O,2007-03-21,2009-06-03,,,,,0,,
13781,,004159112,13781,004159112,,RTCS,บุญเชิด สีสด,1939-12-19,3230300016274,,,,1,,,,,,,,,,,,,,,,,,,,,,,,,,,,2012-10-02 18:06:40.998000,,,D,,E,,,,,,,H,,C,EY5FSW,,,2000,,,,,,,O,2008-01-03,2012-10-03,,,,,0,,
13781,02,002123789,13781,002123789,,RTCS,ผกามาศ ขจัดภัย,1966-04-20,3179900059071,,,,2,,,,,,,,,,,,,,,,,,,,,,,,,,,,2019-07-31 16:27:09,,,,,U,,,,,,,H,,C,C1LQ6K,,,2000,,,,,,,O,2006-11-08,2099-12-31,,,,,0,,
13781,,003722667,13781,003722667,80141206,RTCS,วัฒนา บรรจงศิริ,1946-09-18,3859900065384,,,,1,,,,,,,,,,,,,,,,,,,,,,,,,,,,2021-03-18 12:02:43.998000,,,D,,E,,,,,,,H,,C,MQISF7,,,2000,,,,,,,O,2005-12-28,2021-03-18,,,,,0,,
13781,,004098944,13781,004098944,,RTCS,บุญสม ดาวลอย,1945-12-04,3250100235941,,,,1,,,,,,,,,,,,,,,,,,,,,,,,,,,,2012-04-02 17:35:25.998000,,,D,,E,,,,,,,H,,C,GDHRDN,,,2000,,,,,,,O,2008-01-10,2012-04-03,,,,,0,,
13781,,001044992,13781,001044992,93396475,RTCS,ปรียชัย พนาวงศ์,1923-05-04,3100203208688,,,,1,,,,,,,,,,,,,,,,,,,,,,,,,,,,2012-07-02 18:29:16,,,D,,E,,,,1,,,H,,C,,,,2000,,,,,,,O,2005-03-03,2012-07-03,,,,,0,,
13781,,004145952,13781,004145952,,RTCS,ทัศนัย อนันต์สุชาติกุล,1941-01-01,3619900021761,,,,2,,,,,,,,,,,,,,,,,,,,,,,,,,,,2008-10-16 17:43:08,,,D,,E,,,,,,,H,,C,EY48GA,,,2000,,,,,,,O,2008-01-15,2008-03-18,,,,,0,,
13781,02,002664120,13781,002664120,,RTCS,ชลอ สุพัฒธี,1932-09-23,3159800003588,,,,2,,,,,,,,,,,,,,,,,,,,,,,,,,,,2015-02-02 18:23:27,,,D,,E,,,,1,,,H,,C,อท0027.3,,,2000,,,,,,,O,2006-03-20,2015-02-03,,,,,0,,
13781,02,001445486,13781,001445486,,RTCS,ฉู้ นาควิโรจน์,1920-01-15,3930500002688,,,,2,,,,,,,,,,,,,,,,,,,,,,,,,,,,2013-07-02 14:37:35,,,D,,E,,,,1,,,H,,C,นร1101/5,,,2000,,,,,,,O,2006-01-24,2013-07-03,,,,,0,,
13781,,001124846,13781,001124846,,RTCS,กิมซ้ง แซ่ปึง,1940-01-01,3102400269151,,,,1,,,,,,,,,,,,,,,,,,,,,,,,,,,,2015-02-02 18:23:27,,,D,,E,,,,,,,H,,C,BXVVW8,,,2000,,,,,,,O,2008-01-22,2015-02-03,,,,,0,,
13781,,004162572,13781,004162572,,RTCS,ฉลวย เจียมพฤกษ์วัฒนา,1919-01-01,3100100554869,,,,2,,,,,,,,,,,,,,,,,,,,,,,,,,,,2008-10-16 17:43:08,,,D,,E,,,,,,,H,,C,EL8MJB,,,2000,,,,,,,O,2008-01-23,2008-05-06,,,,,0,,
13781,02,003346013,13781,003346013,22318725,RTCS,กุหลาบ เวียงเพิ่ม,1932-05-10,3101700395550,,,,2,,,,,,,,,,,,,,,,,,,,,,,,,,,,2021-03-05 09:04:41,,,D,,E,,,,1,,,H,,C,ศธ 04002,,,2000,,,,,,,O,2005-06-30,2021-03-03,,,,,0,,
13781,,003613122,13781,003613122,,RTCS,วิทวัส ชาลี,1971-12-25,3330401187006,,,,1,,,,,,,,,,,,,,,,,,,,,,,,,,,,2013-04-02 19:39:13,,,O,,E,,,,,,,H,,C,DJF87K,,,2000,,,,,,,O,2008-01-28,2013-04-03,,,,,0,,
13781,02,002992260,13781,002992260,86957253,RTCS,ศิรินันท์ พันธ์ประกอบ,1954-11-26,3101202625031,,,,2,,,,,,,,,,,,,,,,,,,,,,,,,,,,2011-09-02 18:23:24.999000,,,O,,E,,,,1,,,H,,C,,,,2000,,,,,,,O,2005-03-18,2011-09-05,,,,,0,,
13781,02,003623038,13781,003623038,,RTCS,สอิ้ง ปานสิงห์,1939-01-01,3100203188628,,,,2,,,,,,,,,,,,,,,,,,,,,,,,,,,,2014-06-17 17:28:01.999000,,,D,,E,,,,1,,,H,,C,สธ0618.0,,,2000,,,,,,,O,2006-07-03,2014-06-18,,,,,0,,
13781,,002633498,13781,002633498,93957692,RTCS,ลัดดา เกตุสมบูรณ์,1941-07-31,3260300521602,,,,2,,,,,,,,,,,,,,,,,,,,,,,,,,,,2019-07-31 16:27:09,,,,,U,,,,,,,H,,C,HJ5RKB,,,2000,,,,,,,O,2005-12-23,2099-12-31,,,,,0,,
13781,,003428703,13781,003428703,,RTCS,ประเสริฐ พวงพรศรี,1938-04-28,3100100102445,,,,1,,,,,,,,,,,,,,,,,,,,,,,,,,,,2008-10-16 17:43:08,,,D,,E,,,,,,,H,,C,EPSX2W,,,2000,,,,,,,O,2008-02-04,2008-05-06,,,,,0,,
13781,02,003754576,13781,003754576,,RTCS,สุพรรณ ธิกะ,1935-12-08,3670301257328,,,,2,,,,,,,,,,,,,,,,,,,,,,,,,,,,2019-01-18 12:57:45.998000,,,D,,E,,,,,,,H,,C,GP5HXG,,,2000,,,,,,,O,2006-10-02,2019-01-18,,,,,0,,
13781,,003121821,13781,003121821,,RTCS,จรัสศรี คำภา,1924-02-01,3260200209844,,,,2,,,,,,,,,,,,,,,,,,,,,,,,,,,,2014-08-17 15:51:55,,,D,,E,,,,,,,H,,C,M462DY,,,2000,,,,,,,O,2007-01-15,2014-08-18,,,,,0,,
13781,,003211308,13781,003211308,,RTCL,สำเนา ยินเจริญ,1941-02-18,3100502536229,,,,2,,,,,,,,,,,,,,,,,,,,,,,,,,,,2022-03-21 10:14:40.998000,,,D,,E,,,,,,,H,,C,QU8VA7,,,2000,,,,,,,O,2008-02-19,2022-03-18,,,,,0,,
13781,02,002182009,13781,002182009,,RTCL,ปัญญา ศรีแสง,1954-05-13,3100601857783,,,,1,,,,,,,,,,,,,,,,,,,,,,,,,,,,2013-11-17 13:21:58.998000,,,O,,E,,,,,,,H,,C,Q95YJ2,,,2000,,,,,,,O,2008-02-25,2013-11-18,,,,,0,,
13781,,004187497,13781,004187497,,RTCS,ประยุทธ ชูนิ่ม,1927-01-01,5100499005091,,,,1,,,,,,,,,,,,,,,,,,,,,,,,,,,,2008-10-16 17:43:08,,,D,,E,,,,,,,H,,C,DXZL3E,,,2000,,,,,,,O,2008-02-25,2008-06-03,,,,,0,,
13781,,002670987,13781,002670987,,RTCS,ทองสุข มูลทรัพย์,1926-01-01,3100901025953,,,,1,,,,,,,,,,,,,,,,,,,,,,,,,,,,2008-10-16 17:43:08,,,D,,E,,,,,,,H,,C,A4F9P7,,,2000,,,,,,,O,2007-04-19,2008-06-03,,,,,0,,
13781,,002363120,13781,002363120,58065428,RTCS,เอมอร บุณยศิโรตม์,1940-08-29,3209900038943,,,,2,,,,,,,,,,,,,,,,,,,,,,,,,,,,2011-09-02 18:23:24.999000,,,D,,E,,,,1,,,H,,C,,,,2000,,,,,,,O,2004-04-16,2011-09-05,,,,,0,,
13781,,004190311,13781,004190311,,RTCS,สุดใจ ขาวโกมล,1932-04-07,3260400378011,,,,2,,,,,,,,,,,,,,,,,,,,,,,,,,,,2011-06-02 17:31:32,,,D,,E,,,,,,,H,,C,B8YT2L,,,2000,,,,,,,O,2008-03-11,2011-06-03,,,,,0,,
13781,02,004185955,13781,004185955,,RTCS,ศิริรักษ์ ขันเงิน,1963-07-04,3100101072604,,,,2,,,,,,,,,,,,,,,,,,,,,,,,,,,,2013-05-02 15:55:07,,,D,,E,,,,,,,H,,C,GN9YQ8,,,2000,,,,,,,O,2008-03-18,2013-05-03,,,,,0,,
13781,,002936474,13781,002936474,,RTCL,สังวาลย์ ยุ้นสวัสดิ์,1936-04-01,3101800560641,,,,2,,,,,,,,,,,,,,,,,,,,,,,,,,,,2015-08-17 17:28:42,,,O,,E,,,,,,,H,,,QBHWAN,,,2000,,,,,,,O,2008-03-05,2015-08-18,,,,,0,,
13781,,004096595,13781,004096595,,RTCS,นฤนันท์ ธรรมบำรุง,1942-03-07,3101800114803,,,,1,,,,,,,,,,,,,,,,,,,,,,,,,,,,2008-10-16 17:43:08,,,D,,E,,,,,,,H,,C,LE8LC2,,,2000,,,,,,,O,2007-06-01,2008-06-03,,,,,0,,
13781,02,004094741,13781,004094741,,RTCS,ลออ จูเจี่ย,1941-07-25,3101400103278,,,,2,,,,,,,,,,,,,,,,,,,,,,,,,,,,2020-09-21 14:11:57.999000,,,D,,E,,,,,,,H,,C,HZB296,,,2000,,,,,,,O,2007-05-23,2020-09-18,,,,,0,,
13781,,003767430,13781,003767430,08848217,RTCS,สมศักดิ์ เด่นดวง,1934-12-13,3100500119159,,,,1,,,,,,,,,,,,,,,,,,,,,,,,,,,,2009-04-02 19:44:05,,,D,,E,,,,,,,H,,C,IGJ8MS,,,2000,,,,,,,O,2005-11-17,2009-04-03,,,,,0,,
13781,02,003357663,13781,003357663,82045949,RTCS,อำไพ นิรามัย,1943-01-01,3102200729883,,,,2,,,,,,,,,,,,,,,,,,,,,,,,,,,,2015-09-17 16:48:46,,,D,,E,,,,1,,,H,,C,0016/872,,,2000,,,,,,,O,2006-01-04,2015-09-18,,,,,0,,
13781,,004160992,13781,004160992,,RTCS,ทำนูล ยูวะนิยม,1953-10-11,3100800224225,,,,1,,,,,,,,,,,,,,,,,,,,,,,,,,,,2009-12-03 07:41:31.998000,,,O,,E,,,,,,,H,,C,KVTUG8,,,2000,,,,,,,O,2008-03-28,2009-12-03,,,,,0,,
13781,02,003647520,13781,003647520,,RTCS,ประสาน ตากดำรงค์กุล,1957-06-19,3709800165698,,,,1,,,,,,,,,,,,,,,,,,,,,,,,,,,,2019-07-31 16:27:09.998000,,,,,U,,,,,,,H,,C,J1LS4D,,,2000,,,,,,,O,2007-02-07,2099-12-31,,,,,0,,
13781,02,004211303,13781,004211303,,RTCS,ประไพ บุญยวัฒน์,1937-08-15,3101701753701,,,,2,,,,,,,,,,,,,,,,,,,,,,,,,,,,2018-10-31 09:57:44,,,D,,E,,,,1,,,H,,C,ANERAH,,,2000,,,,,,,O,2008-05-13,2018-08-18,,,,,0,,
13781,,003820022,13781,003820022,,RTCS,เช้ แซ่ตั้ง,1924-01-01,3160400153541,,,,1,,,,,,,,,,,,,,,,,,,,,,,,,,,,2011-03-02 18:24:42,,,D,,E,,,,,,,H,,C,D3Q1IR,,,2000,,,,,,,O,2007-02-20,2011-03-03,,,,,0,,
13781,,004208395,13781,004208395,,RTCS,พนอ บุตรน้อย,1923-11-24,3100904314930,,,,2,,,,,,,,,,,,,,,,,,,,,,,,,,,,2012-02-02 17:58:07,,,D,,E,,,,,,,H,,C,ETXEYG,,,2000,,,,,,,O,2008-05-08,2012-02-03,,,,,0,,
13781,02,003345588,13781,003345588,,RTCS,ดำรง พุทธรังษี,1938-12-29,3100900619671,,,,1,,,,,,,,,,,,,,,,,,,,,,,,,,,,2013-08-02 16:39:52,,,D,,E,,,,,,,H,,C,J2MBW5,,,2000,,,,,,,O,2007-01-25,2013-08-05,,,,,0,,
13781,,003957749,13781,003957749,,RTCS,เอก พริ้งพร้อม,1950-05-07,3100701221732,,,,1,,,,,,,,,,,,,,,,,,,,,,,,,,,,2009-06-03 10:27:23,,,D,,E,,,,,,,H,,C,ENN5XN,,,2000,,,,,,,O,2008-04-29,2008-08-04,,,,,0,,
13781,,002972294,13781,002972294,,RTCS,อำนาจ ปังพูนทรัพย์,1943-01-25,3260200142901,,,,1,,,,,,,,,,,,,,,,,,,,,,,,,,,,2015-03-17 16:46:41,,,D,,E,,,,,,,H,,C,K34J37,,,2000,,,,,,,O,2006-11-03,2015-03-18,,,,,0,,
13781,,002961706,13781,002961706,,RTCS,ประเสริฐ จินตเกษกรรม,1942-03-17,3110101676038,,,,2,,,,,,,,,,,,,,,,,,,,,,,,,,,,2009-05-17 17:29:20.998000,,,D,,E,,,,,,,H,,C,MX3KZA,,,2000,,,,,,,O,2007-07-04,2009-05-04,,,,,0,,
13781,02,004226575,13781,004226575,,RTCS,สาหร่าย ศิริจันทร์เพ็ญ,1937-01-01,3720400505761,,,,2,,,,,,,,,,,,,,,,,,,,,,,,,,,,2020-10-06 11:05:53.999000,,,D,,E,,,,,,,H,,C,HAPV3P,,,2000,,,,,,,O,2008-06-24,2020-10-03,,,,,0,,
13781,,004230455,13781,004230455,,RTCS,ปรีชา เนติศุภลักษณ์,1935-02-20,3410401258093,,,,1,,,,,,,,,,,,,,,,,,,,,,,,,,,,2009-11-03 08:41:17,,,D,,E,,,,,,,H,,C,FMX4P7,,,2000,,,,,,,O,2008-07-01,2009-11-03,,,,,0,,
13781,02,003902289,13781,003902289,,RTCS,จันทร์ ทำนา,1943-08-03,3450200392361,,,,2,,,,,,,,,,,,,,,,,,,,,,,,,,,,2013-08-02 16:39:52,,,D,,E,,,,1,,,H,,C,พว0005.1,,,2000,,,,,,,O,2006-01-17,2013-08-05,,,,,0,,
13781,02,003557793,13781,003557793,,RTCS,สมชาญ พงษ์ประดิษฐ์,1948-03-27,3102400736123,,,,1,,,,,,,,,,,,,,,,,,,,,,,,,,,,2019-03-25 11:31:19.998000,,,D,,E,,,,,,,H,,C,XEG09G,,,2000,,,,,,,O,2006-05-29,2019-03-18,,,,,0,,
13781,,003857171,13781,003857171,,RTCS,ทรง วิกสิต,1933-04-01,3150400061329,,,,1,,,,,,,,,,,,,,,,,,,,,,,,,,,,2009-04-02 19:44:05,,,D,,E,,,,,,,H,,C,B1AZ0R,,,2000,,,,,,,O,2007-01-04,2009-04-03,,,,,0,,
13781,02,003336056,13781,003336056,,RTCS,ช้วน ศรีเปลี่ยนจันทร์,1935-01-01,3100501034122,,,,1,,,,,,,,,,,,,,,,,,,,,,,,,,,,2016-09-18 14:58:23,,,D,,E,,,,,,,H,,C,HSFNAR,,,2000,,,,,,,O,2007-12-06,2016-09-19,,,,,0,,
13781,,003895015,13781,003895015,,RTCS,นันทนา วัชรวัฒนากุล,1931-06-15,3100800099030,,,,2,,,,,,,,,,,,,,,,,,,,,,,,,,,,2008-12-03 08:35:25.998000,,,D,,E,,,,,,,H,,C,EFPT6U,,,2000,,,,,,,O,2008-07-10,2008-12-03,,,,,0,,
13781,02,001978896,13781,001978896,85961726,RTCS,โสภา อยู่โพธิ์,1931-12-01,3100800424470,,,,2,,,,,,,,,,,,,,,,,,,,,,,,,,,,2014-04-17 17:17:00.998000,,,D,,E,,,,1,,,H,,C,,,,2000,,,,,,,O,2004-05-03,2014-04-18,,,,,0,,
13781,02,003329427,13781,003329427,,RTCL,ศักดา นิติพัฒนะศักดิ์,1962-05-02,5110100012515,,,,1,,,,,,,,,,,,,,,,,,,,,,,,,,,,2023-05-08 08:14:52.998000,,,,,E,,,,,,,H,,,QZBKXY,,,2000,,,,,,,O,2008-07-30,2022-09-30,,,,,0,,
13781,02,004169720,13781,004169720,,RTCS,ธีรศักดิ์ เธียรโพธิ์ภิรักษ์,1947-06-24,3101501219484,,,,1,,,,,,,,,,,,,,,,,,,,,,,,,,,,2018-10-31 09:57:43,,,D,,E,,,,,,,H,,C,A8RF6J,,,2000,,,,,,,O,2008-07-03,2018-06-03,,,,,0,,
13781,,004244745,13781,004244745,,RTCL,วัลลภา รัตนรักษ์,1943-01-01,3101501017032,,,,2,,,,,,,,,,,,,,,,,,,,,,,,,,,,2010-12-02 19:06:36,,,O,,E,,,,,,,H,,C,QTT4LQ,,,2000,,,,,,,O,2008-08-19,2010-12-03,,,,,0,,
13781,02,003862432,13781,003862432,11755776,RTCS,บุญธรรม เปลี่ยนสันเทียะ,1952-09-10,3100201676218,,,,1,,,,,,,,,,,,,,,,,,,,,,,,,,,,2021-02-03 13:43:19,,,D,,E,,,,1,,,H,,C,ศธ04002/,,,2000,,,,,,,O,2005-11-11,2021-02-03,,,,,0,,
13781,02,003777127,13781,003777127,,RTCS,สว่าง คะแนนสิน,1935-10-06,3100501357321,,,,1,,,,,,,,,,,,,,,,,,,,,,,,,,,,2018-10-31 09:57:37.998000,,,D,,E,,,,,,,H,,C,LX8JD3,,,2000,,,,,,,O,2007-07-24,2018-10-03,,,,,0,,
13781,02,004236217,13781,004236217,,RTCS,ถวิล เทพสนธิ,1936-04-12,3110400427102,,,,2,,,,,,,,,,,,,,,,,,,,,,,,,,,,2018-11-22 11:55:59,,,D,,E,,,,,,,H,,C,G56FXE,,,2000,,,,,,,O,2008-08-10,2018-11-18,,,,,0,,
13781,,002557852,13781,002557852,,RTCS,ธนิตา วัฒนมงคล,1946-03-19,3120101831238,,,,2,,,,,,,,,,,,,,,,,,,,,,,,,,,,2022-03-21 10:14:39,,,D,,E,,,,,,,H,,C,QIWEJG,,,2000,,,,,,,O,2006-05-26,2022-03-18,,,,,0,,
13781,,002749702,13781,002749702,,RTCS,เอี่ยม จักษุดำ,1956-12-06,3100501042991,,,,1,,,,,,,,,,,,,,,,,,,,,,,,,,,,2019-07-31 16:27:11.998000,,,,,U,,,,1,,,H,,C,,,,2000,,,,,,,,2004-04-29,2099-12-31,,,,,0,,
13781,,003703758,13781,003703758,,RTCS,ม่วย ศิริพานิช,1926-01-10,3190300151091,,,,2,,,,,,,,,,,,,,,,,,,,,,,,,,,,2009-04-02 19:44:05,,,D,,E,,,,,,,H,,C,K93SQS,,,2000,,,,,,,O,2008-09-05,2009-04-03,,,,,0,,
13781,,003725395,13781,003725395,,RTCS,วิรัตน์ ภาคีสุข,1960-10-23,3140600383435,,,,1,,,,,,,,,,,,,,,,,,,,,,,,,,,,2019-07-31 16:27:11.998000,,,,,U,,,,,,,H,,C,BHUCDP,,,2000,,,,,,,O,2007-04-27,2099-12-31,,,,,0,,
13781,,003483478,13781,003483478,,RTCS,สมบัติ วิงวอน,1933-01-23,3200700370652,,,,2,,,,,,,,,,,,,,,,,,,,,,,,,,,,2012-07-02 18:29:16,,,D,,E,,,,,,,H,,C,E6R7NQ,,,2000,,,,,,,O,2008-08-23,2012-07-03,,,,,0,,
13781,,003276515,13781,003276515,,RTCS,อั๋น สำเภาพันธุ์,1925-01-01,3229800083661,,,,2,,,,,,,,,,,,,,,,,,,,,,,,,,,,2018-04-17 19:02:34.998000,,,D,,E,,,,1,,,H,,C,รย0027.3,,,2000,,,,,,,O,2006-03-13,2018-04-18,,,,,0,,
13781,,002642605,13781,002642605,,RTCS,ไพรวัลย์ เทพโกษา,1965-12-18,3700800092901,,,,1,,,,,,,,,,,,,,,,,,,,,,,,,,,,2017-02-02 17:18:44.998000,,,C,,E,,,,1,,,H,,C,กห0521.5,,,2000,,,,,,,O,2006-09-01,2017-02-03,,,,,0,,
13781,,003472488,13781,003472488,,RTCS,จุไรรัตน์ รุนเฉื่อย,1990-05-22,1100500475251,,,,2,,,,,,,,,,,,,,,,,,,,,,,,,,,,2010-06-02 17:10:03,,,O,,E,,,,1,,,H,,C,กห0445/6,,,2000,,,,,,,O,2006-06-16,2010-06-03,,,,,0,,
13781,02,003677381,13781,003677381,76690956,RTCS,อนงค์ เจริญสุระสถล,1935-03-17,3429900014341,,,,2,,,,,,,,,,,,,,,,,,,,,,,,,,,,2014-01-17 17:48:02.998000,,,D,,E,,,,,,,H,,C,ZWA9P7,,,2000,,,,,,,O,2006-01-09,2014-01-20,,,,,0,,
13781,,002919015,13781,002919015,,RTCS,วินัย บุตรดี,1966-02-23,3700500612453,,,,1,,,,,,,,,,,,,,,,,,,,,,,,,,,,2019-07-31 16:27:07,,,,,U,,,,1,,,H,,C,จบ.0007/,,,2000,,,,,,,O,2006-07-17,2099-12-31,,,,,0,,
13781,02,003923339,13781,003923339,79421506,RTCS,สมจิต สันประเสริฐ,1942-06-07,3100602982085,,,,2,,,,,,,,,,,,,,,,,,,,,,,,,,,,2012-12-02 15:32:11.999000,,,D,,E,,,,1,,,H,,C,มท0503/3,,,2000,,,,,,,O,2005-12-16,2012-12-03,,,,,0,,
13781,02,000202664,13781,000202664,,RTCS,จิราภา ทั้งเกสร,1953-07-24,3100201139921,,,,2,,,,,,,,,,,,,,,,,,,,,,,,,,,,2023-02-13 13:11:41,,,D,,E,,,,,,,H,,C,LPIAF7,,,2000,,,,,,,O,2006-10-06,2023-02-03,,,,,0,,
13781,,003603661,13781,003603661,,RTCL,อุไร ดวงแก้ว,1956-01-13,3100203241308,,,,2,,,,,,,,,,,,,,,,,,,,,,,,,,,,2013-10-02 19:02:13.999000,,,O,,E,,,,,,,H,,C,QH3N45,,,2000,,,,,,,O,2008-09-20,2013-10-03,,,,,0,,
13781,02,002284344,13781,002284344,,RTCS,สมพิศ จันที,1932-01-01,3710600762139,,,,2,,,,,,,,,,,,,,,,,,,,,,,,,,,,2018-04-17 19:02:34.998000,,,D,,E,,,,,,,H,,C,MRJX42,,,2000,,,,,,,O,2007-08-02,2018-04-18,,,,,0,,
13781,,003542109,13781,003542109,,RTCL,ทวี รามอ้น,1955-01-01,3101000193288,,,,1,,,,,,,,,,,,,,,,,,,,,,,,,,,,2011-06-02 17:31:32,,,O,,E,,,,,,,H,,,Q7YHXW,,,2000,,,,,,,O,2008-08-21,2011-06-03,,,,,0,,
13781,02,004216328,13781,004216328,,RTCS,กานดา จิตรบรรจง,1937-05-20,3102001502919,,,,2,,,,,,,,,,,,,,,,,,,,,,,,,,,,2016-11-02 16:53:50,,,O,,E,,,,,,,H,,C,MU7NEN,,,2000,,,,,,,O,2008-05-21,2016-11-03,,,,,0,,
13781,02,003480909,13781,003480909,,RTCL,วุฒิชัย นิลสุ,1966-01-20,3451000807275,,,,1,,,,,,,,,,,,,,,,,,,,,,,,,,,,2019-07-31 15:59:30.999000,,,D,,E,,,,,,,H,,,QUPP76,,,2000,,,,,,,O,2008-07-08,2019-03-18,,,,,0,,
13781,02,004226743,13781,004226743,,RTCS,นพพร แสงเนตร,1955-11-21,3550100498361,,,,1,,,,,,,,,,,,,,,,,,,,,,,,,,,,2020-08-04 09:49:48,,,O,,E,,,,,,,H,,C,KF9QJH,,,2000,,,,,,,O,2008-09-29,2020-02-18,,,,,0,,
13781,,002501920,13781,002501920,,RTXX,ประคอง วงค์นิกร,1951-09-24,3260200252472,,,,1,,,,,,,,,,,,,,,,,,,,,,,,,,,,2023-01-25 10:03:23,,,X,,E,,,,1,,,H,,,,,,0,,,,,,,O,2006-06-01,2020-09-30,,,,,0,,
13781,02,001973896,13781,001973896,,RTCS,คงศักดิ์ ประกอบศิลป์,1950-07-20,3240100487711,,,,1,,,,,,,,,,,,,,,,,,,,,,,,,,,,2016-02-17 13:13:55,,,,,U,,,,,,,H,,C,I21Q1Y,,,2000,,,,,,,O,2007-03-07,2018-03-07,,,,,0,,
13781,,002582240,13781,002582240,20633390,RTCS,แฉล้ม สินธิพงศ์,1931-01-01,3150400207935,,,,2,,,,,,,,,,,,,,,,,,,,,,,,,,,,2009-05-17 17:29:20.998000,,,D,,E,,,,1,,,H,,C,,,,2000,,,,,,,O,2005-01-06,2009-05-04,,,,,0,,
13781,02,004208394,13781,004208394,,RTCS,สมหญิง ทองคำ,1978-10-30,3640600019011,,,,2,,,,,,,,,,,,,,,,,,,,,,,,,,,,2019-07-31 16:27:11.998000,,,,,U,,,,,,,H,,C,DTEF9Y,,,2000,,,,,,,,2008-09-10,2099-12-31,,,,,0,,
13781,02,002474115,13781,002474115,,RTCS,บุญส่ง ไทรแก้ว,1942-08-04,3101700680106,,,,1,,,,,,,,,,,,,,,,,,,,,,,,,,,,2014-11-17 19:05:23,,,D,,E,,,,1,,,H,,C,นน0019/5,,,2000,,,,,,,O,2006-06-27,2014-11-18,,,,,0,,
13781,,002491993,13781,002491993,,RTCS,อัมพร อนันทยานนท์,1936-01-01,3191100082453,,,,2,,,,,,,,,,,,,,,,,,,,,,,,,,,,2014-09-17 14:57:17.998000,,,,,U,,,,,,,H,,C,EB48HQ,,,2000,,,,,,,O,2008-10-10,2016-10-10,,,,,0,,
13781,02,003315438,13781,003315438,,RTCS,สมพร แซ่ลิ้ม,1941-01-15,3520500024553,,,,2,,,,,,,,,,,,,,,,,,,,,,,,,,,,2014-01-02 15:13:15.998000,,,,,U,,,,,,,H,,C,JKDVDW,,,2000,,,,,,,O,2008-01-30,2016-01-30,,,,,0,,
13781,,004244341,13781,004244341,,RTCS,วนิดา ตันบุญเอก,1920-01-01,3102100431203,,,,2,,,,,,,,,,,,,,,,,,,,,,,,,,,,2012-12-02 15:32:11.999000,,,O,,E,,,,,,,H,,C,EEYA7V,,,2000,,,,,,,O,2008-09-27,2012-12-03,,,,,0,,
13781,,004024744,13781,004024744,,RTCS,อุดม เตชะเทพประวิทย์,1929-09-28,3101900330206,,,,1,,,,,,,,,,,,,,,,,,,,,,,,,,,,2009-02-02 18:44:51,,,D,,E,,,,,,,H,,C,E1HEH9,,,2000,,,,,,,O,2007-03-07,2009-02-03,,,,,0,,
13781,,004124316,13781,004124316,,RTCS,สุริยนต์ บุตรศรี,1945-02-05,3339900080248,,,,1,,,,,,,,,,,,,,,,,,,,,,,,,,,,2013-04-02 19:39:13,,,D,,E,,,,,,,H,,C,JYX286,,,2000,,,,,,,O,2007-07-25,2013-04-03,,,,,0,,
13781,02,002923715,13781,002923715,,RTCS,สมบูรณ์ โพธิชัย,1945-01-01,3750200055877,,,,2,,,,,,,,,,,,,,,,,,,,,,,,,,,,2014-06-17 17:28:01.999000,,,D,,E,,,,,,,H,,C,AJT7WC,,,2000,,,,,,,O,2007-04-19,2014-06-18,,,,,0,,
13781,02,002933697,13781,002933697,,RTCS,โกวิทย์ ฮูเซ็น,1953-08-08,4100500029824,,,,1,,,,,,,,,,,,,,,,,,,,,,,,,,,,2019-07-31 16:27:11.998000,,,,,U,,,,,,,H,,C,MFN6EK,,,2000,,,,,,,O,2008-04-17,2099-12-31,,,,,0,,
13781,,002887407,13781,002887407,,RTCS,สมพร พ่วงโพธิ์,1932-01-01,3100601472920,,,,2,,,,,,,,,,,,,,,,,,,,,,,,,,,,2010-07-04 12:42:23,,,D,,E,,,,,,,H,,C,EMQP9T,,,2000,,,,,,,O,2008-10-18,2010-07-05,,,,,0,,
13781,,004010645,13781,004010645,,RTCS,สนั่น หอมจันทร์,1944-04-07,3411300122014,,,,1,,,,,,,,,,,,,,,,,,,,,,,,,,,,2013-07-02 14:37:35,,,D,,E,,,,,,,H,,C,YJ1UML,,,2000,,,,,,,O,2006-08-04,2013-07-03,,,,,0,,
13781,02,002402618,13781,002402618,,RTCS,ธิติยา ท้วมมา,1951-10-29,3120200114798,,,,2,,,,,,,,,,,,,,,,,,,,,,,,,,,,2018-05-17 18:58:28.998000,,,D,,E,,,,,,,H,,C,FU7HJ7,,,2000,,,,,,,O,2007-03-30,2018-05-18,,,,,0,,
13781,,002648719,13781,002648719,,RTCS,บุญสม วัฒนปาณี,1954-07-13,3101800889287,,,,2,,,,,,,,,,,,,,,,,,,,,,,,,,,,2019-07-31 16:27:11.998000,,,,,U,,,,,,,H,,C,FP44V4,,,2000,,,,,,,O,2008-10-15,2099-12-31,,,,,0,,
13781,,004001677,13781,004001677,,RTCS,อาร์เชาว์ พิชเยนทรโยธิน,1926-04-14,3101401820763,,,,1,,,,,,,,,,,,,,,,,,,,,,,,,,,,2015-07-02 15:34:04,,,D,,E,,,,,,,H,,C,GDEAKU,,,2000,,,,,,,O,2008-10-25,2015-07-03,,,,,0,,
13781,,000979430,13781,000979430,,RTCS,สุดใจ จันทรวราทิตย์,1925-08-16,3101400941591,,,,2,,,,,,,,,,,,,,,,,,,,,,,,,,,,2013-07-02 14:37:35,,,D,,E,,,,,,,H,,C,K3OPF0,,,2000,,,,,,,O,2006-10-11,2013-07-03,,,,,0,,
13781,02,002958585,13781,002958585,,RTCS,อรุณศรี เอี่ยมวรเมธ,1928-05-17,3100902089467,,,,2,,,,,,,,,,,,,,,,,,,,,,,,,,,,2015-10-16 17:31:04.998000,,,D,,E,,,,,,,H,,C,DA4ZD5,,,2000,,,,,,,O,2008-02-11,2015-10-19,,,,,0,,
13781,02,002161820,13781,002161820,,RTCS,เกษม ทองรวย,1929-02-22,3710600230803,,,,1,,,,,,,,,,,,,,,,,,,,,,,,,,,,2018-04-17 19:02:34.998000,,,D,,E,,,,,,,H,,C,K26PS1,,,2000,,,,,,,O,2006-12-13,2018-04-18,,,,,0,,
13781,02,002264592,13781,002264592,,RTCS,สุนันท์ กล่อมประเสริฐ,1915-01-01,3101400774440,,,,2,,,,,,,,,,,,,,,,,,,,,,,,,,,,2018-02-17 16:56:13.998000,,,O,,E,,,,,,,H,,C,L2VGVN,,,2000,,,,,,,O,2018-01-19,2018-02-19,,,,,0,,
13781,,003978959,13781,003978959,,RTCS,ชาญ ภู่ศิริ,1926-09-26,3101701619761,,,,1,,,,,,,,,,,,,,,,,,,,,,,,,,,,2013-06-02 14:15:17.999000,,,D,,E,,,,,,,H,,C,G9VQQT,,,2000,,,,,,,O,2008-10-24,2013-06-03,,,,,0,,
13781,,003631468,13781,003631468,43215283,RTCL,ชูศรี ปัทมราช,1949-02-15,3140100463219,,,,2,,,,,,,,,,,,,,,,,,,,,,,,,,,,2009-10-05 08:27:33,,,O,,E,,,,1,,,H,,,,,,2000,,,,,,,O,2004-02-10,2009-10-05,,,,,0,,
13781,,001990260,13781,001990260,,RTCS,ทัศนีย์ กฤษณะเศรณี,1915-05-26,3100201886301,,,,2,,,,,,,,,,,,,,,,,,,,,,,,,,,,2010-04-02 16:55:27,,,D,,E,,,,,,,H,,C,EGYLCE,,,2000,,,,,,,O,2008-11-25,2010-04-05,,,,,0,,
13781,,004221192,13781,004221192,,RTCS,อุทัย พบสุวรรณ,1949-10-31,3249800043660,,,,1,,,,,,,,,,,,,,,,,,,,,,,,,,,,2018-10-31 09:57:36,,,D,,E,,,,,,,H,,C,AYVJDG,,,2000,,,,,,,O,2008-11-26,2018-09-03,,,,,0,,
13781,,001875184,13781,001875184,,RTCS,ดัชนี รัตนารักษ์,1965-09-25,3101202329083,,,,2,,,,,,,,,,,,,,,,,,,,,,,,,,,,2010-12-02 19:06:36,,,O,,E,,,,1,,,H,,C,17/2549,,,2000,,,,,,,O,2006-02-03,2010-12-03,,,,,0,,
13781,,003476562,13781,003476562,,RTCS,ชลดา บุญสนอง,1948-12-22,3100201715451,,,,2,,,,,,,,,,,,,,,,,,,,,,,,,,,,2009-11-03 08:41:17,,,D,,E,,,,,,,H,,C,GYN7RT,,,2000,,,,,,,O,2007-05-24,2009-11-03,,,,,0,,
13781,,004277669,13781,004277669,,RTCS,คนึง คีรีวัชรินทร์,1936-05-07,3310300752620,,,,1,,,,,,,,,,,,,,,,,,,,,,,,,,,,2009-01-21 16:51:54.998000,,,D,,E,,,,,,,H,,C,EDZA83,,,2000,,,,,,,O,2008-12-11,2009-01-05,,,,,0,,
13781,,002745671,13781,002745671,,RTCL,แฉ่ง โฉมศรี,1933-01-01,3240700034342,,,,2,,,,,,,,,,,,,,,,,,,,,,,,,,,,2015-08-17 17:28:42,,,O,,E,,,,,,,H,,,QZCC52,,,2000,,,,,,,O,2008-12-09,2015-08-18,,,,,0,,
13781,02,003669447,13781,003669447,,RTCS,อำภา ปราศราคี,1928-08-18,3100602257208,,,,2,,,,,,,,,,,,,,,,,,,,,,,,,,,,2023-04-24 09:33:06,,,D,,E,,,,,,,H,,C,HV5EB9,,,2000,,,,,,,O,2008-12-20,2023-04-03,,,,,0,,
13781,02,004282761,13781,004282761,,RTCS,ฉลอง ดอกยี่สุ่น,1957-08-20,3709900391363,,,,1,,,,,,,,,,,,,,,,,,,,,,,,,,,,2014-11-02 13:04:41.998000,,,D,,E,,,,,,,H,,C,B26J8F,,,2000,,,,,,,O,2008-12-18,2014-11-03,,,,,0,,
13781,,000666661,13781,000666661,29193799,RTCS,วิชัย ปิ่นทอง,1925-09-22,3101203484279,,,,1,,,,,,,,,,,,,,,,,,,,,,,,,,,,2010-11-02 18:34:01.998000,,,D,,E,,,,1,,,H,,C,ทส0303/1,,,2000,,,,,,,O,2005-12-19,2010-11-03,,,,,0,,
13781,,002931260,13781,002931260,,RTCS,สายัณ คดโมก,1949-11-01,3100500164499,,,,1,,,,,,,,,,,,,,,,,,,,,,,,,,,,2010-09-02 18:25:57.998000,,,O,,E,,,,,,,H,,C,G1QA8S,,,2000,,,,,,,O,2006-10-12,2010-09-03,,,,,0,,
13781,,002035732,13781,002035732,,RTCS,ชมบุญ ลิ่วเฉลิมวงศ์,1924-11-22,3101201700748,,,,2,,,,,,,,,,,,,,,,,,,,,,,,,,,,2010-10-03 17:35:37,,,D,,E,,,,,,,H,,C,HTLRUN,,,2000,,,,,,,O,2007-12-12,2010-10-04,,,,,0,,
13781,,002731264,13781,002731264,88475718,RTCS,กาญจนา พิพัฒนรังคะ,1945-01-01,5101799034216,,,,2,,,,,,,,,,,,,,,,,,,,,,,,,,,,2014-08-17 15:51:55,,,D,,E,,,,1,,,H,,C,,,,2000,,,,,,,O,2005-01-31,2014-08-18,,,,,0,,
13781,02,003883014,13781,003883014,,RTCS,ทนงศักดิ์ อำไพวิทย์,1945-01-29,3100901437003,,,,1,,,,,,,,,,,,,,,,,,,,,,,,,,,,2023-11-15 10:36:01,,,D,,E,,,,,,,H,,C,A1GST8,,,2000,,,,,,,O,2006-10-27,2023-11-03,,,,,0,,
13781,,004042870,13781,004042870,,RTCL,ยม ศรวณีย์,1917-01-01,3240500060960,,,,2,,,,,,,,,,,,,,,,,,,,,,,,,,,,2018-02-17 16:56:13.998000,,,O,,E,,,,,,,H,,,QJYBU6,,,2000,,,,,,,O,2008-11-01,2018-02-19,,,,,0,,
13781,,004275754,13781,004275754,,RTCS,สมศักดิ์ ม่วงทอง,1948-09-07,3620100455807,,,,1,,,,,,,,,,,,,,,,,,,,,,,,,,,,2011-12-02 16:37:22,,,O,,E,,,,,,,H,,C,JE3NVT,,,2000,,,,,,,O,2009-01-08,2011-12-06,,,,,0,,
13781,,003761886,13781,003761886,,RTCS,ริ้ว แกล้ววิทย์กิจ,1922-05-01,3100202946421,,,,2,,,,,,,,,,,,,,,,,,,,,,,,,,,,2009-06-02 19:38:46,,,D,,E,,,,,,,H,,C,H17VDB,,,2000,,,,,,,O,2006-10-09,2009-06-03,,,,,0,,
13781,02,003676254,13781,003676254,,RTCL,สมจิตต์ เนตรวัชรชัย,1938-12-15,3101401165161,,,,2,,,,,,,,,,,,,,,,,,,,,,,,,,,,2015-08-17 17:28:42,,,O,,E,,,,,,,H,,,QUQVXR,,,2000,,,,,,,O,2008-11-27,2015-08-18,,,,,0,,
13781,,003978914,13781,003978914,,RTCS,สุปราณี หล่อสุวรรณรัตน์,1928-01-01,3309900741694,,,,2,,,,,,,,,,,,,,,,,,,,,,,,,,,,2014-09-17 17:40:34,,,D,,E,,,,,,,H,,C,M3WOFV,,,2000,,,,,,,O,2006-11-22,2014-09-18,,,,,0,,
13781,02,003375273,13781,003375273,,RTCL,เสน่ห์ จำปาทอง,1954-10-02,3101701622436,,,,1,,,,,,,,,,,,,,,,,,,,,,,,,,,,2014-05-02 18:17:26.998000,,,O,,E,,,,,,,H,,,Q7TJKJ,,,2000,,,,,,,O,2008-09-21,2014-05-06,,,,,0,,
13781,02,004211742,13781,004211742,,RTCS,วิฑูรย์ ลิ้มปิยวรรณ,1950-04-25,3100800627443,,,,1,,,,,,,,,,,,,,,,,,,,,,,,,,,,2014-06-17 17:28:01.999000,,,D,,E,,,,,,,H,,C,BCQ92U,,,2000,,,,,,,O,2008-11-18,2014-06-18,,,,,0,,
13781,,004287816,13781,004287816,,RTCS,ประยูร บุญยัง,1946-03-12,3610400435151,,,,1,,,,,,,,,,,,,,,,,,,,,,,,,,,,2010-10-03 17:35:37,,,O,,E,,,,,,,H,,C,ML7XTM,,,2000,,,,,,,O,2009-01-13,2010-10-04,,,,,0,,
13781,02,002477023,13781,002477023,,RTCS,บัว เดชแพ,1940-02-05,3100501681080,,,,2,,,,,,,,,,,,,,,,,,,,,,,,,,,,2019-02-21 09:19:24.998000,,,D,,E,,,,,,,H,,C,EWL8JK,,,2000,,,,,,,O,2009-01-23,2019-02-18,,,,,0,,
13781,,004288581,13781,004288581,,RTCL,ปั่น ยิ้มแย้ม,1931-01-01,3640600389676,,,,2,,,,,,,,,,,,,,,,,,,,,,,,,,,,2015-08-17 17:28:42,,,O,,E,,,,,,,H,,C,Q97B2C,,,2000,,,,,,,O,2009-07-28,2015-08-18,,,,,0,,
13781,,004039929,13781,004039929,,RTCS,ใหญ่ กุลศิริ,1928-01-01,3100903513157,,,,2,,,,,,,,,,,,,,,,,,,,,,,,,,,,2019-12-06 16:53:57,,,D,,E,,,,,,,H,,C,COLL37,,,2000,,,,,,,O,2006-11-14,2019-12-03,,,,,0,,
13781,,004289498,13781,004289498,,RTCS,ภาณุมาศ สธัมบุตร,,1969900221036,,,,1,,,,,,,,,,,,,,,,,,,,,,,,,,,,2017-07-18 14:56:42.999000,,,C,,E,,,,,,,H,,C,L5KFZ9,HD,HD,1500,,5,,,,,O,2009-02-04,2017-07-18,,,,,0,,
13781,02,003688151,13781,003688151,,RTCS,ลัดดา แก้วขุนทอง,1928-04-15,5100200082604,,,,2,,,,,,,,,,,,,,,,,,,,,,,,,,,,2012-12-02 15:32:11.999000,,,D,,E,,,,,,,H,,C,L3ZZGD,,,2000,,,,,,,O,2008-09-26,2012-12-03,,,,,0,,
13781,02,000345503,13781,000345503,,RTCL,สมควร กลับประสิทธิ์,1930-03-10,3101700422069,,,,2,,,,,,,,,,,,,,,,,,,,,,,,,,,,2015-08-17 17:28:42,,,O,,E,,,,,,,H,,,Q2QR4C,,,2000,,,,,,,O,2008-08-21,2015-08-18,,,,,0,,
13781,,004285913,13781,004285913,,RTCS,แป๊ว ทองภูสวรรค์,1950-01-01,3251100205295,,,,2,,,,,,,,,,,,,,,,,,,,,,,,,,,,2011-06-02 17:31:32,,,D,,E,,,,,,,H,,C,L7BFUH,,,2000,,,,,,,O,2009-01-14,2011-06-03,,,,,0,,
13781,02,003549629,13781,003549629,,RTCS,เสริมสุข เที่ยงบุญ,1948-06-12,3100603363303,,,,2,,,,,,,,,,,,,,,,,,,,,,,,,,,,2013-01-02 17:28:53.999000,,,D,,E,,,,,,,H,,C,G3CM5E,,,2000,,,,,,,O,2006-10-16,2013-01-03,,,,,0,,
13781,02,003367627,13781,003367627,,RTCS,จรรยา ไทยจรรยา,1950-01-01,3449900088001,,,,2,,,,,,,,,,,,,,,,,,,,,,,,,,,,2017-06-02 17:36:23,,,C,,E,,,,1,,,H,,C,จบ0021/1,,,2000,,,,,,,O,2006-05-24,2017-06-05,,,,,0,,
13781,,002478681,13781,002478681,,RTCS,บุญชู ตั้งโสภณ,1926-01-01,3100400541088,,,,2,,,,,,,,,,,,,,,,,,,,,,,,,,,,2011-07-18 13:24:18,,,O,,E,,,,,,,H,,C,QSYV3C,,,2000,,,,,,,O,2009-02-02,2011-07-19,,,,,0,,
13781,02,003991531,13781,003991531,,RTCS,อุทัย กลายสุข,1947-04-10,3100601019664,,,,1,,,,,,,,,,,,,,,,,,,,,,,,,,,,2010-05-03 12:38:10,,,D,,E,,,,,,,H,,C,TNTA6H,,,2000,,,,,,,O,2006-06-06,2010-05-03,,,,,0,,
13781,,002755059,13781,002755059,,RTCS,ถวิล คุณแก้ว,1928-10-01,3341400664642,,,,1,,,,,,,,,,,,,,,,,,,,,,,,,,,,2009-08-02 17:01:48.999000,,,D,,E,,,,,,,H,,C,A3Y9VU,,,2000,,,,,,,O,2007-01-25,2009-08-03,,,,,0,,
13781,02,004293152,13781,004293152,,RTCS,บุษบา จินดาวงษ์,1946-03-17,3100504023016,,,,2,,,,,,,,,,,,,,,,,,,,,,,,,,,,2017-11-02 16:13:30,,,C,,E,,,,,,,H,,C,B8BR8B,,,2000,,,,,,,O,2009-02-23,2017-11-03,,,,,0,,
13781,,002941288,13781,002941288,71362957,RTCS,บำรุง ศิริล้วน,1934-12-12,3100201274471,,,,1,,,,,,,,,,,,,,,,,,,,,,,,,,,,2012-06-04 15:56:08.998000,,,D,,E,,,,1,,,H,,C,,,,2000,,,,,,,O,2005-01-31,2012-06-05,,,,,0,,
13781,,003485830,13781,003485830,,RTCL,พินิจ วัฒนกุล,1941-05-01,3251100138458,,,,1,,,,,,,,,,,,,,,,,,,,,,,,,,,,2015-08-17 17:28:42,,,O,,E,,,,,,,H,,C,QREPJ8,,,2000,,,,,,,O,2009-03-04,2015-08-18,,,,,0,,
13781,,002287573,13781,002287573,,RTCS,สนิท แซ่ลี้,1932-01-01,3709800037606,,,,1,,,,,,,,,,,,,,,,,,,,,,,,,,,,2009-10-05 08:27:33,,,D,,E,,,,,,,H,,C,BDQA6N,,,2000,,,,,,,O,2009-03-04,2009-10-05,,,,,0,,
13781,02,003513290,13781,003513290,,RTCS,บุญพิง นาคบุตร,1936-12-06,3101400438253,,,,1,,,,,,,,,,,,,,,,,,,,,,,,,,,,2015-09-02 15:55:07,,,D,,E,,,,,,,H,,C,N3I4I9,,,2000,,,,,,,O,2006-02-08,2015-09-03,,,,,0,,
13781,02,003687900,13781,003687900,,RTCL,คำไข่ วงศาสนธิ์,1926-06-27,3340400252912,,,,2,,,,,,,,,,,,,,,,,,,,,,,,,,,,2015-08-17 17:28:42,,,O,,E,,,,,,,H,,,QMWBWD,,,2000,,,,,,,O,2009-03-06,2015-08-18,,,,,0,,
13781,,001482282,13781,001482282,,RTCS,จินตนา กำบรรณารักษ์,1935-01-01,3120300056854,,,,2,,,,,,,,,,,,,,,,,,,,,,,,,,,,2013-05-02 15:55:07,,,D,,E,,,,1,,,H,,C,ศธ0518.0,,,2000,,,,,,,O,2006-03-07,2013-05-03,,,,,0,,
13781,,003844699,13781,003844699,,RTCL,ลม้าย แซ่จง,1960-10-30,3102201757996,,,,2,,,,,,,,,,,,,,,,,,,,,,,,,,,,2015-08-17 17:28:42,,,O,,E,,,,,,,H,,,QCNXCB,,,2000,,,,,,,O,2009-01-12,2015-08-18,,,,,0,,
13781,02,004300303,13781,004300303,,RTCS,น้อย จู้อี้,1942-01-01,3601000087246,,,,2,,,,,,,,,,,,,,,,,,,,,,,,,,,,2019-07-31 16:27:16,,,,,U,,,,,,,H,,C,CT6GCY,,,2000,,,,,,,O,2009-03-12,2099-12-31,,,,,0,,
13781,,004306656,13781,004306656,,RTCS,พวง ปิงมะโม,1917-08-14,3559900104340,,,,2,,,,,,,,,,,,,,,,,,,,,,,,,,,,2010-08-02 17:36:10.998000,,,D,,E,,,,,,,H,,C,GM3S4W,,,2000,,,,,,,O,2009-03-09,2010-08-03,,,,,0,,
13781,02,003632298,13781,003632298,,RTCS,วินิตย์ ทองกระจ่าง,1949-01-25,3160101488959,,,,1,,,,,,,,,,,,,,,,,,,,,,,,,,,,2018-06-21 11:35:03.998000,,,O,,E,,,,,,,H,,C,HTL3XN,,,2000,,,,,,,O,2009-03-23,2018-06-03,,,,,0,,
13781,,003192545,13781,003192545,,RTCS,พรรณี กลีบจินดา,1938-03-12,3100990001991,,,,2,,,,,,,,,,,,,,,,,,,,,,,,,,,,2019-10-11 10:13:31,,,O,,E,,,,,,,H,,C,I3YDNK,,,2000,,,,,,,O,2007-02-09,2019-10-03,,,,,0,,
13781,02,003306606,13781,003306606,,RTCS,สมบูรณ์ แพ่งพิบูลย์,1935-01-01,3110400355471,,,,2,,,,,,,,,,,,,,,,,,,,,,,,,,,,2017-01-03 15:44:10.999000,,,C,,E,,,,,,,H,,C,HK26GU,,,2000,,,,,,,O,2008-07-25,2017-01-04,,,,,0,,
13781,02,004045937,13781,004045937,,RTCS,ธีระชาติ คงศิริวรกูล,1948-12-05,3120100369662,,,,1,,,,,,,,,,,,,,,,,,,,,,,,,,,,2015-07-02 15:34:04,,,D,,E,,,,,,,H,,C,HQ65UF,,,2000,,,,,,,O,2007-04-11,2015-07-03,,,,,0,,
13781,02,000849123,13781,000849123,,RTCL,ลำใย ช่างเงิน,1938-08-10,3100200190915,,,,2,,,,,,,,,,,,,,,,,,,,,,,,,,,,2015-08-17 17:28:42,,,O,,E,,,,,,,H,,,QWKJV2,,,2000,,,,,,,O,2008-03-13,2015-08-18,,,,,0,,
13781,,003445857,13781,003445857,,RTCS,เพ็ชรใส คงผึ้ง,1931-08-13,3609900363395,,,,2,,,,,,,,,,,,,,,,,,,,,,,,,,,,2010-02-02 18:23:34,,,D,,E,,,,,,,H,,C,FXYBHC,,,2000,,,,,,,O,2007-11-02,2010-02-03,,,,,0,,
13781,02,003279041,13781,003279041,12084392,RTCS,สุภา พงศ์สุวรรณ,1936-06-01,3100602677711,,,,2,,,,,,,,,,,,,,,,,,,,,,,,,,,,2016-11-02 16:53:50,,,O,,E,,,,,,,H,,C,Z8T937,,,2000,,,,,,,O,2006-02-01,2016-11-03,,,,,0,,
13781,02,001098901,13781,001098901,,RTCS,บุรินทร์ พิชิตณรงค์ชัย,1948-01-01,3102002732195,,,,1,,,,,,,,,,,,,,,,,,,,,,,,,,,,2014-06-17 17:28:01.999000,,,D,,E,,,,,,,H,,C,C2P78V,,,2000,,,,,,,O,2007-03-15,2014-06-18,,,,,0,,
13781,02,002104720,13781,002104720,,RTCS,จันดี วัชรพรรณ,1923-10-01,3101400462570,,,,2,,,,,,,,,,,,,,,,,,,,,,,,,,,,2012-09-02 15:06:19.998000,,,D,,E,,,,,,,H,,C,A2VCYM,,,2000,,,,,,,O,2007-01-11,2012-09-03,,,,,0,,
13781,,003597556,13781,003597556,,RTCS,มนตรี วรสินธุ์,1947-04-20,3309901466786,,,,1,,,,,,,,,,,,,,,,,,,,,,,,,,,,2012-06-04 15:56:08.998000,,,D,,E,,,,,,,H,,C,EDCHTY,,,2000,,,,,,,O,2008-01-02,2012-06-05,,,,,0,,
13781,02,004100720,13781,004100720,,RTCS,ยิ้ม ภู่เพียนเลิศ,1946-11-06,3100400632890,,,,1,,,,,,,,,,,,,,,,,,,,,,,,,,,,2023-01-20 13:59:40.998000,,,D,,E,,,,,,,H,,C,DZQBXX,,,2000,,,,,,,O,2007-11-23,2023-01-18,,,,,0,,
13781,,002512651,13781,002512651,,RTCS,บุญรอด ยิ้มอ่อน,1921-01-01,3101900001610,,,,2,,,,,,,,,,,,,,,,,,,,,,,,,,,,2012-04-02 17:35:25.998000,,,D,,E,,,,,,,H,,C,BFYRKD,,,2000,,,,,,,O,2009-05-01,2012-04-03,,,,,0,,
13781,,001423013,13781,001423013,,RTCS,ซุ่นอี่ แซ่โล้ว,1931-01-01,3609700173495,,,,2,,,,,,,,,,,,,,,,,,,,,,,,,,,,2012-09-02 15:06:19.998000,,,D,,E,,,,,,,H,,C,A2RFLF,,,2000,,,,,,,O,2007-10-09,2012-09-03,,,,,0,,
13781,,004316743,13781,004316743,,RTCL,กฤตยา จิณณวาโส,1956-08-07,3100503119036,,,,2,,,,,,,,,,,,,,,,,,,,,,,,,,,,2019-07-31 16:27:16,,,,,U,,,,,,,H,,,CBZYXS,,,2000,,,,,,,O,2009-04-16,2099-12-31,,,,,0,,
13781,,002637063,13781,002637063,,RTCS,เปรม สัตย์ซื่อ,1933-10-20,3100201863794,,,,2,,,,,,,,,,,,,,,,,,,,,,,,,,,,2011-12-17 14:54:41.998000,,,O,,E,,,,1,,,H,,C,ศธ0210.1,,,2000,,,,,,,O,2006-09-25,2011-12-19,,,,,0,,
13781,,004296014,13781,004296014,,"RTCS,",สมัย คมกริส,1925-08-27,3101300004901,,,,1,,,,,,,,,,,,,,,,,,,,,,,,,,,,2010-07-04 12:42:23,,,D,,E,,,,,,,H,,C,HN6G52,,,2000,,,,,,,O,2009-04-23,2010-07-05,,,,,0,,
13781,,004296522,13781,004296522,,RTCS,วิษณุ ตันเรืองศิลป์,1955-06-27,4100900006040,,,,1,,,,,,,,,,,,,,,,,,,,,,,,,,,,2019-02-07 11:41:35.998000,,,D,,E,,,,,,,H,,C,FZ2DNE,,,2000,,,,,,,O,2009-03-02,2019-02-03,,,,,0,,
13781,,003853905,13781,003853905,,RTCS,สมบัติ โฆสิตธรรม,1935-08-15,3100904358872,,,,1,,,,,,,,,,,,,,,,,,,,,,,,,,,,2013-10-17 18:09:19.999000,,,D,,E,,,,,,,H,,C,JEC6V3,,,2000,,,,,,,O,2007-02-14,2013-10-18,,,,,0,,
13781,,004111465,13781,004111465,,RTCS,วันชัย เติมจิตรอารีย์,1944-04-10,3101600169558,,,,1,,,,,,,,,,,,,,,,,,,,,,,,,,,,2012-12-02 15:32:11.999000,,,D,,E,,,,,,,H,,C,BSVFJB,,,2000,,,,,,,O,2007-09-04,2012-12-03,,,,,0,,
13781,02,002607591,13781,002607591,10235140,RTCS,เฉลิมศรี เฉตระการ,1940-09-20,3102002762574,,,,2,,,,,,,,,,,,,,,,,,,,,,,,,,,,2019-02-21 09:19:22,,,D,,E,,,,1,,,H,,C,,,,2000,,,,,,,O,2004-03-11,2019-02-18,,,,,0,,
13781,,004338139,13781,004338139,,RTCL,ทองคำ ธวัชสุภา,1923-01-01,3102200497907,,,,2,,,,,,,,,,,,,,,,,,,,,,,,,,,,2014-12-02 17:35:45,,,O,,E,,,,,,,H,,C,QVHUWC,,,2000,,,,,,,O,2009-06-15,2014-12-03,,,,,0,,
13781,02,004077924,13781,004077924,,RTCS,ทวี เสาะการ,1930-01-01,3250600053965,,,,2,,,,,,,,,,,,,,,,,,,,,,,,,,,,2010-10-03 17:35:37,,,O,,E,,,,,,,H,,C,FVXTM6,,,2000,,,,,,,O,2009-03-14,2010-10-04,,,,,0,,
13781,02,003145645,13781,003145645,,RTCS,วนา สุดมี,1943-11-09,3189900093660,,,,2,,,,,,,,,,,,,,,,,,,,,,,,,,,,2022-11-08 15:01:58.998000,,,D,,E,,,,,,,H,,C,JNTSB6,,,2000,,,,,,,O,2009-01-19,2022-11-03,,,,,0,,
13781,02,004021493,13781,004021493,,RTCS,อาลี พุ่มหิรัญ,1959-08-15,3100600271432,,,,1,,,,,,,,,,,,,,,,,,,,,,,,,,,,2019-10-11 10:13:26,,,O,,E,,,,,,,H,,C,B51U6M,,,2000,,,,,,,O,2006-10-05,2019-10-03,,,,,0,,
13781,02,003737281,13781,003737281,,RTCS,ทำนอง เหมือนสร้อย,1950-02-20,3100601334462,,,,1,,,,,,,,,,,,,,,,,,,,,,,,,,,,2014-09-17 17:40:34,,,D,,E,,,,,,,H,,C,AEYSN6,,,2000,,,,,,,O,2009-05-27,2014-09-18,,,,,0,,
13781,,002379148,13781,002379148,,RTCS,กร่าง ฉ่ำชื่นวงศ์,1924-11-22,3730300377124,,,,1,,,,,,,,,,,,,,,,,,,,,,,,,,,,2013-02-17 15:48:00.999000,,,O,,E,,,,,,,H,,C,CAPPCC,,,2000,,,,,,,O,2009-07-09,2013-02-18,,,,,0,,
13781,,004062936,13781,004062936,,RTCS,จำรัส เจริญสุข,1947-01-01,3230100328281,,,,2,,,,,,,,,,,,,,,,,,,,,,,,,,,,2013-05-02 15:55:07,,,D,,E,,,,,,,H,,C,H852B5,,,2000,,,,,,,O,2008-06-26,2013-05-03,,,,,0,,
13781,02,002983649,13781,002983649,,RTCS,ประพันธ์ ศิริคุรุรัตน์,1958-10-23,3100601047111,,,,1,,,,,,,,,,,,,,,,,,,,,,,,,,,,2019-07-31 16:27:16,,,,,U,,,,,,,H,,C,B5Y9ZU,,,2000,,,,,,,O,2009-06-26,2099-12-31,,,,,0,,
13781,,004339725,13781,004339725,,RTCS,สุพี พุทธภูมิ,1951-01-01,3330900190428,,,,2,,,,,,,,,,,,,,,,,,,,,,,,,,,,2014-09-17 17:40:34,,,D,,E,,,,,,,H,,C,DD9Q5J,,,2000,,,,,,,O,2009-06-19,2014-09-18,,,,,0,,
13781,,004276891,13781,004276891,,RTCS,ประสิทธิ์ โรจนสุนทร,1925-01-12,3100601348625,,,,1,,,,,,,,,,,,,,,,,,,,,,,,,,,,2014-05-18 15:49:03,,,,,U,,,,,,,H,,C,CJZEVV,,,2000,,,,,,,O,2008-12-20,2016-05-20,,,,,0,,
13781,,001827758,13781,001827758,08004715,RTCS,สมัย เมืองมาหล้า,1951-06-06,3350800463708,,,,2,,,,,,,,,,,,,,,,,,,,,,,,,,,,2015-02-17 17:49:14,,,D,,E,,,,1,,,H,,C,,,,2000,,,,,,,O,2005-05-17,2015-02-18,,,,,0,,
13781,02,003500881,13781,003500881,58552962,RTCS,บุปผา เทศจีบ,1945-04-30,3120500151699,,,,2,,,,,,,,,,,,,,,,,,,,,,,,,,,,2017-03-02 18:19:54,,,C,,E,,,,,,,H,,C,กษ1203/1,,,2000,,,,,,,O,2005-12-28,2017-03-03,,,,,0,,
13781,02,003700969,27442,56-022,,"RTUC,RTCS",สุทัศน์ แก้วเพชร,,3120100141017,,,,1,,,,,,,,,,,,,,,,,,,,,,,,,,,,2016-04-18 10:44:13.998000,,,D,,E,,,,,G,,H,,C,HRK36XRD,HD,HD,1500,,8,,,,,O,2015-08-03,2016-04-03,,,,,0,,
13781,,003927887,13781,003927887,,RTCS,สัมพันธ์ รุจิเรขาสุวรรณ,1949-05-20,3140700097264,,,,1,,,,,,,,,,,,,,,,,,,,,,,,,,,,2019-07-31 16:27:16.998000,,,,,U,,,,,,,H,,C,L3AH7O,,,2000,,,,,,,O,2006-12-18,2099-12-31,,,,,0,,
13781,,001875115,13781,001875115,,RTCS,วิเชียร ปานโต,1945-03-17,3102201277170,,,,1,,,,,,,,,,,,,,,,,,,,,,,,,,,,2019-07-31 16:27:16.998000,,,,,U,,,,1,,,H,,C,คค0403/1,,,2000,,,,,,,O,2006-08-23,2099-12-31,,,,,0,,
13781,,002881979,13781,002881979,,RTCS,มณฑล ปรีชาธีรศาสตร์,1926-02-21,3130100015631,,,,1,,,,,,,,,,,,,,,,,,,,,,,,,,,,2011-09-02 18:23:24.999000,,,D,,E,,,,,,,H,,C,RPTDOO,,,2000,,,,,,,O,2006-09-19,2011-09-05,,,,,0,,
13781,02,003156398,13781,003156398,73820318,RTCL,ทองอยู่ แซ่เตียว,1935-01-01,3331000438441,,,,2,,,,,,,,,,,,,,,,,,,,,,,,,,,,2010-11-02 18:34:01.998000,,,D,,E,,,,1,,,H,,,,,,2000,,,,,,,O,2004-11-23,2010-11-03,,,,,0,,
13781,02,003841837,13781,003841837,,RTCL,ฟีอี คล้อยวิถี,1948-08-10,3100905030757,,,,1,,,,,,,,,,,,,,,,,,,,,,,,,,,,2019-07-31 15:59:32,,,D,,E,,,,,,,H,,,Q7V9TL,,,2000,,,,,,,O,2009-05-04,2019-01-18,,,,,0,,
13781,02,002359760,13781,002359760,69101506,RTCS,หุ่น ทรัพย์สมรวย,1935-01-01,3100905197171,,,,2,,,,,,,,,,,,,,,,,,,,,,,,,,,,2018-02-17 16:56:13.998000,,,D,,E,,,,1,,,H,,C,,,,2000,,,,,,,,2004-11-12,2018-02-19,,,,,0,,
13781,02,004022961,13781,004022961,,RTCS,เพ็ญวดี  ขนอม,1946-05-10,3840200671631,,,,2,,,,,,,,,,,,,,,,,,,,,,,,,,,,2014-11-17 19:05:23,,,D,,E,,,,,,,H,,C,C1AZUZ,,,2000,,,,,,,,2006-10-31,2014-11-18,,,,,0,,
13781,02,004354596,13781,004354596,,RTCS,จิตตรา ปิ่นมุข,1960-01-30,3102001849897,,,,2,,,,,,,,,,,,,,,,,,,,,,,,,,,,2019-07-04 09:33:58,,,D,,E,,,,,,,H,,C,B7YR8P,,,2000,,,,,,,,2009-08-05,2019-07-03,,,,,0,,
13781,,004081074,13781,004081074,,RTCS,วิไล ธนาสว่างกุล,1940-01-01,3100400868991,,,,2,,,,,,,,,,,,,,,,,,,,,,,,,,,,2011-03-02 18:24:42,,,D,,E,,,,,,,H,,C,K3Z8Q8,,,2000,,,,,,,,2009-08-11,2011-03-03,,,,,0,,
13781,02,002032160,13781,002032160,,RTCS,อรพินทร์ สราญสุทธิ์,1948-01-28,3529900051173,,,,2,,,,,,,,,,,,,,,,,,,,,,,,,,,,2023-08-21 14:10:13.999000,,,D,,E,,,,,,,H,,C,HHTELT,,,2000,,,,,,,,2009-08-24,2023-08-18,,,,,0,,
13781,,002821085,13781,002821085,,RTCS,วิโรจน์ อาทรมิตร,1934-11-10,3100501710161,,,,1,,,,,,,,,,,,,,,,,,,,,,,,,,,,2014-09-17 17:40:34,,,D,,E,,,,,,,H,,C,A1AVQT,,,2000,,,,,,,,2007-01-30,2014-09-18,,,,,0,,
13781,,004194633,13781,004194633,,RTCS,สุรางค์ พิศาลพันธุ์,1958-12-05,3200900135762,,,,,,,,,,,,,,,,,,,,,,,,,,,,,,,,2019-08-20 09:59:34,,,D,,E,,,,,,,H,,C,KR2ALE,,,2000,,,,,,,O,2009-01-12,2019-08-18,,,,,0,,
13781,02,001402867,13781,001402867,03037812,RTCS,วิไลลักษณ์ หอมทรัพย์,1962-12-13,3120200367441,,,,2,,,,,,,,,,,,,,,,,,,,,,,,,,,,2013-08-02 16:39:52,,,D,,E,,,,1,,,H,,C,พม0301.5,,,2000,,,,,,,,2005-12-07,2013-08-05,,,,,0,,
13781,02,003642391,13781,003642391,,RTCL,ประสิทธิ์ จักรปล้อง,1937-01-11,3120100740816,,,,1,,,,,,,,,,,,,,,,,,,,,,,,,,,,2017-11-18 12:15:05.998000,,,C,,E,,,,,,,H,,,QI0Q7B,,,2000,,,,,,,,2006-03-17,2017-11-20,,,,,0,,
13781,02,004295180,13781,004295180,,RTCS,ประเทือง คลังทอง,1937-02-05,3361200054671,,,,2,,,,,,,,,,,,,,,,,,,,,,,,,,,,2018-02-17 16:56:13.998000,,,D,,E,,,,,,,H,,C,B4Q2BX,,,2000,,,,,,,,2009-02-11,2018-02-19,,,,,0,,
13781,,003429722,13781,003429722,56760788,"RTCS,",ฉันท์ บุรารักษ์,1919-06-15,3709900289208,,,,1,,,,,,,,,,,,,,,,,,,,,,,,,,,,2010-06-02 17:10:03,,,D,,E,,,,1,,,H,,C,,,,2000,,,,,,,,2004-02-10,2010-06-03,,,,,0,,
13781,,002137544,13781,002137544,,RTCS,บุญมี อินทรสอน,1928-01-01,3100501524693,,,,2,,,,,,,,,,,,,,,,,,,,,,,,,,,,2010-08-02 17:36:10.998000,,,D,,E,,,,,,,H,,C,G8DAS5,,,2000,,,,,,,,2007-05-15,2010-08-03,,,,,0,,
13781,02,003605414,13781,003605414,,RTCS,ธนจักร ริจิรวนิช,1972-09-08,3101300308293,,,,1,,,,,,,,,,,,,,,,,,,,,,,,,,,,2019-07-31 16:27:17.998000,,,,,U,,,,,,,H,,C,GDY6FN,,,2000,,,,,,,,2007-04-11,2099-12-31,,,,,0,,
13781,,003758409,13781,003758409,,RTCL,สุทิน แซ่อุย,1961-01-01,3180500194380,,,,1,,,,,,,,,,,,,,,,,,,,,,,,,,,,2021-10-07 10:09:21.998000,,,D,,E,,,,,,,H,,,QD343E,,,2000,,,,,,,,2008-11-12,2021-10-03,,,,,0,,
13781,02,002930159,13781,002930159,,RTCS,ผจญ อาจอรุณ,1949-05-20,3100201391230,,,,1,,,,,,,,,,,,,,,,,,,,,,,,,,,,2013-10-02 19:02:13.999000,,,O,,E,,,,,,,H,,C,M1BAOD,,,2000,,,,,,,,2006-11-13,2013-10-03,,,,,0,,
13781,02,002527875,13781,002527875,,RTCS,ฉลอง เวียงทอง,1947-12-02,5550500129971,,,,2,,,,,,,,,,,,,,,,,,,,,,,,,,,,2018-04-02 17:12:54.998000,,,D,,E,,,,,,,H,,C,F102X0,,,2000,,,,,,,,2006-10-13,2018-04-03,,,,,0,,
13781,,002502500,13781,002502500,,RTCS,ยี่ฟู่ อ่องไพบูลย์,1929-12-19,3909900077080,,,,2,,,,,,,,,,,,,,,,,,,,,,,,,,,,2014-06-17 17:28:01.999000,,,D,,E,,,,1,,,H,,C,,,,2000,,,,,,,,2005-05-04,2014-06-18,,,,,0,,
13781,,003702894,13781,003702894,78850316,RTCS,ปรีชา สังขะรามณ์,1940-10-15,3100202862813,,,,1,,,,,,,,,,,,,,,,,,,,,,,,,,,,2011-07-03 13:33:14.998000,,,D,,E,,,,1,,,H,,C,,,,2000,,,,,,,,2004-04-01,2011-07-04,,,,,0,,
13781,,001679041,13781,001679041,,RTCS,สงัด ผลเกิด,1933-12-02,3100905762383,,,,2,,,,,,,,,,,,,,,,,,,,,,,,,,,,2012-01-03 15:08:19.999000,,,D,,E,,,,,,,H,,C,C1229T,,,2000,,,,,,,,2006-10-24,2012-01-04,,,,,0,,
13781,,002157878,13781,002157878,,RTCS,สุพิชา รัตนประทุม,1938-06-08,3102002762353,,,,2,,,,,,,,,,,,,,,,,,,,,,,,,,,,2013-05-17 17:54:47,,,D,,E,,,,,,,H,,C,SXAFMB,,,2000,,,,,,,,2006-03-10,2013-05-20,,,,,0,,
13781,02,004374876,13781,004374876,,RTCS,ทองใบ เนียมโห้,1955-11-26,3100503408917,,,,1,,,,,,,,,,,,,,,,,,,,,,,,,,,,2017-10-02 14:32:24,,,C,,E,,,,,,,H,,C,AREV9T,,,2000,,,,,,,,2009-10-07,2017-10-03,,,,,0,,
13781,,004376274,13781,004376274,,RTCS,บุญลือ พิมพ์หนู,1953-12-12,3670800584341,,,,1,,,,,,,,,,,,,,,,,,,,,,,,,,,,2012-12-02 15:32:11.999000,,,,,U,,,,,,,H,,C,K8LLSL,,,2000,,,,,,,,2009-10-13,2014-12-04,,,,,0,,
13781,02,003994715,13781,003994715,,RTCS,อำนวย แรงไม่ลด,1952-01-14,3101700765934,,,,1,,,,,,,,,,,,,,,,,,,,,,,,,,,,2017-09-03 11:59:03.999000,,,C,,E,,,,1,,,H,,C,พว.0002/,,,2000,,,,,,,,2006-08-21,2017-09-04,,,,,0,,
13781,,002993461,13781,002993461,,RTCL,อารมณ์ศรี แสงมณี,1941-03-16,3120101549125,,,,2,,,,,,,,,,,,,,,,,,,,,,,,,,,,2013-07-17 15:24:58,,,O,,E,,,,,,,H,,,QFWY9L,,,2000,,,,,,,,2008-12-20,2013-07-18,,,,,0,,
13781,,003082916,13781,003082916,74583243,RTCS,สกนธ์ แนวมาลี,1919-03-09,3101701524302,,,,1,,,,,,,,,,,,,,,,,,,,,,,,,,,,2015-05-17 14:10:40.998000,,,D,,E,,,,1,,,H,,C,,,,2000,,,,,,,,2004-09-08,2015-05-18,,,,,0,,
13781,02,003437674,13781,003437674,82513362,RTCS,ประสาธน์ ชื่นบุญ,1931-09-02,3100904074327,,,,2,,,,,,,,,,,,,,,,,,,,,,,,,,,,2018-02-17 16:56:13.998000,,,D,,E,,,,,,,H,,C,EDIDQ3,,,2000,,,,,,,,2005-12-19,2018-02-19,,,,,0,,
13781,02,000013278,13781,000013278,,RTCS,ยุพิน สุวจิตตานนท์,1929-12-09,3100600643178,,,,2,,,,,,,,,,,,,,,,,,,,,,,,,,,,2024-02-21 08:26:38.998000,,,D,,E,,,,,,,H,,C,BAUZ2G,,,2000,,,,,,,,2008-03-26,2024-02-19,,,,,0,,
13781,,004370574,13781,004370574,,RTCS,บรรทม สนนิวาส,1935-01-01,3230500041035,,,,2,,,,,,,,,,,,,,,,,,,,,,,,,,,,2011-07-03 13:33:14.998000,,,D,,E,,,,,,,H,,C,LLJQY6,,,2000,,,,,,,,2009-10-21,2011-07-04,,,,,0,,
13781,02,003687840,13781,003687840,,RTCS,จำลอง พฤกษ์ชัฏ,1931-06-28,3100201240525,,,,1,,,,,,,,,,,,,,,,,,,,,,,,,,,,2014-11-02 13:04:41.998000,,,D,,E,,,,,,,H,,C,E33L2M,,,2000,,,,,,,,2007-03-09,2014-11-03,,,,,0,,
13781,,004365240,13781,004365240,,RTCS,สมจิตต์ ปาลบุญ,1934-08-06,3100500573666,,,,2,,,,,,,,,,,,,,,,,,,,,,,,,,,,2010-05-03 12:38:10,,,D,,E,,,,,,,H,,C,GY3T5E,,,2000,,,,,,,,2009-10-08,2010-05-03,,,,,0,,
13781,02,002549068,13781,002549068,49506792,RTCS,สมควร พุ่มพวง,1955-12-06,3102400996427,,,,1,,,,,,,,,,,,,,,,,,,,,,,,,,,,2018-04-17 19:02:34.998000,,,O,,E,,,,1,,,H,,C,,,,2000,,,,,,,,2005-08-09,2018-04-18,,,,,0,,
13781,,004059141,13781,004059141,,RTCS,นนทิกร เย็นตระกูล,1957-04-10,3100600975081,,,,1,,,,,,,,,,,,,,,,,,,,,,,,,,,,2015-10-02 17:36:42,,,O,,E,,,,,,,H,,C,K120W2,,,2000,,,,,,,,2007-01-25,2015-10-05,,,,,0,,
13781,,003853365,13781,003853365,56162540,"RTCS,",มณี ขันธบรรพ,1940-11-01,3149900223130,,,,2,,,,,,,,,,,,,,,,,,,,,,,,,,,,2010-07-04 12:42:23,,,D,,E,,,,,,,H,,C,BL95BT,,,2000,,,,,,,,2005-12-07,2010-07-05,,,,,0,,
13781,,004387992,13781,004387992,,RTCS,คำ ผู้มีสัตย์,1938-05-18,3331001263482,,,,2,,,,,,,,,,,,,,,,,,,,,,,,,,,,2012-08-05 14:34:00,,,D,,E,,,,,,,H,,C,EUD5Y2,,,2000,,,,,,,,2009-12-09,2012-08-06,,,,,0,,
13781,,003910768,13781,003910768,,RTCS,ชลรัตน์ โชยะสิทธิ์,1957-09-02,3369900127147,,,,1,,,,,,,,,,,,,,,,,,,,,,,,,,,,2010-08-02 17:36:10.998000,,,O,,E,,,,,,,H,,C,A2FPPW,,,2000,,,,,,,,2006-12-08,2010-08-03,,,,,0,,
13781,02,004342550,13781,004342550,,RTCS,ศศิวิมล พชรปกรณ์พงศ์,1991-12-19,1820500082325,,,,2,,,,,,,,,,,,,,,,,,,,,,,,,,,,2012-01-03 15:08:19.999000,,,O,,E,,,,,,,H,,C,ABHD5V,,,2000,,,,,,,,2009-11-23,2012-01-04,,,,,0,,
13781,,003599974,13781,003599974,,RTCS,ขิ้งโม้ย แซ่เจี้ยง,1930-01-01,3102002774408,,,,2,,,,,,,,,,,,,,,,,,,,,,,,,,,,2011-10-02 15:02:43.998000,,,D,,E,,,,,,,H,,C,DLM7B2,,,2000,,,,,,,,2009-10-12,2011-10-03,,,,,0,,
13781,,003142934,13781,003142934,,RTCS,เจตนิพิฐ แสนสุข,1944-12-29,3140500127780,,,,2,,,,,,,,,,,,,,,,,,,,,,,,,,,,2014-05-18 15:49:03,,,D,,E,,,,,,,H,,C,HDY3BA,,,2000,,,,,,,,2008-10-12,2014-05-19,,,,,0,,
13781,,004113877,13781,004113877,,RTCS,สมพงษ์ ด้วงอินทร์,1936-11-03,3530900047127,,,,2,,,,,,,,,,,,,,,,,,,,,,,,,,,,2011-09-02 18:23:24.999000,,,D,,E,,,,,,,H,,C,EE4RKF,,,2000,,,,,,,O,2008-02-11,2011-09-05,,,,,0,,
13781,02,000291400,13781,000291400,,RTCS,ลำใย อินทรประสิทธิ์,1938-12-06,3100603025581,,,,2,,,,,,,,,,,,,,,,,,,,,,,,,,,,2016-12-02 17:11:44,,,D,,E,,,,1,,,H,,C,,,,2000,,,,,,,,2004-02-10,2016-12-06,,,,,0,,
13781,,003194870,13781,003194870,,"RTCS,",มนตรี หนูสันเทียะ,1956-09-16,3100503803611,,,,1,,,,,,,,,,,,,,,,,,,,,,,,,,,,2010-07-04 12:42:23,,,O,,E,,,,,,,H,,C,D1DSGR,,,2000,,,,,,,,2007-02-27,2010-07-05,,,,,0,,
13781,,004329224,13781,004329224,,RTCS,นิล บุญอำไพ,1945-03-28,3100200946700,,,,2,,,,,,,,,,,,,,,,,,,,,,,,,,,,2012-10-02 18:06:40.998000,,,O,,E,,,,,,,H,,C,HF9YRP,,,2000,,,,,,,,2009-05-19,2012-10-03,,,,,0,,
13781,02,002870428,13781,002870428,,RTCS,บุญธรรม อินทร์มั่น,1939-05-01,3160100153139,,,,2,,,,,,,,,,,,,,,,,,,,,,,,,,,,2011-06-02 17:31:32,,,D,,E,,,,,,,H,,C,HXPZBM,,,2000,,,,,,,,2008-04-23,2011-06-03,,,,,0,,
13781,,003514529,13781,003514529,,RTCS,รัตนาภรณ์ ทองเงิน,1952-04-15,3119900586968,,,,2,,,,,,,,,,,,,,,,,,,,,,,,,,,,2010-05-03 12:38:10,,,D,,E,,,,1,,,H,,C,กห 0503/,,,2000,,,,,,,,2006-05-08,2010-05-03,,,,,0,,
13781,02,001999089,13781,001999089,,RTCS,เสรี เศรษฐศิโรตม์,1944-08-31,3110200036487,,,,1,,,,,,,,,,,,,,,,,,,,,,,,,,,,2021-08-19 16:21:57,,,D,,E,,,,,,,H,,C,ST4CZF,,,2000,,,,,,,,2006-05-04,2021-08-18,,,,,0,,
13781,,000315455,13781,000315455,,RTCS,ลดาวัลย์ ทีฑพุฒิปัญญา,1938-07-01,3700700570894,,,,2,,,,,,,,,,,,,,,,,,,,,,,,,,,,2014-06-17 17:28:01.999000,,,D,,E,,,,,,,H,,C,C10T9R,,,2000,,,,,,,,2006-11-17,2014-06-18,,,,,0,,
13781,,002927851,13781,002927851,,RTCS,มียิน พึ่งอาตม์,1947-01-15,3101402058628,,,,1,,,,,,,,,,,,,,,,,,,,,,,,,,,,2014-11-17 18:00:17.999000,,,,,U,,,,,,,H,,C,L2YWI8,,,2000,,,,,,,,2006-12-27,2016-12-27,,,,,0,,
13781,02,002946760,13781,002946760,,RTCS,อำนวย แสงจันทร์,1934-01-01,3100901356038,,,,1,,,,,,,,,,,,,,,,,,,,,,,,,,,,2017-11-18 12:15:05.998000,,,C,,E,,,,1,,,H,,C,ศธ04002/,,,2000,,,,,,,,2006-01-16,2017-11-20,,,,,0,,
13781,02,001557778,13781,001557778,,RTCL,เนาวรัตน์ อิศรางกูร ณ อยุธยา,1928-11-01,3100603070781,,,,2,,,,,,,,,,,,,,,,,,,,,,,,,,,,2018-02-17 16:56:13.998000,,,O,,E,,,,1,,,H,,,,,,2000,,,,,,,,2015-12-19,2018-02-19,,,,,0,,
13781,02,002983898,13781,002983898,,RTCS,สมศรี บินยูซ๊บ,1948-05-18,3100901035801,,,,2,,,,,,,,,,,,,,,,,,,,,,,,,,,,2019-07-31 16:27:19.999000,,,,,U,,,,,,,H,,C,NEJSO8,,,2000,,,,,,,,2006-01-26,2099-12-31,,,,,0,,
13781,,003739915,13781,003739915,,RTCS,บุญช่วย มะแก้ว,1939-03-02,3100905530008,,,,1,,,,,,,,,,,,,,,,,,,,,,,,,,,,2015-07-02 15:34:04,,,D,,E,,,,,,,H,,C,CF4U7B,,,2000,,,,,,,,2007-08-10,2015-07-03,,,,,0,,
13781,,003948240,13781,003948240,,RTCS,บุญเกิด ธนาบูรณ์,1927-10-09,3101701221644,,,,2,,,,,,,,,,,,,,,,,,,,,,,,,,,,2010-10-03 17:35:37,,,O,,E,,,,,,,H,,C,KWYWCY,,,2000,,,,,,,,2010-01-15,2010-10-04,,,,,0,,
13781,02,000439265,13781,000439265,,RTCS,วรรณา ใจวิจิตร,1933-07-01,3200100590597,,,,2,,,,,,,,,,,,,,,,,,,,,,,,,,,,2013-07-02 14:37:35,,,D,,E,,,,,,,H,,C,J2VZU0,,,2000,,,,,,,,2006-10-19,2013-07-03,,,,,0,,
13781,,004357294,13781,004357294,,RTCL,จรูญ ลามอ,1949-05-05,3120600542002,,,,1,,,,,,,,,,,,,,,,,,,,,,,,,,,,2019-07-31 15:59:35,,,D,,E,,,,,,,H,,,QYQ5BM,,,2000,,,,,,,,2010-01-19,2019-01-18,,,,,0,,
13781,02,003814920,13781,003814920,,RTCS,พุฒิ วิริยาศิษฐเลิศ,1940-07-01,3101700808846,,,,1,,,,,,,,,,,,,,,,,,,,,,,,,,,,2013-06-02 14:15:17.999000,,,D,,E,,,,,,,H,,C,HJW5AC,,,2000,,,,,,,,2009-03-13,2013-06-03,,,,,0,,
13781,,002271861,13781,002271861,,RTCS,ธูป กรุดสุพัฒน์,1928-07-01,3100902787415,,,,2,,,,,,,,,,,,,,,,,,,,,,,,,,,,2012-06-04 15:56:08.998000,,,D,,E,,,,,,,H,,C,EPP8TI,,,2000,,,,,,,,2006-11-30,2012-06-05,,,,,0,,
13781,02,003538910,13781,003538910,,RTCL,ดำริห์ วิบูลชุติกุล,1933-08-01,3760100426237,,,,1,,,,,,,,,,,,,,,,,,,,,,,,,,,,2017-08-02 15:50:33.998000,,,C,,E,,,,,,,H,,,QJGPEY,,,2000,,,,,,,,2009-05-24,2017-08-03,,,,,0,,
13781,,003822969,13781,003822969,,RTCL,ยุพิน ทองพันธุ์,1928-02-21,3100504195615,,,,2,,,,,,,,,,,,,,,,,,,,,,,,,,,,2019-07-31 15:59:30.999000,,,D,,E,,,,,,,H,,,Q2JYVZ,,,2000,,,,,,,,2008-11-03,2018-08-03,,,,,0,,
13781,,003482288,13781,003482288,,RTCS,ประยุทธ์ สวัสดิ์เรียวกุล,1960-01-06,3102001163375,,,,1,,,,,,,,,,,,,,,,,,,,,,,,,,,,2019-07-31 16:27:19.999000,,,,,U,,,,,,,H,,C,AFSU5R,,,2000,,,,,,,,2009-08-17,2099-12-31,,,,,0,,
13781,,002488078,13781,002488078,,RTCS,เปรมศรี เกตุวงศ์,1937-03-27,3100501888555,,,,2,,,,,,,,,,,,,,,,,,,,,,,,,,,,2010-04-02 16:55:27,,,D,,E,,,,1,,,H,,C,,,,2000,,,,,,,,2004-10-12,2010-04-05,,,,,0,,
13781,02,002048357,13781,002048357,,RTCS,เพียว คทาวุธวัฒน์,1951-01-10,3101200647436,,,,1,,,,,,,,,,,,,,,,,,,,,,,,,,,,2016-02-17 17:24:08,,,D,,E,,,,1,,,H,,C,ศธ0517.0,,,2000,,,,,,,,2006-05-01,2016-02-18,,,,,0,,
13781,,002165347,13781,002165347,,RTCS,มุกดา สมคิด,1930-09-14,3101201264123,,,,2,,,,,,,,,,,,,,,,,,,,,,,,,,,,2012-09-02 15:06:19.998000,,,D,,E,,,,,,,H,,C,HL5ZKB,,,2000,,,,,,,,2007-03-27,2012-09-03,,,,,0,,
13781,,003133685,13781,003133685,,RTCS,สมจิตร นิยมไทย,1941-07-01,3850200025349,,,,2,,,,,,,,,,,,,,,,,,,,,,,,,,,,2012-07-17 11:51:41,,,,,U,,,,,,,H,,C,A3BO10,,,2000,,,,,,,,2006-11-23,2014-11-23,,,,,0,,
13781,02,001603782,13781,001603782,,RTCS,สลิลลา สำเนาพันธุ์,1956-11-22,3100600233140,,,,2,,,,,,,,,,,,,,,,,,,,,,,,,,,,2019-07-31 16:27:21,,,,,U,,,,,,,H,,C,CG8P1Y,,,2000,,,,,,,,2006-11-10,2099-12-31,,,,,0,,
13781,02,004399457,13781,004399457,,RTCL,รินทอง พันธ์ศรี,1950-01-01,3350100789261,,,,1,,,,,,,,,,,,,,,,,,,,,,,,,,,,2023-05-08 08:16:33,,,,,E,,,,,,,H,,,QUQPV2,,,2000,,,,,,,,2010-03-19,2022-09-30,,,,,0,,
13781,,000251214,13781,000251214,,RTCS,ผะอบ แจ่มเมฆ,1935-07-01,3101900248933,,,,2,,,,,,,,,,,,,,,,,,,,,,,,,,,,2010-08-02 17:36:10.998000,,,D,,E,,,,1,,,H,,C,,,,2000,,,,,,,,2004-10-12,2010-08-03,,,,,0,,
13781,02,002657949,13781,002657949,,RTCS,ยุพิน กันโรคา,1933-02-09,3102002146261,,,,2,,,,,,,,,,,,,,,,,,,,,,,,,,,,2011-06-02 17:31:32,,,D,,E,,,,,,,H,,C,B2JUKO,,,2000,,,,,,,,2007-01-15,2011-06-03,,,,,0,,
13781,,003927576,13781,003927576,,RTCS,สืบศักดิ์ ธีรโชติวัฒนากุล,1928-09-23,3100201265668,,,,1,,,,,,,,,,,,,,,,,,,,,,,,,,,,2011-12-02 16:37:22,,,D,,E,,,,,,,H,,C,YWP7VJ,,,2000,,,,,,,,2006-07-14,2011-12-06,,,,,0,,
13781,02,001011321,13781,001011321,,"RTCS,",สงวน ลงสุวรรณ,1927-07-01,3100904784545,,,,2,,,,,,,,,,,,,,,,,,,,,,,,,,,,2010-07-04 12:42:23,,,D,,E,,,,,,,H,,C,M3W23Y,,,2000,,,,,,,,2006-11-16,2010-07-05,,,,,0,,
13781,02,000595746,13781,000595746,,RTCL,วัลลีย์ เจริญภักดี,1926-07-05,3120200126761,,,,2,,,,,,,,,,,,,,,,,,,,,,,,,,,,2013-07-02 14:37:35,,,D,,E,,,,,,,H,,,A158LX,,,2000,,,,,,,,2007-01-26,2013-07-03,,,,,0,,
13781,02,003612279,13781,003612279,,RTCS,เพชรลักษณ์ ภักดีการ,1949-03-29,4760300001424,,,,2,,,,,,,,,,,,,,,,,,,,,,,,,,,,2016-07-20 13:21:50,,,D,,E,,,,,,,H,,C,AVKNH7,,,2000,,,,,,,,2007-03-20,2016-07-21,,,,,0,,
13781,,002497736,13781,002497736,,RTCS,ธนิดา  รัตนสงวน,1934-01-01,3180600106032,,,,2,,,,,,,,,,,,,,,,,,,,,,,,,,,,2013-05-02 15:55:07,,,D,,E,,,,1,,,,,,กค.0719.,,,2000,,,,,,,,2006-06-30,2013-05-03,,,,,0,,
13781,,001436533,13781,001436533,,RTCS,ห่านตี้ แซ่โง้ว,1935-01-01,5101700015010,,,,1,,,,,,,,,,,,,,,,,,,,,,,,,,,,2020-11-06 11:00:02.998000,,,D,,E,,,,,,,,,,QHF6HE,,,2000,,,,,,,,2020-10-04,2020-11-03,,,,,0,,
13781,02,004430020,13781,004430020,,RTCS,บุญช่วย ตังกบดี,1928-05-01,3259800006136,,,,2,,,,,,,,,,,,,,,,,,,,,,,,,,,,2017-02-17 17:28:50,,,C,,E,,,,,,,H,,C,FHGQFY,,,2000,,,,,,,,2010-05-24,2017-02-20,,,,,0,,
13781,,004431715,13781,004431715,,RTCS,นิ่มบักเฮง แซ่หลิ่ม,1922-01-01,3101300366773,,,,1,,,,,,,,,,,,,,,,,,,,,,,,,,,,2011-08-02 18:04:04,,,D,,E,,,,,,,H,,C,DY56ZD,,,2000,,,,,,,,2010-05-25,2011-08-03,,,,,0,,
13781,02,003099718,13781,003099718,,RTCS,อุดม ศิริทัศนกุล,1921-12-08,3101401248091,,,,1,,,,,,,,,,,,,,,,,,,,,,,,,,,,2014-06-17 17:28:01.999000,,,D,,E,,,,,,,H,,C,S7YTPC,,,2000,,,,,,,,2006-03-30,2014-06-18,,,,,0,,
13781,02,001769309,13781,001769309,,RTCS,สมพร นาวารัตน์,1935-12-15,3110101994617,,,,2,,,,,,,,,,,,,,,,,,,,,,,,,,,,2016-01-17 11:29:56,,,,,U,,,,,,,H,,C,TMY5LA,,,2000,,,,,,,,2006-02-21,2018-02-21,,,,,0,,
13781,02,003362499,13781,003362499,,RTXX,พาณี ลาพิมพ์,1958-12-11,3341300031940,,,,2,,,,,,,,,,,,,,,,,,,,,,,,,,,,2023-01-25 10:03:19.998000,,,X,,E,,,,,,,H,,,,,,0,,,,,,,O,2006-04-03,2020-09-30,,,,,0,,
13781,02,003681076,13781,003681076,,RTCS,ชูศักดิ์ ศานติวรธรรม,1933-07-21,3100100556993,,,,1,,,,,,,,,,,,,,,,,,,,,,,,,,,,2018-10-31 09:57:42,,,D,,E,,,,1,,,H,,C,ศธ0518.0,,,2000,,,,,,,O,2006-07-17,2018-09-03,,,,,0,,
13781,,003889051,13781,003889051,,RTCS,สุปราณี จิวรพันธ์,1944-01-01,3102000642610,,,,2,,,,,,,,,,,,,,,,,,,,,,,,,,,,2011-02-02 18:32:25.998000,,,D,,E,,,,1,,,H,,C,พม.0301.,,,2000,,,,,,,O,2006-09-01,2011-02-03,,,,,0,,
13781,,003271175,13781,003271175,55181041,RTCS,มนตรี ภิรมย์รักษ์,1932-02-14,3100200550202,,,,1,,,,,,,,,,,,,,,,,,,,,,,,,,,,2011-06-02 17:31:32,,,D,,E,,,,0,,,H,,C,JAWZJX,,,2000,,,,,,,O,2005-10-25,2011-06-03,,,,,0,,
13781,02,002087340,13781,002087340,,RTCS,ศกรินทร์ วิเศษะพันธุ์,1934-02-03,3101401333854,,,,1,,,,,,,,,,,,,,,,,,,,,,,,,,,,2015-03-17 16:46:41,,,D,,E,,,,,,,H,,C,Z3SMMB,,,2000,,,,,,,O,2006-03-06,2015-03-18,,,,,0,,
13781,02,003811290,13781,003811290,,RTCS,สุธรรม ธีรชัย,1927-03-10,3100901851047,,,,1,,,,,,,,,,,,,,,,,,,,,,,,,,,,2013-04-02 19:39:13,,,D,,E,,,,,,,H,,C,F1LPQS,,,2000,,,,,,,O,2006-12-27,2013-04-03,,,,,0,,
13781,02,003356864,13781,003356864,,RTCS,ช่วง ประชันกาญจนา,1943-03-06,3401400379343,,,,1,,,,,,,,,,,,,,,,,,,,,,,,,,,,2012-10-02 18:06:40.998000,,,D,,E,,,,,,,H,,C,MHYA92,,,2000,,,,,,,O,2007-04-26,2012-10-03,,,,,0,,
13781,02,000894798,13781,000894798,,RTCL,ไท้เหมา แซ่ซิ่ม,1929-06-30,3100201860361,,,,2,,,,,,,,,,,,,,,,,,,,,,,,,,,,2023-06-07 11:24:01.998000,,,,,E,,,,,,,H,,,FYXWF4,,,2000,,,,,,,,2006-10-26,2023-06-03,,,,,0,,
13781,02,004186142,11786,8037-59,,"RTUC,RTCL",วันเพ็ญ ศิรินาค,,3102002300601,,,,2,,,,,,,,,,,,,,,,,,,,,,,,,,,,2019-09-03 13:26:17.998000,,,D,,E,,,,,G,,H,,,HDHSFGWV,HD,HD,1500,,8,,,,,O,2016-12-26,2019-09-03,,,,,0,,
13781,,003809571,13781,003809571,,RTCS,เล็ก เตชะมาลัยตระกูล,1936-07-01,3100200709449,,,,2,,,,,,,,,,,,,,,,,,,,,,,,,,,,2010-12-02 19:06:36,,,D,,E,,,,,,,H,,C,EWQK8A,,,2000,,,,,,,,2008-09-08,2010-12-03,,,,,0,,
13781,,004379087,13781,004379087,,RTCS,เฉ่งเอี้ยน ลิ่มปนกติกา,1943-07-26,3850100088799,,,,1,,,,,,,,,,,,,,,,,,,,,,,,,,,,2014-09-17 17:40:34,,,O,,E,,,,,,,H,,C,GFMAAL,,,2000,,,,,,,,2009-10-27,2014-09-18,,,,,0,,
13781,02,003444230,13781,003444230,,"RTCS,",ชาย นารั้ง,1940-04-04,3401300072050,,,,1,,,,,,,,,,,,,,,,,,,,,,,,,,,,2019-12-06 16:53:57,,,D,,E,,,,1,,,H,,C,ศธ04182.,,,2000,,,,,,,,2006-06-05,2019-12-03,,,,,0,,
13781,,003454528,13781,003454528,,RTCS,รัตน์ บุตรพลับ,1934-07-01,3100200943115,,,,2,,,,,,,,,,,,,,,,,,,,,,,,,,,,2010-11-02 18:34:01.998000,,,D,,E,,,,1,,,H,,C,,,,2000,,,,,,,,2004-04-05,2010-11-03,,,,,0,,
13781,,004398020,13781,004398020,,RTCS,สมพร อะวิสุ,1960-12-24,3600900576803,,,,1,,,,,,,,,,,,,,,,,,,,,,,,,,,,2022-01-05 08:04:51,,,D,,E,,,,,,,H,,C,EVYVR7,,,2000,,,,,,,,2010-01-04,2022-01-03,,,,,0,,
13781,02,002935816,13781,002935816,,RTCS,สว่าง พุฒศรี,1928-12-01,3100504097915,,,,2,,,,,,,,,,,,,,,,,,,,,,,,,,,,2018-01-17 16:54:28.998000,,,D,,E,,,,1,,,H,,C,กห0613.4,,,2000,,,,,,,,2006-05-30,2018-01-18,,,,,0,,
13781,,000812148,13781,000812148,,RTCS,ชุบ ฤทธินาม,1928-01-22,3102002847952,,,,2,,,,,,,,,,,,,,,,,,,,,,,,,,,,2010-09-02 18:25:57.998000,,,D,,E,,,,1,,,H,,C,,,,2000,,,,,,,,2004-05-19,2010-09-03,,,,,0,,
13781,02,003949745,13781,003949745,,RTCS,มานพ นิ้มบุญจาช,1957-09-27,3100601284627,,,,1,,,,,,,,,,,,,,,,,,,,,,,,,,,,2015-08-17 17:28:42,,,D,,E,,,,,,,H,,C,DLKJEW,,,2000,,,,,,,,2009-04-27,2015-08-18,,,,,0,,
13781,02,004272935,13781,004272935,,RTCL,ทองย้อย จันทร์อ่อน,1940-01-01,3100902911353,,,,2,,,,,,,,,,,,,,,,,,,,,,,,,,,,2020-01-07 11:33:03.998000,,,D,,E,,,,,,,H,,,QBM27W,,,2000,,,,,,,,2009-02-01,2020-01-03,,,,,0,,
13781,02,003300580,13781,003300580,,RTCS,สวน ธงชัย,1939-07-01,3140800013291,,,,1,,,,,,,,,,,,,,,,,,,,,,,,,,,,2017-07-03 12:31:24.998000,,,C,,E,,,,,,,H,,C,JW8KFC,,,2000,,,,,,,,2007-04-02,2017-07-03,,,,,0,,
13781,02,002452173,13781,002452173,,RTCS,อารีย์ บัวลา,1958-11-24,3349900531142,,,,2,,,,,,,,,,,,,,,,,,,,,,,,,,,,2019-10-11 10:13:20.998000,,,O,,E,,,,,,,H,,C,A33JSY,,,2000,,,,,,,,2006-10-24,2019-10-03,,,,,0,,
13781,,002719545,13781,002719545,,RTCS,แกะ แซ่ล้อ,1924-01-01,3102101453073,,,,2,,,,,,,,,,,,,,,,,,,,,,,,,,,,2012-01-03 15:08:19.999000,,,D,,E,,,,,,,H,,C,BDS8XC,,,2000,,,,,,,,2010-07-19,2012-01-04,,,,,0,,
13781,,003752858,13781,003752858,,RTCL,บุษราภรณ์ โพธิ์สุวรรณ,1954-11-03,3100503315773,,,,2,,,,,,,,,,,,,,,,,,,,,,,,,,,,2012-01-17 20:03:37,,,O,,E,,,,,,,H,,,QB5KYN,,,2000,,,,,,,,2010-03-10,2012-01-18,,,,,0,,
13781,,004265388,13781,004265388,,RTCS,กำชัย สมบัติวงค์,1956-10-31,3102200285977,,,,1,,,,,,,,,,,,,,,,,,,,,,,,,,,,2013-10-02 19:02:13.999000,,,D,,E,,,,,,,H,,C,JLW2ZG,,,2000,,,,,,,,2008-11-30,2013-10-03,,,,,0,,
13781,,003926779,13781,003926779,,RTCL,เรืองสุข วงศ์ขาว,1956-12-29,3102200933880,,,,1,,,,,,,,,,,,,,,,,,,,,,,,,,,,2016-09-18 14:58:23,,,O,,E,,,,,,,H,,,QGHXB9,,,2000,,,,,,,,2008-07-21,2016-09-19,,,,,0,,
13781,,004426884,13781,004426884,,RTCS,วิบูลย์ มีอาสา,1945-07-13,3629900173260,,,,1,,,,,,,,,,,,,,,,,,,,,,,,,,,,2019-08-20 09:59:30.999000,,,D,,E,,,,,,,H,,C,JZP5XQ,,,2000,,,,,,,,2010-07-28,2019-08-18,,,,,0,,
13781,,004274534,13781,004274534,,"RTCS,",พร้อมพันธุ์ กลิ่นจันทร์,1976-07-19,3100502037028,,,,1,,,,,,,,,,,,,,,,,,,,,,,,,,,,2025-08-06 14:34:37,,,,,U,,,,,,,H,,C,HL5BCT,,,2000,,,,,,,,2025-07-29,2099-12-31,,,,,0,,
13781,02,002022490,13781,002022490,,RTCS,โบ๊ะตัน แซ่โห่ว,1933-07-01,3102002435018,,,,1,,,,,,,,,,,,,,,,,,,,,,,,,,,,2012-06-04 15:56:08.998000,,,D,,E,,,,,,,H,,C,HVAYQZ,,,2000,,,,,,,,2007-03-08,2012-06-05,,,,,0,,
13781,02,000435214,13781,000435214,,"RTUC,RTCS",แสวง สว่างชม,,3101900195236,,,,1,,,,,,,,,,,,,,,,,,,,,,,,,,,,2017-12-04 09:41:37,,,C,,E,,,,,G,,H,,C,UCI13HAH,HD,HD,1500,,8,,,,,O,2015-10-05,2017-12-04,,,,,0,,
13781,,003850963,13781,003850963,,RTCS,เจริญ โชติพุทธิกุล,1929-05-18,3209900471639,,,,1,,,,,,,,,,,,,,,,,,,,,,,,,,,,2011-01-04 17:12:52,,,D,,E,,,,,,,H,,C,BJQ8K3,,,2000,,,,,,,,2010-08-26,2011-01-04,,,,,0,,
13781,,003814724,13781,003814724,,RTCS,สุภัทร ชั้นโชติ,1933-07-19,3102101331261,,,,1,,,,,,,,,,,,,,,,,,,,,,,,,,,,2010-11-02 18:34:01.998000,,,D,,E,,,,,,,H,,C,F77ENV,,,2000,,,,,,,,2010-08-17,2010-11-03,,,,,0,,
13781,02,004254844,13781,004254844,,RTCS,ทวีเกียรติ เกรียงไกรวิทย์,1938-02-05,3100600373316,,,,1,,,,,,,,,,,,,,,,,,,,,,,,,,,,2012-10-02 18:06:40.998000,,,D,,E,,,,,,,H,,C,DQLYCF,,,2000,,,,,,,O,2008-10-12,2012-10-03,,,,,0,,
13781,,004365835,13781,004365835,,"RTCS,",ธารใจ แซ่อิ้ว,1947-01-01,3760500246945,,,,2,,,,,,,,,,,,,,,,,,,,,,,,,,,,2025-06-05 08:19:04,,,D,,E,,,,,,,H,,C,C4MSPZ,,,2000,,,,,,,,2009-09-07,2025-06-02,,,,,0,,
13781,,002870551,13781,002870551,,"RTCS,",อตินาฏ ภู่ทอง,1977-05-19,3110400972925,,,,2,,,,,,,,,,,,,,,,,,,,,,,,,,,,2026-01-21 08:04:14.998000,,,D,,E,,,,,,,H,,C,JPC9MG,,,2000,,,,,,,,2009-08-05,2026-01-19,,,,,0,,
13781,02,002061314,13781,002061314,,RTCS,ดำรง แดงรุ่งโรจน์,1931-01-01,3100901435337,,,,1,,,,,,,,,,,,,,,,,,,,,,,,,,,,2023-01-04 13:16:52,,,D,,E,,,,,,,H,,C,F77TJ6,,,2000,,,,,,,,2010-09-03,2023-01-03,,,,,0,,
13781,,002563681,13781,002563681,,RTCS,กิ้มตี้ แซ่ตั้ง,1923-05-22,3101700161052,,,,2,,,,,,,,,,,,,,,,,,,,,,,,,,,,2011-07-03 13:33:14.998000,,,D,,E,,,,,,,H,,C,JUAJ88,,,2000,,,,,,,,2009-09-18,2011-07-04,,,,,0,,
13781,,004396055,13781,004396055,,RTCS,เอมมนัส อัตตวิชญ์,1959-04-17,3739900001832,,,,2,,,,,,,,,,,,,,,,,,,,,,,,,,,,2013-09-02 18:20:52,,,O,,E,,,,,,,H,,C,HQNGV4,,,2000,,,,,,,,2010-01-18,2013-09-03,,,,,0,,
13781,02,003198532,13781,003198532,,RTCS,สุภาพร แทนวันดี,1972-02-19,3401200675844,,,,2,,,,,,,,,,,,,,,,,,,,,,,,,,,,2023-05-08 08:15:00,,,,,E,,,,,,,H,,C,QBLHQN,,,2000,,,,,,,O,2008-12-06,2022-09-30,,,,,0,,
13781,02,004372852,13781,004372852,,RTCS,อำไพ ณ สงขลา,1931-04-13,3199900410576,,,,2,,,,,,,,,,,,,,,,,,,,,,,,,,,,2015-11-17 12:06:21.999000,,,,,U,,,,,,,H,,C,BBCAU7,,,2000,,,,,,,,2009-12-15,2017-12-15,,,,,0,,
13781,02,004452967,13781,004452967,,RTCL,ดวงใจ เพชรสังคาด,1958-09-15,3410600668020,,,,2,,,,,,,,,,,,,,,,,,,,,,,,,,,,2023-04-24 09:33:02.998000,,,,,E,,,,,,,H,,,QZFZLG,,,2000,,,,,,,,2010-08-09,2023-04-18,,,,,0,,
13781,02,002362499,13781,002362499,,RTCS,ปี๋เอี้ยม วิสุทธิวงศ์รัตน์,1934-09-30,3100400497356,,,,2,,,,,,,,,,,,,,,,,,,,,,,,,,,,2010-11-02 18:34:01.998000,,,D,,E,,,,,,,H,,C,E1BA0W,,,2000,,,,,,,,2006-11-16,2010-11-03,,,,,0,,
13781,02,003918880,13781,003918880,,RTCS,สำราญ กลิ่นจำปา,1930-07-01,3660400199121,,,,2,,,,,,,,,,,,,,,,,,,,,,,,,,,,2015-05-05 15:11:28,,,D,,E,,,,,,,H,,C,DQR45M,,,2000,,,,,,,,2007-12-14,2015-05-06,,,,,0,,
13781,,003946588,13781,003946588,,RTCS,เสรี เรียนชอบ,1948-12-01,3159900019419,,,,1,,,,,,,,,,,,,,,,,,,,,,,,,,,,2016-10-17 18:37:36.998000,,,D,,E,,,,,,,H,,C,M3YQ5T,,,2000,,,,,,,,2007-02-01,2016-10-18,,,,,0,,
13781,,000619486,13781,000619486,,RTCS,พัชรา สุนารทพิณ,1941-01-01,3101600919808,,,,2,,,,,,,,,,,,,,,,,,,,,,,,,,,,2012-01-03 15:08:19.999000,,,D,,E,,,,,,,H,,C,BMEWVT,,,2000,,,,,,,,2007-01-11,2012-01-04,,,,,0,,
13781,02,004057570,13781,004057570,,RTCS,ถิ้น อนันต์คณาจารย์,1935-10-01,3959900310370,,,,2,,,,,,,,,,,,,,,,,,,,,,,,,,,,2018-10-31 09:57:38.998000,,,D,,E,,,,,,,H,,C,M3R8S7,,,2000,,,,,,,,2006-12-29,2018-09-18,,,,,0,,
13781,02,004458270,13781,004458270,,RTCS,ลออง คนขยัน,1939-01-01,3101201169104,,,,2,,,,,,,,,,,,,,,,,,,,,,,,,,,,2013-03-03 15:37:51.998000,,,D,,E,,,,,,,H,,C,MNF94B,,,2000,,,,,,,,2010-09-08,2013-03-04,,,,,0,,
13781,,002609780,13781,002609780,,RTCS,บุญทอง พิมสาร,1930-01-01,3529900089391,,,,2,,,,,,,,,,,,,,,,,,,,,,,,,,,,2012-12-02 15:32:11.999000,,,D,,E,,,,,,,H,,C,A2NNJZ,,,2000,,,,,,,,2007-02-28,2012-12-03,,,,,0,,
13781,,002955146,13781,002955146,,RTCS,นันทภัค เตชวุฒิกร,1949-11-06,3102001144834,,,,2,,,,,,,,,,,,,,,,,,,,,,,,,,,,2011-10-02 15:02:43.998000,,,D,,E,,,,,,,H,,C,RFB6OK,,,2000,,,,,,,,2006-08-01,2011-10-03,,,,,0,,
13781,,004003952,13781,004003952,,RTCS,ทรงศรี นิวัฒนุวงศ์,1941-12-19,3319900042958,,,,2,,,,,,,,,,,,,,,,,,,,,,,,,,,,2011-02-02 18:32:25.998000,,,D,,E,,,,,,,H,,C,RXJ61J,,,2000,,,,,,,,2006-07-14,2011-02-03,,,,,0,,
13781,,003364838,13781,003364838,,"RTCS,",สุทธาทิพย์ แก้วคำภา,1950-06-01,3100503202898,,,,2,,,,,,,,,,,,,,,,,,,,,,,,,,,,2024-05-21 13:22:59.999000,,,D,,E,,,,,,,H,,C,H3Z316,,,2000,,,,,,,,2006-11-06,2024-05-20,,,,,0,,
13781,02,002198752,13781,002198752,,RTCS,สุนทร ศรีอร่ามมณี,1931-07-01,3100900832197,,,,1,,,,,,,,,,,,,,,,,,,,,,,,,,,,2016-06-17 17:15:15.998000,,,D,,E,,,,,,,H,,C,G36VHI,,,2000,,,,,,,,2006-11-27,2016-06-20,,,,,0,,
13781,,004457797,13781,004457797,,RTXX,สุชิน จันทร์เพ็ญ,1922-11-03,3710600697337,,,,1,,,,,,,,,,,,,,,,,,,,,,,,,,,,2023-01-25 10:03:39,,,X,,E,,,,,,,H,,,,,,0,,,,,,,,2010-11-10,2018-11-10,,,,,0,,
13781,,004475348,13781,004475348,,RTCS,กลั่น สุขศิริ,1920-01-01,3800200224317,,,,1,,,,,,,,,,,,,,,,,,,,,,,,,,,,2011-06-02 17:31:32,,,D,,E,,,,,,,H,,C,GETQE7,,,2000,,,,,,,,2010-10-26,2011-06-03,,,,,0,,
13781,,003848357,13781,003848357,,RTCS,ไพโรจน์ แม้นจันทรารัตน์,1934-01-01,3100600822773,,,,1,,,,,,,,,,,,,,,,,,,,,,,,,,,,2019-03-04 11:59:54.998000,,,D,,E,,,,,,,H,,C,KQRWMP,,,2000,,,,,,,,2010-10-19,2019-03-03,,,,,0,,
13781,02,003304214,13781,003304214,,RTCS,เลาะ คล้อยวิถี,1929-10-10,3100905028591,,,,1,,,,,,,,,,,,,,,,,,,,,,,,,,,,2014-09-17 17:40:34,,,D,,E,,,,,,,H,,C,A1S8JL,,,2000,,,,,,,,2007-02-05,2014-09-18,,,,,0,,
13781,,003826690,13781,003826690,,RTCS,มนตรี เสนะเวส,1956-04-24,5101799022439,,,,1,,,,,,,,,,,,,,,,,,,,,,,,,,,,2012-06-04 15:56:08.998000,,,D,,E,,,,,,,H,,C,L30GM0,,,2000,,,,,,,,2006-11-13,2012-06-05,,,,,0,,
13781,02,004336200,13781,004336200,,"RTCS,",รัชฎา เละเซ็น,1966-07-08,3100503484249,,,,2,,,,,,,,,,,,,,,,,,,,,,,,,,,,2025-06-18 14:59:00,,,,,U,,,,,,,H,,C,G234Q5,,,2000,,,,,,,,2025-06-10,2099-12-31,,,,,0,,
13781,02,002934366,13781,002934366,,RTCS,ปราโมทย์ วสิกชาติ,1938-04-26,3100601637775,,,,1,,,,,,,,,,,,,,,,,,,,,,,,,,,,2013-03-17 15:44:23.998000,,,D,,E,,,,,,,H,,C,S3XWO9,,,2000,,,,,,,,2006-02-17,2013-03-18,,,,,0,,
13781,02,000456685,13781,000456685,,RTCS,สุวรรณ อนุศาสนนันท์,1923-11-11,3100902804999,,,,1,,,,,,,,,,,,,,,,,,,,,,,,,,,,2014-04-02 16:34:09,,,D,,E,,,,,,,H,,C,NW3BVH,,,2000,,,,,,,,2006-06-15,2014-04-03,,,,,0,,
13781,02,001613206,13781,001613206,,RTCS,พรหมพงศ์ ทิพย์รัตน์,1957-07-07,3100503863339,,,,1,,,,,,,,,,,,,,,,,,,,,,,,,,,,2014-12-17 18:16:35.998000,,,O,,E,,,,1,,,H,,C,,,,2000,,,,,,,,2005-07-29,2014-12-18,,,,,0,,
13781,02,002835051,13781,002835051,,RTCS,จันทร์ จักรคุ้ม,1936-03-01,3260200248149,,,,2,,,,,,,,,,,,,,,,,,,,,,,,,,,,2015-03-17 16:46:41,,,D,,E,,,,,,,H,,C,DDBH5J,,,2000,,,,,,,,2006-12-28,2015-03-18,,,,,0,,
13781,02,003786112,13781,003786112,,RTCS,เพียร บรรดาศักดิ์,1937-01-10,3100502729124,,,,2,,,,,,,,,,,,,,,,,,,,,,,,,,,,2011-02-02 18:32:25.998000,,,D,,E,,,,2,,,H,,C,,,,2000,,,,,,,,2004-12-09,2011-02-03,,,,,0,,
13781,,004028238,13781,004028238,,RTCS,ณรงค์ แสงพลสิทธิ์,1929-01-01,3102002691138,,,,1,,,,,,,,,,,,,,,,,,,,,,,,,,,,2011-08-02 18:04:04,,,D,,E,,,,,,,H,,C,LNDHXR,,,2000,,,,,,,,2010-12-02,2011-08-03,,,,,0,,
13781,,003971128,13781,003971128,,RTCS,จันทรา จะโนรัตน์,1936-06-11,3440601244797,,,,2,,,,,,,,,,,,,,,,,,,,,,,,,,,,2015-08-17 17:28:42,,,O,,E,,,,,,,H,,C,QHYLL5,,,2000,,,,,,,,2011-01-06,2015-08-18,,,,,0,,
13781,02,002732305,13781,002732305,,RTCS,นันทิยา แสงสุวรรณ,1952-04-12,3119900500664,,,,2,,,,,,,,,,,,,,,,,,,,,,,,,,,,2015-05-17 14:10:40.998000,,,D,,E,,,,,,,H,,C,K8PRMG,,,2000,,,,,,,,2009-04-20,2015-05-18,,,,,0,,
13781,02,003665050,13781,003665050,,RTCS,ชัชวาล ขาวเขียว,1961-07-16,3100500296760,,,,1,,,,,,,,,,,,,,,,,,,,,,,,,,,,2014-08-03 15:05:18,,,O,,E,,,,,,,H,,C,G3F0S5,,,2000,,,,,,,,2007-02-05,2014-08-04,,,,,0,,
13781,,004493972,13781,004493972,,"RTCS,",คุม คำมา,1931-01-01,3331200258811,,,,2,,,,,,,,,,,,,,,,,,,,,,,,,,,,2011-03-02 18:24:42,,,D,,E,,,,,,,H,,C,KQ54XK,,,2000,,,,,,,,2011-01-11,2011-03-03,,,,,0,,
13781,02,002573552,13781,002573552,,"RTCS,",สินธุ์ นิลสุวรรณโฆษิต,1935-01-11,3100902138590,,,,1,,,,,,,,,,,,,,,,,,,,,,,,,,,,2020-08-19 16:54:33,,,D,,E,,,,,,,H,,C,J1L9I4,,,2000,,,,,,,,2006-11-17,2020-08-18,,,,,0,,
13781,02,002446583,13781,002446583,,RTCS,อุดม มหาโชคเลิศวัฒนา,1925-11-18,3100700337991,,,,1,,,,,,,,,,,,,,,,,,,,,,,,,,,,2015-11-02 17:09:55,,,D,,E,,,,,,,H,,C,FBNLRN,,,2000,,,,,,,,2010-06-16,2015-11-03,,,,,0,,
13781,,004482576,13781,004482576,,RTCS,กัลยา จิตตวานิช,1923-03-05,3100500591052,,,,2,,,,,,,,,,,,,,,,,,,,,,,,,,,,2013-03-03 15:37:51.998000,,,D,,E,,,,,,,H,,C,KUQK33,,,2000,,,,,,,,2011-02-04,2013-03-04,,,,,0,,
13781,,004125969,13781,004125969,,"RTCL,",นัด แก้วเที่ยง,1944-03-11,3101401792727,,,,1,,,,,,,,,,,,,,,,,,,,,,,,,,,,2022-04-19 09:55:58,,,D,,E,,,,,,,H,,,GN5LKH,,,2000,,,,,,,,2007-12-14,2022-04-18,,,,,0,,
13781,02,003577955,13781,003577955,,"RTCS,",สุวรรณา กิติญาณทรัพย์,1940-04-25,3102000474075,,,,2,,,,,,,,,,,,,,,,,,,,,,,,,,,,2023-03-22 15:22:06,,,D,,E,,,,,,,H,,C,ERGWFQ,,,2000,,,,,,,,2009-08-17,2023-02-18,,,,,0,,
13781,,003096935,13781,003096935,,RTCS,สง่า จันทรมาศ,1931-09-05,3101403516735,,,,1,,,,,,,,,,,,,,,,,,,,,,,,,,,,2013-07-17 15:24:58,,,D,,E,,,,,,,H,,C,CYWYIX,,,2000,,,,,,,,2006-12-27,2013-07-18,,,,,0,,
13781,,002371486,13781,002371486,,RTCS,วิไล จันทร์นฤมิตร,1927-07-01,3100501381001,,,,2,,,,,,,,,,,,,,,,,,,,,,,,,,,,2011-07-03 13:33:14.998000,,,D,,E,,,,,,,H,,C,J2B92L,,,2000,,,,,,,,2006-11-28,2011-07-04,,,,,0,,
13781,02,003675564,13781,003675564,,"RTCS,",ทัศนัย มุขวิชิต,1937-04-01,3101400881289,,,,1,,,,,,,,,,,,,,,,,,,,,,,,,,,,2019-07-31 16:27:25.998000,,,,,U,,,,,,,H,,C,HP3K3H,,,2000,,,,,,,,2007-11-23,2099-12-31,,,,,0,,
13781,02,003987275,13781,003987275,,RTCS,วัฒนา วิเศษเธียรกุล,1940-04-23,3100602989098,,,,1,,,,,,,,,,,,,,,,,,,,,,,,,,,,2014-09-17 17:40:34,,,D,,E,,,,,,,H,,C,G261T3,,,2000,,,,,,,,2006-11-03,2014-09-18,,,,,0,,
13781,,004412991,13781,004412991,,RTCS,กัญญา สุริยรักษ์,1976-03-28,3259900134152,,,,2,,,,,,,,,,,,,,,,,,,,,,,,,,,,2015-05-05 15:11:28,,,D,,E,,,,,,,H,,C,GFDP98,,,2000,,,,,,,,2010-02-25,2015-05-06,,,,,0,,
13781,,004044025,13781,004044025,,RTCS,ชวลิต ชมภู,1964-07-27,3130400266508,,,,1,,,,,,,,,,,,,,,,,,,,,,,,,,,,2019-07-31 16:27:25.998000,,,,,U,,,,,,,H,,C,BFDYQA,,,2000,,,,,,,,2010-11-26,2099-12-31,,,,,0,,
13781,,003952088,13781,003952088,,"RTCS,",นเรศร์ เลิศอนันต์,1947-12-23,3100100565917,,,,1,,,,,,,,,,,,,,,,,,,,,,,,,,,,2021-09-07 16:09:41,,,D,,E,,,,,,,H,,C,GM88FL,,,2000,,,,,,,,2008-02-15,2021-09-03,,,,,0,,
13781,,002104003,13781,002104003,,RTCS,สุชาติ จันทร์กระเวน,1949-08-22,3102400333614,,,,1,,,,,,,,,,,,,,,,,,,,,,,,,,,,2013-11-03 13:26:54,,,D,,E,,,,,,,H,,C,I1VHUE,,,2000,,,,,,,,2006-11-23,2013-11-04,,,,,0,,
13781,02,000965022,13781,000965022,,RTCS,ศรีนวล มากวัฒนสุข,1928-07-01,3101201155049,,,,2,,,,,,,,,,,,,,,,,,,,,,,,,,,,2014-09-17 17:40:34,,,D,,E,,,,,,,H,,C,EE9ZZE,,,2000,,,,,,,,2008-05-28,2014-09-18,,,,,0,,
13781,02,004453507,13781,004453507,,"RTCS,",ณัฏฐสิทธิ์ ศิลปอนันต์,1973-05-10,3360600768009,,,,1,,,,,,,,,,,,,,,,,,,,,,,,,,,,2019-07-31 16:27:26.999000,,,,,U,,,,,,,H,,C,JYRVBY,,,2000,,,,,,,,2010-08-10,2099-12-31,,,,,0,,
13781,,004435427,13781,004435427,,"RTCS,",สถาพร เหล่าเปีย,1959-05-07,3670700213367,,,,1,,,,,,,,,,,,,,,,,,,,,,,,,,,,2019-07-31 16:27:26.999000,,,,,U,,,,,,,H,,C,A7UKNY,,,2000,,,,,,,,2011-03-18,2099-12-31,,,,,0,,
13781,02,002926049,13781,002926049,,RTCS,ประเทือง อุษณะอำไพพงษ์,1934-01-05,3102202019514,,,,1,,,,,,,,,,,,,,,,,,,,,,,,,,,,2013-08-02 16:39:52,,,D,,E,,,,1,,,H,,C,สธ0809/2,,,2000,,,,,,,,2006-06-27,2013-08-05,,,,,0,,
13781,02,001038766,13781,001038766,,RTCS,พจนา แสงฉาย,1926-10-07,3101400611176,,,,2,,,,,,,,,,,,,,,,,,,,,,,,,,,,2014-06-17 17:28:01.999000,,,D,,E,,,,1,,,H,,C,,,,2000,,,,,,,,2004-03-30,2014-06-18,,,,,0,,
13781,,003308380,13781,003308380,,"RTCS,",ประสิทธิ์ ศรีอำไพ,1939-03-07,5100699071763,,,,1,,,,,,,,,,,,,,,,,,,,,,,,,,,,2019-09-19 15:41:08,,,D,,E,,,,,,,H,,C,UCQXKG,,,2000,,,,,,,,2006-06-05,2019-09-18,,,,,0,,
13781,,004521743,13781,004521743,,RTCS,บุญมา งามขำ,1931-01-01,3110300751013,,,,2,,,,,,,,,,,,,,,,,,,,,,,,,,,,2022-08-05 12:40:39,,,D,,E,,,,,,,H,,C,LNWP3Z,,,2000,,,,,,,,2022-07-04,2022-08-03,,,,,0,,
13781,02,000541840,13781,000541840,,RTCS,ชื่น อับดุลสลาม,1925-04-01,3101700487152,,,,2,,,,,,,,,,,,,,,,,,,,,,,,,,,,2016-11-17 18:36:19,,,D,,E,,,,,,,H,,C,KD6LGU,,,2000,,,,,,,,2007-07-13,2016-11-18,,,,,0,,
13781,,002929035,13781,002929035,,RTCS,วิสุทธิ์ศรี คำพิทักษ์,1939-04-05,3199900039568,,,,2,,,,,,,,,,,,,,,,,,,,,,,,,,,,2014-09-17 17:40:34,,,D,,E,,,,,,,H,,C,E3HSYB,,,2000,,,,,,,,2006-11-30,2014-09-18,,,,,0,,
13781,02,003960403,13781,003960403,,RTCS,จวน ด้วงสุข,1937-09-04,3110100975511,,,,1,,,,,,,,,,,,,,,,,,,,,,,,,,,,2016-02-17 17:24:08,,,D,,E,,,,,,,H,,C,BNFGU3,,,2000,,,,,,,,2007-03-22,2016-02-18,,,,,0,,
13781,02,001739592,13781,001739592,,RTCS,ประพันธ์ มีระเสน,1938-05-01,3100201651690,,,,1,,,,,,,,,,,,,,,,,,,,,,,,,,,,2016-03-02 15:47:28,,,D,,E,,,,1,,,H,,C,ศธ04086/,,,2000,,,,,,,,2006-08-04,2016-03-03,,,,,0,,
13781,02,002460786,13781,002460786,,RTCS,ประจวบ เจริญลาภ,1928-12-10,3100902431254,,,,1,,,,,,,,,,,,,,,,,,,,,,,,,,,,2011-07-03 13:33:14.998000,,,D,,E,,,,,,,H,,C,JVXVJ2,,,2000,,,,,,,,2005-12-22,2011-07-04,,,,,0,,
13781,,004492881,13781,004492881,,RTCS,กาญจนา จิณณวาโส,1937-01-24,3100503904841,,,,2,,,,,,,,,,,,,,,,,,,,,,,,,,,,2019-07-31 16:27:28,,,,,U,,,,,,,H,,C,GNA7BP,,,2000,,,,,,,,2011-01-04,2099-12-31,,,,,0,,
13781,,001019807,13781,001019807,,RTCS,ผกามาศ สดินธรรมศักดิ์,1947-02-11,5100999084691,,,,2,,,,,,,,,,,,,,,,,,,,,,,,,,,,2012-04-02 17:35:25.998000,,,D,,E,,,,,,,H,,C,J4TVCL,,,2000,,,,,,,,2007-01-31,2012-04-03,,,,,0,,
13781,02,002117572,13781,002117572,,"RTCS,",พีรภัสร สีลายงค์,1950-04-27,3101701165361,,,,1,,,,,,,,,,,,,,,,,,,,,,,,,,,,2020-02-05 09:39:01,,,D,,E,,,,1,,,H,,C,ศธ0670.0,,,2000,,,,,,,,2006-08-28,2020-02-03,,,,,0,,
13781,02,004228499,13781,004228499,,RTCS,เคลื่อม กัลหะรัตน์,1940-07-07,3900900121951,,,,1,,,,,,,,,,,,,,,,,,,,,,,,,,,,2016-06-17 17:15:15.998000,,,D,,E,,,,,,,H,,C,LBP9UN,,,2000,,,,,,,,2008-07-31,2016-06-20,,,,,0,,
13781,02,004439121,13781,004439121,,RTCS,นุยุต จินดารัศมี,1929-12-09,3809900579850,,,,2,,,,,,,,,,,,,,,,,,,,,,,,,,,,2018-01-17 16:54:28.998000,,,D,,E,,,,,,,H,,C,AUD3Z3,,,2000,,,,,,,,2010-07-15,2018-01-18,,,,,0,,
13781,02,002710283,13781,002710283,,"RTCS,",ประดับ แย้มสุวรรณ,1963-02-16,3102002781609,,,,1,,,,,,,,,,,,,,,,,,,,,,,,,,,,2023-10-04 09:50:11,,,O,,E,,,,,,,H,,C,I39INH,,,2000,,,,,,,,2006-11-20,2023-10-03,,,,,0,,
13781,,003923230,13781,003923230,,RTCS,วัลลพ พีราวัชร,1958-05-24,3649900103351,,,,1,,,,,,,,,,,,,,,,,,,,,,,,,,,,2025-11-05 09:52:12.999000,,,D,,E,,,,,,,H,,C,FZZ9GF,,,2000,,,,,,,,2017-06-08,2025-11-03,,,,,0,,
13781,,002770710,13781,002770710,,RTCS,มานะ พันธ์เหลา,1940-05-06,3700100637963,,,,1,,,,,,,,,,,,,,,,,,,,,,,,,,,,2015-06-17 13:26:32,,,,,U,,,,,,,H,,C,ED6RQR,,,2000,,,,,,,,2011-07-26,2017-07-26,,,,,0,,
13781,,004534841,13781,004534841,,RTCL,วรรณา พงศ์พิสุทธิ์,1935-04-01,3101000485963,,,,2,,,,,,,,,,,,,,,,,,,,,,,,,,,,2013-05-17 17:54:47,,,O,,E,,,,,,,H,,C,QYZF5T,,,2000,,,,,,,,2011-07-28,2013-05-20,,,,,0,,
13781,02,004536411,13781,004536411,,"RTCS,",ศิริพร ศรีสมบูรณ์,1937-05-06,3501400620813,,,,2,,,,,,,,,,,,,,,,,,,,,,,,,,,,2013-06-02 11:40:01.999000,,,,,U,,,,,,,H,,C,HYXHZP,,,2000,,,,,,,,2011-07-22,2015-07-22,,,,,0,,
13781,,003353794,13781,003353794,,RTCS,จวน พิศาลายน,1927-06-11,3102201670076,,,,2,,,,,,,,,,,,,,,,,,,,,,,,,,,,2019-11-26 14:35:39.998000,,,D,,E,,,,,,,H,,C,FMB7R7,,,2000,,,,,,,,2007-03-28,2019-11-18,,,,,0,,
13781,,004546442,13781,004546442,,RTCS,บุญตัน มาละวันนา,1947-04-07,3501400219949,,,,1,,,,,,,,,,,,,,,,,,,,,,,,,,,,2013-01-17 17:45:25.998000,,,O,,E,,,,,,,H,,C,HR77QA,,,2000,,,,,,,,2011-07-19,2013-01-18,,,,,0,,
13781,02,003718494,13781,003718494,,RTCS,สุธัม ปลัดสงคราม,1943-07-24,3100600113021,,,,1,,,,,,,,,,,,,,,,,,,,,,,,,,,,2017-07-17 17:35:01,,,C,,E,,,,,,,H,,C,DGBFMB,,,2000,,,,,,,,2011-06-17,2017-07-18,,,,,0,,
13781,02,003949287,13781,003949287,,RTCS,วุฒิ เฉลยคราม,1942-07-01,3100202152042,,,,1,,,,,,,,,,,,,,,,,,,,,,,,,,,,2019-07-18 14:48:18.999000,,,D,,E,,,,,,,H,,C,KAQEUS,,,2000,,,,,,,,2007-04-20,2019-07-18,,,,,0,,
13781,02,001789204,13781,001789204,,"RTCS,",มาลี วานิชชัง,1956-05-24,3450200016068,,,,2,,,,,,,,,,,,,,,,,,,,,,,,,,,,2019-07-31 16:27:28,,,,,U,,,,,,,H,,C,HSNPSJ,,,2000,,,,,,,,2009-08-24,2099-12-31,,,,,0,,
13781,02,003702798,13781,003702798,,RTCS,ไหล ไชยวุฒิ,1931-11-30,3550400027712,,,,2,,,,,,,,,,,,,,,,,,,,,,,,,,,,2014-06-17 17:28:01.999000,,,D,,E,,,,,,,H,,C,LHACKA,,,2000,,,,,,,,2008-08-24,2014-06-18,,,,,0,,
13781,,0034,13781,,,RTCS,ทดสอบ,,T000000000001,,,,,,,,,,,,,,,,,,,,,,,,,,,,,,,,2011-08-09 00:00:00,,,,,,,,,,,,,,,,,,,,,,,,,,2011-08-01,2013-08-01,,,,,,,
13781,,004257925,13781,004257925,,RTCS,สมศักดิ์ พุทธิบุตร,1953-08-15,3141100198257,,,,1,,,,,,,,,,,,,,,,,,,,,,,,,,,,2013-10-02 19:02:13.999000,,,O,,E,,,,,,,H,,C,HL67XM,,,2000,,,,,,,,2008-11-25,2013-10-03,,,,,0,,
13781,,004555213,13781,004555213,,RTCS,วัชรินทร์ สุดใจ,1957-12-30,3100203050341,,,,1,,,,,,,,,,,,,,,,,,,,,,,,,,,,2019-07-31 16:27:29,,,,,U,,,,,,,H,,C,HPPMX4,,,2000,,,,,,,,2011-08-03,2099-12-31,,,,,0,,
13781,02,004160016,13781,004160016,,RTCS,เล่งเกียว แซ่กัว,1930-07-01,3720400526237,,,,2,,,,,,,,,,,,,,,,,,,,,,,,,,,,2013-04-02 19:39:13,,,D,,E,,,,,,,H,,C,B3YKDK,,,2000,,,,,,,,2008-09-25,2013-04-03,,,,,0,,
13781,02,002875890,13781,002875890,,"RTCS,",สังวาลย์ ศรีสังข์,1940-08-05,3100201493679,,,,2,,,,,,,,,,,,,,,,,,,,,,,,,,,,2021-06-23 09:55:40.999000,,,D,,E,,,,1,,,H,,C,กห0443.2,,,2000,,,,,,,,2005-12-26,2021-06-18,,,,,0,,
13781,,002734081,13781,002734081,,RTCS,สมพงษ์ เกษมสิน,1938-10-13,3101400782876,,,,1,,,,,,,,,,,,,,,,,,,,,,,,,,,,2013-06-17 18:28:18,,,D,,E,,,,,,,H,,C,CVVWYJ,,,2000,,,,,,,,2008-11-14,2013-06-18,,,,,0,,
13781,02,004520078,13781,004520078,,"RTCS,",สุรพล สมเจริญ,1958-07-01,3101600202504,,,,1,,,,,,,,,,,,,,,,,,,,,,,,,,,,2018-10-19 11:13:00,,,O,,E,,,,,,,H,,C,E78WM7,,,2000,,,,,,,,2011-04-20,2018-10-03,,,,,0,,
13781,,004542552,13781,004542552,,RTCS,นิติชานนท์ รัตนวงศ์,1977-02-19,3430100737405,,,,1,,,,,,,,,,,,,,,,,,,,,,,,,,,,2019-07-31 16:27:29,,,,,U,,,,,,,H,,C,BYN3QE,,,2000,,,,,,,,2011-06-21,2099-12-31,,,,,0,,
13781,02,003552150,13781,003552150,,RTCS,ละมูล กาญจนดิลก,1932-08-17,3909900381501,,,,2,,,,,,,,,,,,,,,,,,,,,,,,,,,,2020-08-04 08:59:35,,,D,,E,,,,,,,H,,C,H2D76L,,,2000,,,,,,,,2007-03-02,2020-08-03,,,,,0,,
13781,,003160178,13781,003160178,,RTCS,ธาดา ถาวรสถิตย์,1924-04-01,3100600327021,,,,2,,,,,,,,,,,,,,,,,,,,,,,,,,,,2012-07-02 18:29:16,,,D,,E,,,,1,,,H,,C,,,,2000,,,,,,,,2004-04-16,2012-07-03,,,,,0,,
13781,02,004420562,13781,004420562,,RTCS,กิตติภพ มั่นศักดิ์,1953-12-25,3100904464338,,,,1,,,,,,,,,,,,,,,,,,,,,,,,,,,,2019-07-31 16:27:29,,,,,U,,,,,,,H,,C,MST2RR,,,2000,,,,,,,,2011-09-05,2099-12-31,,,,,0,,
13781,,003332419,13781,003332419,,RTCS,เตรียม ธนะสูตร,1936-11-29,5410600083630,,,,2,,,,,,,,,,,,,,,,,,,,,,,,,,,,2017-02-17 17:28:50,,,C,,E,,,,,,,H,,C,FS3C53,,,2000,,,,,,,,2010-02-08,2017-02-20,,,,,0,,
13781,02,004497684,13781,004497684,,RTCS,พรศักดิ์ โสภโณวงศ์,1953-02-04,3800200254305,,,,1,,,,,,,,,,,,,,,,,,,,,,,,,,,,2022-05-05 09:27:11,,,D,,E,,,,,G,2,H,,C,DZJXF4,,,2000,,,,,,,,2011-04-01,2022-05-03,,,,,0,,
13781,,003200349,13781,003200349,,RTCL,โอภาส สุภาพรรค,1951-03-14,3100904501403,,,,1,,,,,,,,,,,,,,,,,,,,,,,,,,,,2015-02-17 17:49:14,,,O,,E,,,,,,,H,,,QGA8MW,,,2000,,,,,,,,2009-03-03,2015-02-18,,,,,0,,
13781,,001431561,13781,001431561,,RTCS,วิจิตร์ จันทรา,1938-07-17,3101400076769,,,,2,,,,,,,,,,,,,,,,,,,,,,,,,,,,2012-06-04 15:56:08.998000,,,D,,E,,,,,,,H,,C,GNUVXR,,,2000,,,,,,,,2007-03-23,2012-06-05,,,,,0,,
13781,02,001736386,13781,001736386,,RTCS,จุรี ชัยยะเพกะ,1931-01-01,3101800283788,,,,2,,,,,,,,,,,,,,,,,,,,,,,,,,,,2017-07-17 17:35:01,,,C,,E,,,,,,,H,,C,EQBVUQ,,,2000,,,,,,,,2010-02-11,2017-07-18,,,,,0,,
13781,02,004474940,13781,004474940,,RTCL,เพิ่มศักดิ์ พร้อมไวพล,1939-09-06,3100200892405,,,,1,,,,,,,,,,,,,,,,,,,,,,,,,,,,2018-02-17 16:56:13.998000,,,O,,E,,,,,,,H,,,QL2HJY,,,2000,,,,,,,,2010-11-05,2018-02-19,,,,,0,,
13781,,003348680,13781,003348680,,RTCS,สุนทร พงศาธิรัตน์,1942-07-01,3100200053756,,,,1,,,,,,,,,,,,,,,,,,,,,,,,,,,,2014-06-17 17:28:01.999000,,,D,,E,,,,,,,H,,C,DGJELL,,,2000,,,,,,,,2008-06-09,2014-06-18,,,,,0,,
13781,02,001481968,13781,001481968,,RTCS,สำราญ บุญโอบ,1942-03-01,3101203212031,,,,2,,,,,,,,,,,,,,,,,,,,,,,,,,,,2019-07-04 09:33:54.998000,,,D,,E,,,,1,,,H,,C,ศธ0517.0,,,2000,,,,,,,,2006-03-30,2019-07-03,,,,,0,,
13781,,004361862,13781,004361862,,RTCL,ชูชาติ ทุเรียนงาม,1951-01-01,3140700094508,,,,1,,,,,,,,,,,,,,,,,,,,,,,,,,,,2012-10-17 18:07:10.998000,,,O,,E,,,,,,,H,,,QXL3ZQ,,,2000,,,,,,,,2009-08-26,2012-10-18,,,,,0,,
13781,,003062007,13781,003062007,,RTCS,เพ็ญศรี อรรถสิษฐ์,1938-10-10,3149900158451,,,,2,,,,,,,,,,,,,,,,,,,,,,,,,,,,2013-03-03 15:37:51.998000,,,D,,E,,,,,,,H,,C,DCFPF9,,,2000,,,,,,,,2009-08-13,2013-03-04,,,,,0,,
13781,,004203995,13781,004203995,,RTCS,ปล้อง สุขคันธรักษ์,1932-12-15,3700700446158,,,,2,,,,,,,,,,,,,,,,,,,,,,,,,,,,2012-03-02 17:02:23,,,D,,E,,,,,,,H,,C,AGNDMJ,,,2000,,,,,,,,2008-07-09,2012-03-05,,,,,0,,
13781,02,004520638,13781,004520638,,RTCS,สารภี อิ่มมั่น,1956-02-29,3779900053662,,,,2,,,,,,,,,,,,,,,,,,,,,,,,,,,,2023-03-22 15:22:27,,,D,,E,,,,,,,,,,CXM4X6,,,2000,,,,,,,,2011-04-29,2023-03-18,,,,,0,,
13781,,004132405,13781,004132405,,RTCS,คำรณ มาศจรัส,1956-08-08,3140700168862,,,,1,,,,,,,,,,,,,,,,,,,,,,,,,,,,2015-02-02 18:23:27,,,O,,E,,,,,,,,,,KF6WSJ,,,2000,,,,,,,,2009-03-30,2015-02-03,,,,,0,,
13781,,003742543,13781,003742543,,RTCS,ตลับ กลิ่นเอี่ยม,1929-04-01,3100200194317,,,,2,,,,,,,,,,,,,,,,,,,,,,,,,,,,2011-12-02 16:37:22,,,D,,E,,,,1,,,,,,กห0443.1,,,2000,,,,,,,,2006-03-27,2011-12-06,,,,,0,,
13781,02,004577002,13781,004577002,,RTCS,ฉัตรชัย วงศ์ภิญโญจิต,1962-01-05,3100201739571,,,,1,,,,,,,,,,,,,,,,,,,,,,,,,,,,2019-07-31 16:27:29,,,,,U,,,,,,,H,,C,C8V528,,,2000,,,,,,,,2011-10-13,2099-12-31,,,,,0,,
13781,,003340852,13781,003340852,,RTCS,พิชัย เกษรสุจริต,1921-01-01,3259900028824,,,,1,,,,,,,,,,,,,,,,,,,,,,,,,,,,2017-11-18 12:15:05.998000,,,C,,E,,,,,,,H,,C,ABN7S9,,,2000,,,,,,,,2010-08-03,2017-11-20,,,,,0,,
13781,02,000793934,13781,000793934,,RTCS,บุญมาก บุญเหลี่ยม,1931-12-08,3102100731657,,,,2,,,,,,,,,,,,,,,,,,,,,,,,,,,,2012-11-02 18:36:35,,,D,,E,,,,,,,H,,C,CJQ8EF,,,2000,,,,,,,,2008-04-18,2012-11-05,,,,,0,,
13781,,004438007,13781,004438007,,RTCS,อนงค์ พวงมณี,1932-02-07,3769900283111,,,,2,,,,,,,,,,,,,,,,,,,,,,,,,,,,2017-06-18 15:14:50,,,C,,E,,,,,,,H,,C,CMAK4J,,,2000,,,,,,,,2011-08-18,2017-06-19,,,,,0,,
13781,02,002827044,13781,002827044,,RTCS,ประเทือง เทียมมณี,1936-01-01,3141400013341,,,,2,,,,,,,,,,,,,,,,,,,,,,,,,,,,2015-08-17 17:28:42,,,O,,E,,,,1,,,H,,C,กห042501,,,2000,,,,,,,,2012-08-07,2015-08-18,,,,,0,,
13781,,002679367,22190,140/3-8/5,,RTUC,เจ็งฮุย แซ่ตั้ง,1934-01-01,3100701220922,,,,1,,,,,,,,,,,,,,,,,,,,,,,,,,,,2015-02-04 10:40:08.998000,,,D,,E,,,,,,,3,,,HDGT5YPD,HD,HD,1500,,7,,,,,O,2011-10-26,2014-10-07,,,,,0,,
13781,02,003998026,13781,003998026,,RTCS,วดี ชมสินเรืองฤทธิ์,1929-07-01,3100600398602,,,,2,,,,,,,,,,,,,,,,,,,,,,,,,,,,2012-07-02 18:29:16,,,D,,E,,,,,,,H,,C,H3IE2E,,,2000,,,,,,,,2006-10-10,2012-07-03,,,,,0,,
13781,02,004537837,13781,004537837,,RTCL,ชยาภรณ์ ใจปินตา,1968-03-14,3570700091751,,,,2,,,,,,,,,,,,,,,,,,,,,,,,,,,,2014-11-17 19:05:23,,,O,,E,,,,,,,H,,,QXTLGW,,,2000,,,,,,,,2011-06-28,2014-11-18,,,,,0,,
13781,02,4579269,22190,149/8-4/5,,RTUC,นิภา พิทักษ์,1961-03-28,3101600202237,,,,2,,,,,,,,,,,,,,,,,,,,,,,,,,,,2013-01-19 11:36:43,,,D,,E,,,,,,,3,,,HDLGBJJI,HD,HD,1500,,7,,,,,O,2011-10-26,2013-01-10,,,,,0,,
13781,,003617416,11641,52-00755,,RTUC,สร้อยสุวรรณ เจียวหวาน,2479-01-01,3760700343634,,,,2,,,,,,,,,,,,,,,,,,,,,,,,,,,,2014-09-02 15:50:24,,,D,,E,,,,,,,3,,,HDLRRRYA,HD,HD,1500,,7,,,,,R,2011-10-29,2013-12-06,,,,,0,,
13781,02,002223194,13781,002223194,,RTCS,สุพัฒน์ โภคัง,1954-03-20,4969800004771,,,,2,,,,,,,,,,,,,,,,,,,,,,,,,,,,2012-08-17 15:08:48.998000,,,D,,E,,,,,,,H,,C,KPBVHN,,,2000,,,,,,,,2011-11-04,2012-08-20,,,,,0,,
13781,,004580615,12131,295/54,,RTUC,ใช้เอ็ง แซ่ล้อ,,3102002800247,,,,2,,,,,,,,,,,,,,,,,,,,,,,,,,,,2011-11-11 10:31:08.998000,,,,,,,,,,,,2,,,HRA1JM3A,HD,HD,1500,,2,,,,,R,2011-11-03,,,,,,0,,
13781,,004579384,13781,004579384,,RTCS,สมจิตร์ วงษ์ศิริ,1929-08-15,3129900143519,,,,2,,,,,,,,,,,,,,,,,,,,,,,,,,,,2014-10-17 19:16:00,,,D,,E,,,,,,,H,,C,LQ7FGA,,,2000,,,,,,,,2011-11-04,2014-10-20,,,,,0,,
13781,,004572332,13781,004572332,,RTCS,ถนอมศรี พันธ์หมุด,1951-03-20,3480700679937,,,,2,,,,,,,,,,,,,,,,,,,,,,,,,,,,2012-02-02 17:58:07,,,D,,E,,,,,,,H,,C,JDXGTL,,,2000,,,,,,,,2011-11-04,2012-02-03,,,,,0,,
13781,,004343115,22190,207/8-3/5,,RTUC,เม่งจิง แซ่โง้ว,,3101300274615,,,,2,,,,,,,,,,,,,,,,,,,,,,,,,,,,2011-11-17 10:33:06.998000,,,,,,,,,,,,3,,,HDKXCADO,HD,HD,0,,6,,,,,O,2011-10-31,,,,,,0,,
13781,,004579289,13781,004579289,,RTCS,สุเทพ ครุสาตะ,1946-02-20,3100201687007,,,,1,,,,,,,,,,,,,,,,,,,,,,,,,,,,2014-09-17 17:40:34,,,D,,E,,,,,,,H,,C,A9D98L,,,2000,,,,,,,,2011-11-01,2014-09-18,,,,,0,,
13781,,004579492,13781,004579492,,RTCS,วัง อยู่ม่วง,1931-07-27,3102300241131,,,,2,,,,,,,,,,,,,,,,,,,,,,,,,,,,2023-05-08 08:16:26,,,,,E,,,,,,,H,,C,BZREXB,,,2000,,,,,,,,2014-08-19,2022-09-30,,,,,0,,
13781,,004579280,13781,004579280,,RTCS,สุรินทร์ ขาววงศ์,1956-06-20,3100503524534,,,,1,,,,,,,,,,,,,,,,,,,,,,,,,,,,2018-04-02 17:12:54.998000,,,D,,E,,,,,,,H,,C,DKEJYD,,,2000,,,,,,,,2011-11-02,2018-04-03,,,,,0,,
13781,,003857856,13781,003857856,,RTCS,วารินทร์ อ่อนอุ่นจิตร,1928-03-20,3100502974714,,,,2,,,,,,,,,,,,,,,,,,,,,,,,,,,,2013-09-02 15:20:26.999000,,,,,U,,,,,,,H,,C,B9NUA5,,,2000,,,,,,,,2011-10-04,2015-10-04,,,,,0,,
13781,,004550104,13781,004550104,,RTCS,กิมเฮียะ แซ่ลิ้ม,1926-01-01,3101201116001,,,,2,,,,,,,,,,,,,,,,,,,,,,,,,,,,2013-06-02 14:15:17.999000,,,D,,E,,,,,,,H,,C,FAF4US,,,2000,,,,,,,,2011-10-12,2013-06-03,,,,,0,,
13781,,004531779,13781,004531779,,RTCS,อำพร เทพวิญญากิจ,1945-01-01,3100500775765,,,,2,,,,,,,,,,,,,,,,,,,,,,,,,,,,2012-02-02 17:58:07,,,D,,E,,,,,,,H,,C,EQ8YBJ,,,2000,,,,,,,,2011-06-22,2012-02-03,,,,,0,,
11472,02,096570-54,11472,096570-54,,RTCS,บุญส่ง   สุทธิวงษ์,1931-07-01,3249900373815,,,,2,,,,,,,,,,,,,,,,,,,,,,,,,,,,2011-12-09 09:54:22,,,,,,,,,,,,H,,C,G32NGH,,,2000,,,,,,,,2011-12-08,2013-12-08,,,,,,,
11472,,003407-45,NHSO1,201144935,,RTUC,นิรัตน์ จันทร์ประจักษ์,,3600500426880,,,,1,,,,,,,,,,,,,,,,,,,,,,,,,,,,2011-12-09 15:46:53.999000,,,,,,,,,,,,H,,,UCG9NF4O,PD,HD,1500,,4,,,,,O,2011-11-19,,,,,,,,
11472,,091163-54,11472,091163-54,,RTCS,สุชาดา   พัวเวส,1939-03-15,3739900129464,,,,2,,,,,,,,,,,,,,,,,,,,,,,,,,,,2011-12-14 10:03:59,,,,,,,,,,,,H,,C,J7ECRD,,,2000,,,,,,,,2011-12-13,2013-12-13,,,,,,,
13781,02,004438828,13781,004438828,,RTCS,นาคชัย แสงธรรมชัย,1951-01-01,3101702077644,,,,1,,,,,,,,,,,,,,,,,,,,,,,,,,,,2019-07-31 16:27:31,,,,,U,,,,,,,H,,C,L4PVXH,,,2000,,,,,,,,2011-07-12,2099-12-31,,,,,0,,
13781,02,004219876,13781,004219876,,RTCS,อาแซ เจะบู,1947-10-08,3940400190270,,,,1,,,,,,,,,,,,,,,,,,,,,,,,,,,,2016-04-17 14:02:26.999000,,,D,,E,,,,,,,H,,C,AAYFYR,,,2000,,,,,,,,2008-05-29,2016-04-18,,,,,0,,
13781,,004583200,13781,004583200,,RTCS,วิไลลักษณ์ ตุลาสมบัติ,1929-01-01,3110400750086,,,,2,,,,,,,,,,,,,,,,,,,,,,,,,,,,2013-09-02 18:20:52,,,D,,E,,,,,,,H,,C,L4H3DT,,,2000,,,,,,,,2011-11-18,2013-09-03,,,,,0,,
13781,,004440049,13781,004440049,,RTCS,นิติกร ศรีสมาน,1992-01-28,1100701484150,,,,1,,,,,,,,,,,,,,,,,,,,,,,,,,,,2012-02-02 17:58:07,,,O,,E,,,,,,,H,,C,FYW9DZ,,,2000,,,,,,,,2010-06-18,2012-02-03,,,,,0,,
13781,02,003731079,13781,003731079,,RTCS,พจน์ รัญศรี,1949-11-07,3100501825448,,,,1,,,,,,,,,,,,,,,,,,,,,,,,,,,,2015-11-02 17:09:55,,,D,,E,,,,,,,H,,C,H37E9O,,,2000,,,,,,,,2006-12-08,2015-11-03,,,,,0,,
13781,02,003395704,13781,003395704,,"RTCS,",เมทินี เนตรมงคล,1961-09-06,3100203427312,,,,2,,,,,,,,,,,,,,,,,,,,,,,,,,,,2021-10-19 09:49:53,,,,,U,,,,1,,,H,,C,กห0211,,,2000,,,,,,,,2021-10-19,2099-12-31,,,,,0,,
13781,,004572008,13781,004572008,,RTCS,เยาวนา เทพบุตร,1940-12-14,3839900256023,,,,2,,,,,,,,,,,,,,,,,,,,,,,,,,,,2024-09-18 11:00:41.998000,,,D,,E,,,,,,,H,,C,FFNRQE,,,2000,,,,,,,,2011-11-07,2024-09-16,,,,,0,,
13781,,004583318,13781,004583318,,RTCS,ปรมะ แพรเมือง,1950-08-17,3160600476417,,,,1,,,,,,,,,,,,,,,,,,,,,,,,,,,,2012-02-02 17:58:07,,,D,,E,,,,,,,H,,C,CKXUL6,,,2000,,,,,,,,2011-11-21,2012-02-03,,,,,0,,
13781,,004072961,11806,547423,,RTUC,สมบุญ ปานประยูร,1946-01-01,3140800446473,,,,2,,,,,,,,,,,,,,,,,,,,,,,,,,,,2012-01-19 13:50:04.999000,,,D,,E,,,,,,,3,,,HDFLLYQS,HD,HD,1000,,1,,,,,R,2012-01-06,2012-01-02,,,,,0,,
13781,,003595859,13781,003595859,,RTCS,ศรีทอง สุขยิ่ง,1942-06-18,3501100364714,,,,2,,,,,,,,,,,,,,,,,,,,,,,,,,,,2012-07-02 18:29:16,,,O,,E,,,,1,,,H,,C,12/2549,,,2000,,,,,,,,2006-04-28,2012-07-03,,,,,0,,
13781,02,002737985,13781,002737985,,"RTCS,",ระเบียบ สมใจเพ็ง,1951-09-18,3100200522551,,,,2,,,,,,,,,,,,,,,,,,,,,,,,,,,,2025-10-21 13:08:36,,,D,,E,,,,1,,,H,,C,กห0613.4,,,2000,,,,,,,,2006-03-01,2025-10-13,,,,,0,,
13781,,003643487,13781,003643487,,RTCS,มงคล เจริญนิตย์,1942-07-01,3220100259971,,,,1,,,,,,,,,,,,,,,,,,,,,,,,,,,,2014-12-02 17:35:45,,,D,,E,,,,1,,,H,,C,,,,2000,,,,,,,,2004-12-09,2014-12-03,,,,,0,,
13781,02,004058153,13781,004058153,,RTCS,ราณี จูฑะสุต,1949-05-14,3101502009564,,,,2,,,,,,,,,,,,,,,,,,,,,,,,,,,,2018-01-17 16:54:28.998000,,,D,,E,,,,,,,H,,C,CKV0YM,,,2000,,,,,,,,2007-01-15,2018-01-18,,,,,0,,
13781,02,001647235,13781,001647235,,RTCS,เซี่ยมเอ็ง แซ่ฉั่ว,1922-07-01,3101300635235,,,,2,,,,,,,,,,,,,,,,,,,,,,,,,,,,2017-12-17 14:21:34.998000,,,C,,E,,,,,,,H,,C,FNXCNR,,,2000,,,,,,,,2008-08-31,2017-12-18,,,,,0,,
13781,,002863554,13781,002863554,,RTCL,สุวรรณา โสภา,1967-02-15,3600600050130,,,,2,,,,,,,,,,,,,,,,,,,,,,,,,,,,2016-01-17 11:30:40,,,,,U,,,,,,,H,,,QHATAN,,,2000,,,,,,,,2009-02-27,2018-02-27,,,,,0,,
13781,02,004597269,13781,004597269,,RTCS,นิรุจ แปลงกลาง,1980-04-21,5360700034143,,,,1,,,,,,,,,,,,,,,,,,,,,,,,,,,,2019-07-31 16:27:31,,,,,U,,,,,,,H,,C,F7MA4F,,,2000,,,,,,,,2012-01-16,2099-12-31,,,,,0,,
13781,,003800314,13781,003800314,,RTCS,ทองยิ้ม พูลคลองตัน,1920-01-08,3740300454081,,,,2,,,,,,,,,,,,,,,,,,,,,,,,,,,,2013-02-03 15:26:13.998000,,,D,,E,,,,,,,H,,C,I1Q6NT,,,2000,,,,,,,,2007-03-01,2013-02-04,,,,,0,,
13781,,004319653,13781,004319653,,RTCS,เชิด จันทรศาลทูล,1932-11-09,3419900364903,,,,1,,,,,,,,,,,,,,,,,,,,,,,,,,,,2013-08-02 16:39:52,,,D,,E,,,,,,,,,,EFHWZP,,,2000,,,,,,,,2009-04-21,2013-08-05,,,,,0,,
13781,,004085504,13781,004085504,,RTCS,บุญช่วย เต่าสุวรรณ,1937-01-10,3101090003254,,,,1,,,,,,,,,,,,,,,,,,,,,,,,,,,,2018-05-17 18:58:28.998000,,,D,,E,,,,,,,H,,C,GGQK6K,,,2000,,,,,,,,2007-04-10,2018-05-18,,,,,0,,
13781,,004579802,13781,004579802,,"RTCS,",ถวัลยา ประภาพันธ์,1935-07-23,3101400699880,,,,1,,,,,,,,,,,,,,,,,,,,,,,,,,,,2012-02-06 10:59:40,,,,,V,,,,,,,H,,C,GKUZ2Z,,,2000,,,,,,,,2011-12-08,2014-12-08,,,,,0,,
13781,,003517770,13781,003517770,,RTCS,ประเสริฐ พงษ์เจริญ,1953-11-29,3100601920400,,,,1,,,,,,,,,,,,,,,,,,,,,,,,,,,,2015-05-17 14:10:40.998000,,,D,,E,,,,1,,,H,,C,สธ0911.0,,,2000,,,,,,,,2006-06-22,2015-05-18,,,,,0,,
13781,02,003127320,13781,003127320,,RTCS,วินัย อิ่มจิตร์,1951-05-24,3102001826226,,,,1,,,,,,,,,,,,,,,,,,,,,,,,,,,,2014-09-17 17:40:34,,,D,,E,,,,,,,H,,C,H2ZX9P,,,2000,,,,,,,,2007-02-23,2014-09-18,,,,,0,,
13781,,004009092,13781,004009092,,RTCS,พจน์ รังสิยีรานนท์,1944-04-22,3140600099761,,,,1,,,,,,,,,,,,,,,,,,,,,,,,,,,,2012-04-02 17:35:25.998000,,,D,,E,,,,,,,H,,C,NK8EWM,,,2000,,,,,,,,2006-09-05,2012-04-03,,,,,0,,
13781,02,003815898,13781,003815898,,RTCS,วัชรินทร์ สุทธิบุตร,1932-07-01,3749900314911,,,,1,,,,,,,,,,,,,,,,,,,,,,,,,,,,2014-09-17 17:40:34,,,D,,E,,,,,,,H,,C,A67VF4,,,2000,,,,,,,,2009-02-10,2014-09-18,,,,,0,,
13781,02,002010782,13781,002010782,,RTCS,บุญเนื่อง กล่อมสกุล,1932-07-01,3101801023356,,,,2,,,,,,,,,,,,,,,,,,,,,,,,,,,,2012-05-02 18:39:19.998000,,,D,,E,,,,,,,H,,C,K31CG4,,,2000,,,,,,,,2006-12-21,2012-05-03,,,,,0,,
13781,02,003747347,13781,003747347,,"RTCS,",อนุเทพ บุนนาค,1947-04-01,3100602706690,,,,1,,,,,,,,,,,,,,,,,,,,,,,,,,,,2014-11-17 17:59:42,,,,,U,,,,1,,,H,,C,ตผ0006/5,,,2000,,,,,,,,2005-12-09,2016-12-09,,,,,0,,
13781,02,004224086,13781,004224086,,"RTCS,",ไพรัช สหเมธาพัฒน์,1944-01-01,3100400837874,,,,1,,,,,,,,,,,,,,,,,,,,,,,,,,,,2024-02-05 10:52:07,,,D,,E,,,,,,,H,,C,FJSLFN,,,2000,,,,,,,,2012-02-17,2024-01-22,,,,,0,,
13781,02,002802693,13781,002802693,,RTCS,พวง ตาลช่วง,1928-10-06,3100601129711,,,,1,,,,,,,,,,,,,,,,,,,,,,,,,,,,2014-09-17 17:40:34,,,D,,E,,,,1,,,H,,C,,,,2000,,,,,,,,2004-05-03,2014-09-18,,,,,0,,
13781,,004598424,13781,004598424,,"RTCS,",มานี กล่ำใส,1947-12-26,5180500019860,,,,2,,,,,,,,,,,,,,,,,,,,,,,,,,,,2022-12-21 08:11:53,,,D,,E,,,,,,,H,,C,FLAKWF,,,2000,,,,,,,,2012-01-31,2022-12-18,,,,,0,,
13781,02,003935647,13781,003935647,,RTCS,พวงทิพย์ จันทรัคคะ,1934-12-04,3101400441181,,,,2,,,,,,,,,,,,,,,,,,,,,,,,,,,,2025-04-18 13:40:20,,,D,,E,,,,1,,,H,,C,ศธ0513.1,,,2000,,,,,,,,2020-06-19,2025-03-31,,,,,0,,
13781,,002348750,13781,002348750,,RTCS,นิสสัย ศุขรัตน์,1936-12-22,3100602455867,,,,1,,,,,,,,,,,,,,,,,,,,,,,,,,,,2012-10-02 18:06:40.998000,,,D,,E,,,,1,,,H,,C,ศธ0519.1,,,2000,,,,,,,,2006-07-12,2012-10-03,,,,,0,,
13781,02,002343674,13781,002343674,,RTCS,อาจินต์ ปรีชาศาสน์,1927-02-24,3120101798605,,,,1,,,,,,,,,,,,,,,,,,,,,,,,,,,,2014-06-17 17:28:01.999000,,,D,,E,,,,,,,H,,C,F3BIWK,,,2000,,,,,,,,2007-01-22,2014-06-18,,,,,0,,
13781,02,003986243,13781,003986243,,RTCS,ฉงน จีนจรรยา,1936-09-01,3660800193341,,,,1,,,,,,,,,,,,,,,,,,,,,,,,,,,,2015-08-17 17:28:42,,,D,,E,,,,,,,H,,C,MHMZ2J,,,2000,,,,,,,,2011-12-08,2015-08-18,,,,,0,,
13781,02,002508356,13781,002508356,,RTCL,ระเบียบ สุริยันต์,1936-12-24,3101702342101,,,,2,,,,,,,,,,,,,,,,,,,,,,,,,,,,2015-08-17 17:28:42,,,O,,E,,,,,,,H,,,QJTTZJ,,,2000,,,,,,,,2008-11-30,2015-08-18,,,,,0,,
13781,,003004133,13781,003004133,,"RTCS,",พริ้ง การะนุต,1927-08-12,3120400244016,,,,1,,,,,,,,,,,,,,,,,,,,,,,,,,,,2019-04-03 13:50:26.999000,,,D,,E,,,,,,,H,,C,K3U3LP,,,2000,,,,,,,,2008-10-10,2019-04-03,,,,,0,,
13781,,002853198,13781,002853198,,RTCS,ธีระวัฒน์ หาญทวีพานิชย์,1925-10-04,3120100728182,,,,2,,,,,,,,,,,,,,,,,,,,,,,,,,,,2013-09-02 18:20:52,,,D,,E,,,,,,,H,,C,CD7KLY,,,2000,,,,,,,,2011-04-27,2013-09-03,,,,,0,,
13781,,004552434,13781,004552434,,RTCS,อุดมลักษณ์ แม้นวงศ์,1926-04-18,3580200018663,,,,2,,,,,,,,,,,,,,,,,,,,,,,,,,,,2012-07-17 15:13:48,,,D,,E,,,,,,,H,,C,LZW6EF,,,2000,,,,,,,,2011-08-03,2012-07-18,,,,,0,,
13781,02,004579223,13781,004579223,,RTCS,ระเบียบ เด่นจักรวาฬ,1950-01-01,3100300105359,,,,2,,,,,,,,,,,,,,,,,,,,,,,,,,,,2016-06-02 17:43:03,,,,,U,,,,,,,H,,C,CKWQG4,,,2000,,,,,,,,2011-10-26,2016-10-26,,,,,0,,
13781,,004591698,13781,004591698,,RTCS,ฉลวย บัตรมาก,1931-01-01,3250400527556,,,,2,,,,,,,,,,,,,,,,,,,,,,,,,,,,2016-06-17 17:15:15.998000,,,D,,E,,,,,,,H,,C,HASPQG,,,2000,,,,,,,,2012-01-25,2016-06-20,,,,,0,,
13781,,002568483,13781,002568483,,RTCL,บุญช่วย กันจาด,1948-11-05,3100300376565,,,,2,,,,,,,,,,,,,,,,,,,,,,,,,,,,2017-07-17 17:35:01,,,C,,E,,,,,,,H,,,QYNSVX,,,2000,,,,,,,,2009-01-13,2017-07-18,,,,,0,,
13781,02,004459680,23885,U-0056,,RTUC,ศรณรงค์ พันธุ์สุวรรณนาคี,1947-03-04,3101200330980,,,,1,,,,,,,,,,,,,,,,,,,,,,,,,,,,2012-11-02 17:34:10.998000,,,D,,E,,,,,G,,3,,,HDCWSC7S,HD,HD,1500,,7,,,,,O,2012-04-01,2012-05-18,,,,,0,,
13781,02,002696503,NHSO1,200904895,,"RTUC,RTXX",บุญสงค์ บุรัตน์,,3490500094404,,,,1,,,,,,,,,,,,,,,,,,,,,,,,,,,,2017-04-10 13:31:15.998000,,,,,U,,,,1,G,,H,,,UCH9QS3R,HD,HD,1500,,5,,,,,R,2008-10-01,,,,,,0,,
13781,02,003899089,11747,48-07317,,RTUC,ทองแถม พวกอนันท์,1945-11-04,3420901007804,,,,2,,,,,,,,,,,,,,,,,,,,,,,,,,,,2014-09-02 15:50:20.998000,,,D,,E,,,,,G,,3,,,HDCWLN7H,HD,HD,1500,,7,,,,,R,2012-05-24,2014-03-30,,,,,0,,
13781,02,003923305,22283,82210250,,RTUC,สมเกียรติ แสงเพ็ชร์,,3102001954135,,,,1,,,,,,,,,,,,,,,,,,,,,,,,,,,,2012-10-19 09:17:13.999000,,,D,,E,,,,,G,,3,,,HDGFSHJP,HD,HD,1500,,7,,,,,R,2012-05-26,2012-09-25,,,,,0,,
13781,02,004435802,22326,51/12128,,RTUC,วัลย์นะภา ช่วยสุข,,3460500764043,,,,2,,,,,,,,,,,,,,,,,,,,,,,,,,,,2017-04-10 13:31:15.998000,,,,,U,,,,,G,,3,,,HDG70PSW,HD,HD,1500,,7,,,,,O,2012-05-25,,,,,,0,,
13781,,003511001,13781,003511001,,RTCS,อิ่ม เปลี่ยนจิตรดี,1920-01-23,3100602149651,,,,2,,,,,,,,,,,,,,,,,,,,,,,,,,,,2015-08-17 17:28:42,,,O,,E,,,,,,,H,,C,LHPE7V,,,2000,,,,,,,,2012-06-06,2015-08-18,,,,,0,,
13781,,004378412,13781,004378412,,RTCS,ทองเจือ เสียงดัง,1951-09-06,3110300689121,,,,1,,,,,,,,,,,,,,,,,,,,,,,,,,,,2013-02-17 15:48:00.999000,,,D,,E,,,,,,,H,,C,BSAPE7,,,2000,,,,,,,,2009-10-21,2013-02-18,,,,,0,,
13781,,003676345,13781,003676345,,RTCS,บุญรุ่ง ทองเรือง,1933-01-05,3100904987454,,,,1,,,,,,,,,,,,,,,,,,,,,,,,,,,,2013-02-03 15:26:13.998000,,,D,,E,,,,1,,,H,,C,,,,2000,,,,,,,,2004-02-10,2013-02-04,,,,,0,,
13781,02,001782640,15289,018/49,,RTUC,สมจิตต์ ศรีบุญรอด,1942-01-01,3100502671827,,,,2,,,,,,,,,,,,,,,,,,,,,,,,,,,,2016-11-04 09:34:27,,,D,,E,,,,,G,,3,,,HDEJ1H7N,HD,HD,1500,,7,,,,,R,2012-06-05,2016-10-18,,,,,0,,
13781,02,004623938,10690,0018484,,RTUC,มาโนช คชพงษ์,,5730500010255,,,,1,,,,,,,,,,,,,,,,,,,,,,,,,,,,2012-06-20 14:00:42.999000,,,,,,,,,,G,,3,,,HDCWTDJB,HD,HD,1500,,2,,,,,O,2012-06-18,,,,,,0,,
13781,02,004542670,22283,360110099,,RTUC,ธนบดี วังธนะรุ่งโรจน์,,3601100999298,,,,1,,,,,,,,,,,,,,,,,,,,,,,,,,,,2017-04-10 13:31:16.999000,,,,,U,,,,,G,,3,,,HDBLFAPU,HD,HD,1500,,7,,,,,O,2012-06-07,,,,,,0,,
13781,02,002762529,11592,530066,,RTUC,เสาวลักษณ์ ทองดี,1951-12-14,3110400352340,,,,2,,,,,,,,,,,,,,,,,,,,,,,,,,,,2017-01-06 08:29:59.998000,,,U,,E,,,,,G,,H,,,HDJ26V55,HD,HD,1500,,7,,,,,R,2017-01-02,2022-12-31,,,,,0,,
13781,02,004375893,13781,004375893,,"RTCS,",โบ่ย แซ่หลู่,1938-07-01,3961100153779,,,,2,,,,,,,,,,,,,,,,,,,,,,,,,,,,2019-11-26 14:35:39.998000,,,D,,E,,,,,,,H,,C,HFJ4XW,,,2000,,,,,,,,2009-10-20,2019-11-18,,,,,0,,
13781,,002416664,13781,002416664,,RTCS,หลั่นยี บูรณะคุณาภรณ์,1932-07-01,3100200378744,,,,2,,,,,,,,,,,,,,,,,,,,,,,,,,,,2016-01-17 13:49:27.999000,,,D,,E,,,,,,,H,,C,D1E059,,,2000,,,,,,,,2006-11-16,2016-01-18,,,,,0,,
13781,02,003642299,13781,003642299,,RTCS,วีระ จิรเมธากร,1929-03-28,3411100403443,,,,1,,,,,,,,,,,,,,,,,,,,,,,,,,,,2013-03-03 15:37:51.998000,,,D,,E,,,,,,,H,,C,F7DZYC,,,2000,,,,,,,,2007-08-10,2013-03-04,,,,,0,,
13781,02,001825132,13781,001825132,,RTCS,จันทร์เพ็ญ ศิริพยัคฆ์,1932-03-10,3100502596949,,,,2,,,,,,,,,,,,,,,,,,,,,,,,,,,,2016-07-20 13:21:50,,,D,,E,,,,1,,,H,,C,ตช0002.4,,,2000,,,,,,,,2006-05-19,2016-07-21,,,,,0,,
13781,02,002439332,13781,002439332,,RTCS,สมร ชำนิจ,1929-07-01,3310700184998,,,,2,,,,,,,,,,,,,,,,,,,,,,,,,,,,2012-10-02 18:06:40.998000,,,D,,E,,,,,,,H,,C,F1RL9W,,,2000,,,,,,,,2006-11-20,2012-10-03,,,,,0,,
13781,02,003674679,13781,003674679,,RTCS,สิงหา แช่มชื่น,1944-01-26,3460900020394,,,,2,,,,,,,,,,,,,,,,,,,,,,,,,,,,2017-07-03 12:31:24.998000,,,C,,E,,,,,,,H,,C,ERX3C6,,,2000,,,,,,,,2008-05-08,2017-07-03,,,,,0,,
13781,02,003571489,13781,003571489,,RTCS,เอม โพธินิ่มแดง,1929-09-04,3101400162401,,,,2,,,,,,,,,,,,,,,,,,,,,,,,,,,,2012-09-02 15:06:19.998000,,,D,,E,,,,,,,H,,C,KLT4F8,,,2000,,,,,,,,2009-03-05,2012-09-03,,,,,0,,
13781,02,004133113,22179,51/00670,,RTUC,แฉล้ม เย็นวันประเสริฐ,1939-01-01,3120600843975,,,,2,,,,,,,,,,,,,,,,,,,,,,,,,,,,2012-10-03 13:16:48.999000,,,,,U,,,,,G,,3,,,HDICNPP3,HD,HD,1500,,7,,,,,R,2012-06-28,,,,,,0,,
13781,,004388731,13781,004388731,,RTCS,ถาวร ภูวนาถนรานุบาล,1925-01-01,3100901128922,,,,1,,,,,,,,,,,,,,,,,,,,,,,,,,,,2014-11-17 19:05:23,,,D,,E,,,,,,,H,,C,HPHX3C,,,2000,,,,,,,,2009-12-01,2014-11-18,,,,,0,,
13781,,003717526,13781,003717526,,"RTCS,",สุวิมล พรหมวนิช,1934-01-01,3149900454026,,,,2,,,,,,,,,,,,,,,,,,,,,,,,,,,,2025-07-04 10:40:42,,,D,,E,,,,,,,H,,C,J56NQ2,,,2000,,,,,,,,2012-06-27,2025-06-30,,,,,0,,
13781,02,001569636,13781,001569636,,"RTUC,RTCS",บรรจงศักดิ์ พึ่งอ่ำ,,3100602244823,,,,1,,,,,,,,,,,,,,,,,,,,,,,,,,,,2015-10-20 08:17:04,,,,,,,,,,G,,H,,C,UCM2COEI,HD,HD,1500,,8,,,,,O,2015-10-05,,,,,,0,,
13781,02,004055328,NHSO1,201253644,,RTUC,ประภาศรี แซ่ด่าน,,5820690002479,,,,2,,,,,,,,,,,,,,,,,,,,,,,,,,,,2012-10-03 13:16:54.998000,,,,,U,,,,,G,,H,,,UCERUOJW,HD,HD,1500,,7,,,,,R,2012-06-06,,,,,,0,,
13781,02,004331511,13781,004331511,,RTCS,ขันทอง จันทร์ศิริ,1945-04-13,3120600475054,,,,2,,,,,,,,,,,,,,,,,,,,,,,,,,,,2024-02-19 10:10:27,,,D,,E,,,,,,,H,,C,CTKE49,,,2000,,,,,,,,2010-01-07,2024-02-05,,,,,0,,
13781,02,003126295,13781,003126295,,RTCS,บุญจันทร์ ทองจันทร์,1935-07-07,3102001909458,,,,1,,,,,,,,,,,,,,,,,,,,,,,,,,,,2022-01-19 07:41:05,,,D,,E,,,,,,,H,,C,G90GR3,,,2000,,,,,,,,2007-02-07,2022-01-18,,,,,0,,
13781,02,003725370,10735,50-002620,,RTUC,พัสวีภัค เมืองรมย์,,5120300019076,,,,2,,,,,,,,,,,,,,,,,,,,,,,,,,,,2017-09-04 16:45:11,,,C,,E,,,,,G,,3,,,HDCDFN9E,HD,HD,1500,,2,,,,,O,2012-07-11,2017-07-31,,,,,0,,
13781,02,003824116,13758,010324082,51089877,RTCS,จักรพงษ์ เจริญรื่น,1963-05-02,3200900217734,,,,1,,,,,,,,,,,,,,,,,,,,,,,,,,,,2012-07-16 09:29:10,,,,,U,,,,2,G,1,2,,C,HRCWMUCG,,,2000,,,,,,,O,2006-01-04,2012-09-30,,,,,,,
13781,02,004401500,11946,54-2102,,RTCS,ปรีดี  ถนอมทัพ,1957-10-14,3670400430290,,,,1,,,,,,,,,,,,,,,,,,,,,,,,,,,,2012-07-16 11:52:30.999000,,,,,,,,,2,G,2,1,,C,HELVLRDW,,,2000,,,,,,,,2012-05-11,2014-05-11,,,,,,,
13781,,004638799,13781,004638799,,RTCS,สมถวิล อุ่ยถาวร,1933-01-01,5800700005416,,,,2,,,,,,,,,,,,,,,,,,,,,,,,,,,,2012-10-02 18:06:40.998000,,,D,,E,,,,,,,H,,C,H2HY3Q,,,2000,,,,,,,,2012-06-13,2012-10-03,,,,,0,,
13781,,004635261,13781,004635261,,RTCS,พัฒนา เรืองสุคนธ์,1947-05-16,3102000904118,,,,1,,,,,,,,,,,,,,,,,,,,,,,,,,,,2018-05-17 18:58:28.998000,,,D,,E,,,,,,,H,,C,DFJZAN,,,2000,,,,,,,,2012-06-01,2018-05-18,,,,,0,,
13781,02,002177134,NHSO1,201256095,,RTUC,ภูมิใจ ขจัดมาน,,3101402043612,,,,1,,,,,,,,,,,,,,,,,,,,,,,,,,,,2012-07-20 17:27:01.998000,,,,,,,,,,G,,H,,,UCEXW6JB,HD,HD,1500,,2,,,,,R,2012-07-19,,,,,,0,,
13781,02,004595181,22127,104925,,RTUC,บันลือ กองประพันธ์,,3190600077296,,,,1,,,,,,,,,,,,,,,,,,,,,,,,,,,,2013-08-20 13:20:01.999000,,,D,,E,,,,,G,,3,,,HDLKG6SG,HD,HD,1500,,2,,,,,O,2012-07-21,2013-08-14,,,,,0,,
13781,02,003693230,13781,003693230,,RTCS,แสวง ชูติกุลัง,1933-07-01,3101700885433,,,,2,,,,,,,,,,,,,,,,,,,,,,,,,,,,2017-11-02 16:13:30,,,C,,E,,,,,,,H,,C,H4JEDQ,,,2000,,,,,,,,2007-04-20,2017-11-03,,,,,0,,
13781,02,002137375,13781,002137375,,RTCS,สนิท ทองสง่า,1930-03-28,3100503799649,,,,1,,,,,,,,,,,,,,,,,,,,,,,,,,,,2015-04-02 16:22:13.998000,,,D,,E,,,,,,,H,,C,A38ATP,,,2000,,,,,,,,2006-11-02,2015-04-03,,,,,0,,
13781,,002678532,13781,002678532,,RTCS,สำอางค์ สุคนธ์ผ่อง,1936-07-01,3100200963183,,,,2,,,,,,,,,,,,,,,,,,,,,,,,,,,,2012-11-02 18:36:35,,,D,,E,,,,1,,,H,,C,กษ1003/9,,,2000,,,,,,,,2006-09-26,2012-11-05,,,,,0,,
13781,02,002639982,13781,002639982,,"RTCS,",สมพิศ เวณุโกเศศ,1935-07-01,3101401017961,,,,2,,,,,,,,,,,,,,,,,,,,,,,,,,,,2019-07-31 16:27:34.999000,,,,,U,,,,1,,,H,,C,ศธ0206.1,,,2000,,,,,,,,2006-07-07,2099-12-31,,,,,0,,
13781,02,000337227,13781,000337227,,RTCS,พิจิตต์ สายิกาลักษณ์,1940-01-01,3100501824531,,,,2,,,,,,,,,,,,,,,,,,,,,,,,,,,,2012-11-02 18:36:35,,,D,,E,,,,,,,H,,C,DHDTWV,,,2000,,,,,,,,2007-03-20,2012-11-05,,,,,0,,
13781,02,003855330,15289,008/59,,RTUC,บุญส่ง สีหปริยรณ,,5101400005442,,,,1,,,,,,,,,,,,,,,,,,,,,,,,,,,,2019-01-17 17:01:39.998000,,,D,,E,,,,,G,,H,,,HDC3QMPY,HD,HD,1500,,2,,,,,O,2017-01-27,2019-01-10,,,,,0,,
13781,02,004585520,13781,004585520,,RTCS,ประสงค์ พบประเสริฐ,1937-12-06,3601000114685,,,,1,,,,,,,,,,,,,,,,,,,,,,,,,,,,2017-05-17 18:03:17,,,C,,E,,,,,,,H,,C,JUJTFC,,,2000,,,,,,,,2012-01-05,2017-05-18,,,,,0,,
13781,02,004640051,22127,73201,,RTUC,ประไพ ศิริมงคลทรัพย์,,3101600882815,,,,2,,,,,,,,,,,,,,,,,,,,,,,,,,,,2012-10-03 13:16:53.998000,,,,,U,,,,,G,,3,,,HDKT2036,HD,HD,1500,,7,,,,,O,2012-08-16,,,,,,0,,
13781,,003514682,13781,003514682,,RTSS,สมวดี จงเจริญมณีกุล,1984-06-10,1101899000728,,,,2,,,,,,,,,,,,,,,,,,,,,,,,,,,,2012-08-17 11:55:28.999000,,,,,U,,,,1,,,H,,,,,,2000,,,,,,,O,2006-03-17,2014-09-30,,,,,,,
13781,,003143619,13781,003143619,,RTXX,เพ็ญลักษณ์ แซ่เบ๊,1948-09-18,3101500255231,,,,2,,,,,,,,,,,,,,,,,,,,,,,,,,,,2023-01-25 10:03:19.998000,,,X,,E,,,,,,,H,,,,,,0,,,,,,,O,2006-04-03,2020-09-30,,,,,0,,
13781,02,002433312,13781,002433312,,RTXX,สมภพ อนุพนธ์เดช,1958-08-14,3102400308288,,,,1,,,,,,,,,,,,,,,,,,,,,,,,,,,,2023-01-25 10:03:19.998000,,,X,,E,,,,,,,H,,,,,,0,,,,,,,O,2006-04-03,2020-09-30,,,,,0,,
13781,,003874505,13781,003874505,,RTXX,มะลิ อ่อนระฮุง,1950-05-10,3361200092173,,,,2,,,,,,,,,,,,,,,,,,,,,,,,,,,,2023-01-25 10:03:30,,,X,,E,,,,,,,H,,,CORT,,,0,,,,,,,O,2007-06-01,2020-09-30,,,,,0,,
13781,02,002263874,11722,52-9005,,RTUC,กิติศักดิ์ พรศิริเนตร,1940-01-01,3100503138251,,,,1,,,,,,,,,,,,,,,,,,,,,,,,,,,,2017-11-18 11:27:44.998000,,,C,,E,,,,,G,,3,,,HDBZU0OB,HD,HD,1500,,7,,,,,R,2012-08-20,2017-11-08,,,,,0,,
13781,02,004594901,11771,510602052,,RTUC,ปภัสสรา เนตรจันทร์,1959-12-30,3110300397937,,,,2,,,,,,,,,,,,,,,,,,,,,,,,,,,,2013-05-03 11:07:55,,,D,,E,,,,,G,,3,,,HDGNZLHU,HD,HD,1500,,2,,,,,O,2012-08-19,2013-04-20,,,,,0,,
13781,,004138480,13781,004138480,,"RTCS,",ทวี สอาดสุด,1938-01-21,3500100501991,,,,1,,,,,,,,,,,,,,,,,,,,,,,,,,,,2019-07-31 16:27:36,,,,,U,,,,,,,H,,C,LEY8V9,,,2000,,,,,,,,2008-08-19,2099-12-31,,,,,0,,
13781,02,000300334,13781,000300334,,"RTCS,",เกศินี นามอยู่เย็น,1948-01-28,3100602701566,,,,2,,,,,,,,,,,,,,,,,,,,,,,,,,,,2021-10-07 10:09:55,,,D,,E,,,,,,,H,,C,ABHPYU,,,2000,,,,,,,,2009-04-03,2021-10-03,,,,,0,,
13781,02,002862872,13781,002862872,,"RTCS,",สุรศักดิ์ พิชณุษากร,1947-04-12,3100200152223,,,,1,,,,,,,,,,,,,,,,,,,,,,,,,,,,2020-11-23 09:44:08,,,D,,E,,,,,,,H,,C,PP886H,,,2000,,,,,,,,2006-06-15,2020-11-18,,,,,0,,
13781,,004660916,13781,004660916,,RTCS,บุญเจิด ปานเพียร,1960-07-07,3100500294350,,,,1,,,,,,,,,,,,,,,,,,,,,,,,,,,,2017-03-02 18:19:54,,,C,,E,,,,,,,H,,C,EHNQ69,,,2000,,,,,,,,2012-08-31,2017-03-03,,,,,0,,
13781,02,002450726,13781,002450726,,"RTCS,",พยุงศรี เรืองศรี,1949-08-18,3101202984588,,,,2,,,,,,,,,,,,,,,,,,,,,,,,,,,,2026-03-04 14:39:33,,,D,,E,,,,,,,H,,C,K1OIRY,,,2000,,,,,,,,2006-10-27,2026-02-23,,,,,0,,
13781,,003439069,13781,003439069,,RTCS,ทัศนัย มธุรกันต์,1946-04-14,3120600894642,,,,1,,,,,,,,,,,,,,,,,,,,,,,,,,,,2022-08-05 12:40:38,,,D,,E,,,,,,,H,,C,J3WCVG,,,2000,,,,,,,,2006-12-20,2022-08-03,,,,,0,,
13781,02,003598609,24191,806/55,,RTUC,ทยากร มาลีหวล,,3100502189952,,,,2,,,,,,,,,,,,,,,,,,,,,,,,,,,,2013-08-20 13:20:03,,,D,,E,,,,,G,,3,,,HDAH2K1T,HD,HD,1500,,2,,,,,O,2012-09-13,2013-08-01,,,,,0,,
13781,02,003997878,11806,510089,,RTUC,ทวีป น้อยศรี,,3170200025531,,,,1,,,,,,,,,,,,,,,,,,,,,,,,,,,,2012-10-19 09:22:15.998000,,,,,U,,,,,G,,3,,,HDEJY4R1,HD,HD,1500,,7,,,,,R,2012-09-18,,,,,,0,,
13781,,004658247,13781,004658247,,RTCS,เฉลิม เสนพรหม,1942-01-01,3101402069034,,,,1,,,,,,,,,,,,,,,,,,,,,,,,,,,,2023-04-24 09:32:48.999000,,,D,,E,,,,,,,H,,C,DGSDTL,,,2000,,,,,,,,2012-08-06,2023-04-03,,,,,0,,
13781,,004040959,13781,004040959,,RTCS,ชลอ วิเศษเสนีย์,1936-06-17,3101400125093,,,,2,,,,,,,,,,,,,,,,,,,,,,,,,,,,2014-01-02 18:38:12.998000,,,D,,E,,,,,,,H,,C,E3ENMB,,,2000,,,,,,,,2006-11-08,2014-01-03,,,,,0,,
13781,02,004126125,13781,004126125,,"RTCL,",บุญเลิศ แสงทอง,1958-01-01,3670800193571,,,,1,,,,,,,,,,,,,,,,,,,,,,,,,,,,2019-10-11 10:13:46,,,D,,E,,,,,,,H,,,QB3USZ,,,2000,,,,,,,,2008-09-13,2019-10-03,,,,,0,,
13781,,003718339,13781,003718339,,RTCS,ไฮ อุตสาปัน,1934-02-04,3630600141917,,,,2,,,,,,,,,,,,,,,,,,,,,,,,,,,,2014-09-17 17:40:34,,,D,,E,,,,,,,H,,C,KRDR9V,,,2000,,,,,,,,2009-05-07,2014-09-18,,,,,0,,
13781,02,4471466,22555,49-0412-0,,RTUC,ประพันธ์ ประกอบธรรม,,1102001076468,,,,1,,,,,,,,,,,,,,,,,,,,,,,,,,,,2012-09-27 09:09:09.999000,,,,,,,,,2,G,,1,,,HEBU4QSZ,HD,HD,1000,,1,,,,,O,2008-10-01,,,,,,,,
13781,02,004228600,10675,256260,,RTUC,อนุชิต ปราสาททอง,1971-08-22,3600100489507,,,,1,,,,,,,,,,,,,,,,,,,,,,,,,,,,2013-03-05 16:22:25,,,D,,E,,,,,G,,3,,,HDMG16QD,PD,HD,1500,,4,,,,,O,2012-09-17,2013-02-24,,,,,0,,
13781,02,004667238,14972,50-004415,,RTUC,เทพพงษ์ สมศรี,,3650100556484,,,,1,,,,,,,,,,,,,,,,,,,,,,,,,,,,2012-10-18 14:41:42,,,,,,,,,2,G,,1,,,HEDJ5FU0,PD,HD,1500,,4,,,,,O,2012-03-20,,,,,,,,
13781,02,003475264,10698,0305552,,RTUC,เสน่ห์ พูลสวัสดิ์,,3260400154148,,,,1,,,,,,,,,,,,,,,,,,,,,,,,,,,,2017-04-10 13:31:15.998000,,,,,U,,,,,G,,3,,,HDHIPM7Z,HD,HD,1500,,2,,,,,O,2012-10-04,,,,,,0,,
13781,02,004550936,10733,790/10-9-,,RTUC,ชโนทัย มั่นคงคำ,,3570900028131,,,,1,,,,,,,,,,,,,,,,,,,,,,,,,,,,2012-10-05 11:12:16,,,,,U,,,,2,G,,1,,,HEIJAFF1,HD,HD,1500,,7,,,,,O,2009-08-11,,,,,,,,
13781,02,003538308,13781,003538308,,RTCS,สมชาย กลปราณีต,1938-11-15,3650100723241,,,,1,,,,,,,,,,,,,,,,,,,,,,,,,,,,2016-03-17 17:42:38,,,D,,E,,,,,,,H,,C,KER6YF,,,2000,,,,,,,,2008-11-30,2016-03-18,,,,,0,,
13781,02,002138039,13781,002138039,,RTCS,ซ่งกัง แซ่กอ,1933-07-01,3100400308570,,,,1,,,,,,,,,,,,,,,,,,,,,,,,,,,,2017-04-02 14:05:24.999000,,,C,,E,,,,1,,,H,,C,ศธ0517.2,,,2000,,,,,,,,2006-08-29,2017-04-03,,,,,0,,
13781,02,002656898,13781,002656898,,"RTCS,",พรรณี เกิดมงคล,1947-03-04,3259900156628,,,,2,,,,,,,,,,,,,,,,,,,,,,,,,,,,2025-09-05 08:27:08.998000,,,D,,E,,,,,,,H,,C,J3DW8P,,,2000,,,,,,,,2006-10-13,2025-09-01,,,,,0,,
13781,02,004567922,11743,49/25887,,RTUC,ดุษฎี สมบัติพิทักษ์สุข,,3409900040334,,,,1,,,,,,,,,,,,,,,,,,,,,,,,,,,,2013-04-03 10:29:07,,,D,,E,,,,,G,,3,,,HDB3WFR6,PD,HD,1500,,2,,,,,R,2012-10-06,2013-03-20,,,,,0,,
13781,02,003781568,13781,003781568,,"RTCS,",พัชรินทร์ สุรนันท์,1939-02-13,3110101299722,,,,2,,,,,,,,,,,,,,,,,,,,,,,,,,,,2023-05-08 08:15:44.998000,,,,,E,,,,,,,H,,C,QUJTAQ,,,2000,,,,,,,,2008-03-26,2022-09-30,,,,,0,,
13781,02,003588268,11676,5302613,,RTUC,สมศรี กลิ่นประยงค์,1929-10-10,3100501695307,,,,2,,,,,,,,,,,,,,,,,,,,,,,,,,,,2013-01-19 11:36:43,,,D,,E,,,,,G,,3,,,HDFBKOZ5,HD,HD,1500,,7,,,,,R,2012-10-11,2013-01-02,,,,,0,,
13781,02,004428048,13781,004428048,,RTCS,โยษิตา สนนา,1982-05-10,3301700108419,,,,2,,,,,,,,,,,,,,,,,,,,,,,,,,,,2019-07-31 16:27:37,,,,,U,,,,,,,H,,C,MS4EDK,,,2000,,,,,,,,2010-04-30,2099-12-31,,,,,0,,
13781,,003172494,13781,003172494,,RTCS,บุญนาค ตั้งบริบูรณ์รัตน์,1925-01-01,3250700019947,,,,2,,,,,,,,,,,,,,,,,,,,,,,,,,,,2014-06-17 17:28:01.999000,,,D,,E,,,,,,,H,,C,BBA5QR,,,2000,,,,,,,,2012-10-08,2014-06-18,,,,,0,,
13781,,001204708,13781,001204708,,RTCS,ขาลั้ง นำแสงวาณิช,1937-11-10,3102002118322,,,,2,,,,,,,,,,,,,,,,,,,,,,,,,,,,2013-05-02 15:55:07,,,D,,E,,,,,,,H,,C,KZ925C,,,2000,,,,,,,,2012-10-10,2013-05-03,,,,,0,,
13781,02,004031389,13781,004031389,,RTCS,บุญเสริม อบเชย,1952-08-01,3150200040395,,,,2,,,,,,,,,,,,,,,,,,,,,,,,,,,,2014-01-17 17:48:02.998000,,,D,,E,,,,,,,H,,C,F11FJR,,,2000,,,,,,,,2006-11-01,2014-01-20,,,,,0,,
13781,02,004423512,13781,004423512,,RTCS,อารี ผาติกุล,1950-05-15,3939900137597,,,,2,,,,,,,,,,,,,,,,,,,,,,,,,,,,2017-07-03 12:31:24.998000,,,C,,E,,,,,,,H,,C,L75WBA,,,2000,,,,,,,,2010-04-21,2017-07-03,,,,,0,,
13781,,004349164,13781,004349164,,RTCS,ทองนาค ปกสุข,1930-02-19,3660500229677,,,,2,,,,,,,,,,,,,,,,,,,,,,,,,,,,2018-03-17 14:33:50.999000,,,D,,E,,,,,,,H,,C,KQMHTW,,,2000,,,,,,,,2009-07-22,2018-03-19,,,,,0,,
13781,02,003171413,10660,799655,,RTUC,สำรวย สีดำ,,3141100230428,,,,2,,,,,,,,,,,,,,,,,,,,,,,,,,,,2012-10-25 11:33:18.998000,,,,,,,,,,G,,3,,,HDDWW5QN,HD,HD,1500,,2,,,,,R,2012-10-23,,,,,,0,,
13781,02,004167091,13781,004167091,,"RTCS,",อรรคเดช คุณวัฒน์,1950-09-10,3101202725540,,,,1,,,,,,,,,,,,,,,,,,,,,,,,,,,,2024-10-03 14:21:34.998000,,,D,,E,,,,,,,H,,C,GTWRNZ,,,2000,,,,,,,,2011-07-05,2024-09-23,,,,,0,,
13781,02,000990305,13781,000990305,,"RTUC,RTSS",กรองแก้ว รอดม่วง,,3100902900980,,,,2,,,,,,,,,,,,,,,,,,,,,,,,,,,,2018-06-14 14:58:52,,,U,,E,,,,,G,,H,,,UCFCMAK0,HD,HD,1500,,8,,,,,O,2018-04-15,2022-12-31,,,,,0,,
13781,02,003706829,13781,003706829,,RTSS,สมศักดิ์ ธนสารศิลป์,1943-11-09,3101701692132,,,,1,,,,,,,,,,,,,,,,,,,,,,,,,,,,2016-07-21 17:23:56.999000,,,D,,E,,,,,,,,,,SSEOW0HU,HD,HD,1500,,2,,,,,,2012-10-15,2015-11-12,,,,,0,,
13781,,003518569,13781,003518569,,RTCS,ยุพา ไกรเนตร,1947-05-12,3120101287341,,,,2,,,,,,,,,,,,,,,,,,,,,,,,,,,,2021-12-07 09:18:24,,,D,,E,,,,,,,H,,C,LC62XV,,,2000,,,,,,,,2012-10-29,2021-12-03,,,,,0,,
13781,,004113134,13781,004113134,,RTCS,สังเวียน ดิษฐเกษม,1927-07-01,3100700684909,,,,2,,,,,,,,,,,,,,,,,,,,,,,,,,,,2012-12-02 15:32:11.999000,,,D,,E,,,,,,,H,,C,ELRVJ2,,,2000,,,,,,,,2008-03-05,2012-12-03,,,,,0,,
13781,02,001828165,11697,5420208,,RTUC,กานต์สินี กฤษฎาวงศ์มณี,,3101700698561,,,,2,,,,,,,,,,,,,,,,,,,,,,,,,,,,2018-03-22 08:30:04.998000,,,U,,E,,,,,G,,3,,,HDJMD9UF,HD,HD,1500,,2,,,,,O,2018-03-22,2022-12-31,,,,,0,,
13781,02,004186693,23865,040,,RTUC,แป๋ว แซ่โส่ง,1942-11-19,5210100040500,,,,2,,,,,,,,,,,,,,,,,,,,,,,,,,,,2015-03-19 11:53:56,,,D,,E,,,,,G,,3,,,HDAIAS0P,HD,HD,1500,,7,,,,,R,2012-11-01,2015-03-08,,,,,0,,
13781,02,003157378,13781,003157378,,"RTSS,RTSS",เอกลักษณ์ เพ็ญเภา,1964-12-16,3190500079025,,,,1,,,,,,,,,,,,,,,,,,,,,,,,,,,,2020-09-03 13:50:00,,,D,,E,,,,,G,,,,,SSHCRHCW,KT,KT,1500,,2,,,,,,2012-10-15,2020-07-09,,,,,0,,
13781,02,004570118,11879,530013917,,RTSS,บุญจันทร์ นาพิลา,,3250800459701,,,,1,,,,,,,,,,,,,,,,,,,,,,,,,,,,2012-11-02 09:15:35.999000,,,,,,,,,2,G,,1,,,HEF0J7P2,HD,HD,1500,,3,,,,,,2012-10-15,,,,,,,,
13781,02,004590379,13781,004590379,,RTCS,ประยูร ณ นคร,1932-06-01,3809900062075,,,,1,,,,,,,,,,,,,,,,,,,,,,,,,,,,2017-01-17 17:13:08.998000,,,C,,E,,,,,,,H,,C,D2UMXC,,,2000,,,,,,,,2012-02-02,2017-01-18,,,,,0,,
13781,02,001948234,13781,001948234,,RTSS,เรณู ปาละวิวัธน์,1967-02-18,3141200372402,,,,2,,,,,,,,,,,,,,,,,,,,,,,,,,,,2013-02-21 17:47:40.999000,,,,,,,,,,G,,,,CS,SSKGRBQO,HD,HD,1500,,2,,,,,,2012-10-15,,,,S,C,500,,
13781,02,003754843,11697,5401499,,RTUC,สมจิตต์ แซ่เล้า,,3101100302887,,,,1,,,,,,,,,,,,,,,,,,,,,,,,,,,,2017-04-10 13:31:15.998000,,,,,U,,,,,G,,3,,,HDCT5MY5,HD,HD,1500,,4,,,,,O,2012-12-23,,,,,,0,,
13781,02,004644861,21844,55/38,,RTSS,วารีรัตน์ ดีหลกเจริญ,1970-11-17,3101201744583,,,,2,,,,,,,,,,,,,,,,,,,,,,,,,,,,2012-11-14 16:26:52,,,,,,,,,2,G,,3,,,HDHU4A0P,KT,HD,1500,,2,,,,,,2012-10-15,,,,,,,,
13781,02,003691063,10736,0646603,,RTCS,จัตุรงค์  สรีระศาสตร์,1949-12-14,3760700348709,,,,1,,,,,,,,,,,,,,,,,,,,,,,,,,,,2012-11-15 14:53:46,,,,,U,,,,2,G,2,1,,C,HEDXUNAY,,,2000,,,,,,,,2005-11-11,2014-11-11,,,,,,,
13781,02,004324882,13781,004324882,,"RTCS,",โอภาส จันทน์พยอม,1936-10-10,3100502629014,,,,1,,,,,,,,,,,,,,,,,,,,,,,,,,,,2019-06-19 13:50:51,,,D,,E,,,,,,,H,,C,LGWYVN,,,2000,,,,,,,,2009-09-03,2019-06-18,,,,,0,,
13781,02,002876967,13781,002876967,,"RTCS,",อัทธิยา ปุกเจียมอาจ,1952-03-09,3120100628153,,,,1,,,,,,,,,,,,,,,,,,,,,,,,,,,,2021-08-19 16:21:51.998000,,,D,,E,,,,,,,H,,C,J30J96,,,2000,,,,,,,,2006-11-22,2021-08-18,,,,,0,,
13781,02,003116007,13781,003116007,,"RTCS,",ราตรี บัวเทศ,1970-11-17,3401400165785,,,,2,,,,,,,,,,,,,,,,,,,,,,,,,,,,2019-07-31 16:27:38,,,,,U,,,,,,,H,,C,C95DFR,,,2000,,,,,,,,2008-02-18,2099-12-31,,,,,0,,
13781,02,002566818,13781,002566818,,"RTSS,RTSS",ชู มั่งมี,1947-07-14,3100502560588,,,,1,,,,,,,,,,,,,,,,,,,,,,,,,,,,2013-05-07 08:08:12,,,D,,E,,,,,G,,,,,SSLW4BVY,HD,HD,1500,,2,,,,,,2012-10-15,2013-01-05,,,,,0,,
13781,,004689661,13781,004689661,,"RTCS,",นรา ภิญโญสุวรรณ,1975-08-18,3909801156496,,,,1,,,,,,,,,,,,,,,,,,,,,,,,,,,,2024-03-06 14:33:52,,,D,,E,,,,,,,H,,C,HTQAXZ,,,2000,,,,,,,,2012-11-06,2024-02-26,,,,,0,,
13781,02,003735014,13781,003735014,,"RTCS,",นรินทร์ เอี่ยมเจริญ,1944-05-30,3101400327281,,,,1,,,,,,,,,,,,,,,,,,,,,,,,,,,,2023-03-22 15:22:02.999000,,,D,,E,,,,,,,H,,C,G2Y7AB,,,2000,,,,,,,,2006-10-24,2023-03-03,,,,,0,,
13781,02,004526497,10722,440005880,,RTUC,พัตรา แซ่กือ,,1630100057503,,,,2,,,,,,,,,,,,,,,,,,,,,,,,,,,,2017-04-03 14:44:40,,,C,,E,,,,,G,,3,,,HDJNFJDK,HD,HD,1500,,4,,,,,O,2012-11-29,2017-04-03,,,,,0,,
13781,02,002595044,13781,002595044,,RTCL,วรา บัณฑุนาค,1950-05-14,3101700442701,,,,1,,,,,,,,,,,,,,,,,,,,,,,,,,,,2014-10-17 19:16:00,,,D,,E,,,,,,,H,,,TMBMO7,,,2000,,,,,,,,2006-01-13,2014-10-20,,,,,0,,
13781,02,003249318,22614,54655/49,,RTUC,สวัสดิ์ รักษาราช,,3809900552650,,,,2,,,,,,,,,,,,,,,,,,,,,,,,,,,,2018-03-02 17:24:47.998000,,,D,,E,,,,,G,,3,,,HDEQ3686,PD,HD,1500,,4,,,,,R,2012-12-15,2018-02-21,,,,,0,,
13781,02,004583586,13781,004583586,,RTSS,ชญานนท์ ดังใจปอง,1976-09-24,3820500159979,,,,1,,,,,,,,,,,,,,,,,,,,,,,,,,,,2023-10-19 09:44:57,,,D,,E,,,,,G,,,,,SSMB6OIE,KT,KT,1500,,2,,,,,,2012-10-15,2023-09-23,,,,,0,,
13781,02,003914088,13781,003914088,,RTSS,สุทิพจน์ แสงจ้า,1954-04-22,3210100297733,,,,1,,,,,,,,,,,,,,,,,,,,,,,,,,,,2013-02-21 17:47:42,,,,,,,,,,G,,,,,SSGV92MI,KT,KT,1500,,2,,,,,,2012-10-15,,,,,,0,,
13781,02,004366104,13781,004366104,,"RTCL,",นวลจันทร์ ศรีแสวง,1937-01-01,3100902977281,,,,2,,,,,,,,,,,,,,,,,,,,,,,,,,,,2019-07-31 15:59:35.998000,,,D,,E,,,,,,,H,,,Q7YX3X,,,2000,,,,,,,,2009-09-08,2019-01-18,,,,,0,,
13781,02,003856381,22283,11253255,,RTUC,อรุณี อักษรศิลป์,,3101403524304,,,,2,,,,,,,,,,,,,,,,,,,,,,,,,,,,2017-04-10 13:31:15.998000,,,,,U,,,,,G,,3,,,HDK3SWBH,HD,HD,1500,,2,,,,,O,2012-12-12,,,,,,0,,
13781,02,004646385,11626,11911/52,,RTUC,สมศักดิ์ สามพี่น้อง,1959-06-05,3101701448118,,,,1,,,,,,,,,,,,,,,,,,,,,,,,,,,,2013-10-03 11:20:24,,,D,,E,,,,,G,,3,,,HDINDBGK,HD,HD,1500,,7,,,,,O,2012-11-16,2013-09-28,,,,,0,,
13781,,000052294,13781,000052294,,RTCS,จำปา แซ่กวย,1924-08-17,3100400122441,,,,2,,,,,,,,,,,,,,,,,,,,,,,,,,,,2014-11-17 19:05:23,,,D,,E,,,,,,,H,,C,A2FGLY,,,2000,,,,,,,,2008-10-31,2014-11-18,,,,,0,,
13781,,003574889,13781,003574889,,"RTCS,",สมศรี บุลสมบัติ,1938-04-07,3189900129303,,,,2,,,,,,,,,,,,,,,,,,,,,,,,,,,,2022-05-05 09:27:09,,,D,,E,,,,,,,H,,C,M2ACJ9,,,2000,,,,,,,,2008-11-18,2022-05-03,,,,,0,,
13781,02,004002533,13781,004002533,,RTCS,วิทยา บุญประภาวัฒ,1947-10-22,3100905144469,,,,1,,,,,,,,,,,,,,,,,,,,,,,,,,,,2017-06-18 15:14:50,,,C,,E,,,,,,,H,,C,J3RKM9,,,2000,,,,,,,,2006-11-16,2017-06-19,,,,,0,,
13781,02,003270987,13781,003270987,,RTCS,ศรีสมร วิสาลวัธน์,1935-07-01,3419900625961,,,,2,,,,,,,,,,,,,,,,,,,,,,,,,,,,2015-10-16 17:31:04.998000,,,D,,E,,,,,,,H,,C,CZZS7G,,,2000,,,,,,,,2007-03-20,2015-10-19,,,,,0,,
13781,02,004586044,13781,004586044,,RTSS,ธีระ สุนทรพะลิน,1986-04-30,1200300031358,,,,1,,,,,,,,,,,,,,,,,,,,,,,,,,,,2013-10-03 17:29:19,,,D,,E,,,,,G,,,,,SSGEJCWE,HD,HD,1500,,2,,,,,,2012-10-15,2013-09-19,,,,,0,,
13781,02,004619119,13781,004619119,,RTSS,กุลจิรา จินตกานนท์,1963-02-27,3100903861821,,,,2,,,,,,,,,,,,,,,,,,,,,,,,,,,,2013-02-21 17:47:42,,,,,,,,,,,,,,,SSFV5LNO,HD,HD,1500,,2,,,,,,2012-10-15,,,,,,0,,
13781,02,003503147,13781,003503147,,"RTSS,RTSS",อดิเรก สุราวงษ์,1964-09-27,3730300307835,,,,1,,,,,,,,,,,,,,,,,,,,,,,,,,,,2014-05-06 11:01:44,,,D,,E,,,,,G,,,,,SSJD7M92,KT,KT,1500,,2,,,,,,2012-10-15,2014-03-16,,,,,0,,
13781,,002997167,13781,002997167,,RTCL,สมหวัง ศรีดาวรรณ์,1964-06-09,3620400050772,,,,2,,,,,,,,,,,,,,,,,,,,,,,,,,,,2015-09-02 15:55:07,,,O,,E,,,,,,,H,,,QSUTFS,,,2000,,,,,,,,2009-02-19,2015-09-03,,,,,0,,
13781,02,000888655,13781,000888655,,RTCS,วิรัช จารุสมบัติ,1939-06-09,3100600092198,,,,1,,,,,,,,,,,,,,,,,,,,,,,,,,,,2016-04-17 14:02:26.999000,,,D,,E,,,,,,,H,,C,I1EE7H,,,2000,,,,,,,,2007-02-14,2016-04-18,,,,,0,,
13781,,004705291,13781,004705291,,RTCS,ส่งศักดิ์ สมุทรศิขรี,1953-05-03,3210300284236,,,,1,,,,,,,,,,,,,,,,,,,,,,,,,,,,2013-02-03 15:26:13.998000,,,D,,E,,,,,,,H,,C,MRLVRU,,,2000,,,,,,,,2012-12-26,2013-02-04,,,,,0,,
13781,02,004664825,13781,004664825,,RTCS,ชำนาญ เปรมศรี,1951-09-27,3779800107698,,,,1,,,,,,,,,,,,,,,,,,,,,,,,,,,,2016-12-02 17:11:44,,,D,,E,,,,,,,H,,C,LQL5RZ,,,2000,,,,,,,,2012-12-19,2016-12-06,,,,,0,,
13781,02,003933508,13781,003933508,,RTCL,รัฐพล มีธนาถาวร,1949-02-04,3100904507100,,,,1,,,,,,,,,,,,,,,,,,,,,,,,,,,,2015-07-02 15:34:04,,,O,,E,,,,,,,H,,,QRZZSW,,,2000,,,,,,,,2010-03-16,2015-07-03,,,,,0,,
13781,02,002442740,13781,002442740,,RTCS,อารมณ์ เอกะกุล,1936-09-15,3401001038666,,,,2,,,,,,,,,,,,,,,,,,,,,,,,,,,,2018-01-17 16:54:28.998000,,,D,,E,,,,1,,,H,,C,,,,2000,,,,,,,,2004-12-17,2018-01-18,,,,,0,,
13781,02,004705520,13781,004705520,,"RTSS,RTSS",สุภินิตย์ ศุภพลกิจ,1952-10-21,3100100743904,,,,1,,,,,,,,,,,,,,,,,,,,,,,,,,,,2022-09-02 16:10:13,,,D,,E,,,,,G,,,,,SSAPDNFF,HD,HD,1500,,2,,,,,,2012-10-15,2022-07-08,,,,,0,,
13781,,004377427,13781,004377427,,RTCS,สุภาพ หิรัญวงศ์,1957-02-04,3759900140522,,,,2,,,,,,,,,,,,,,,,,,,,,,,,,,,,2014-07-02 17:08:46,,,O,,E,,,,,,,H,,C,FJ746M,,,2000,,,,,,,,2011-08-04,2014-07-03,,,,,0,,
13781,,004437330,13781,004437330,,RTCS,เฉลา จารุวัสตร์,1922-02-08,3100201620581,,,,2,,,,,,,,,,,,,,,,,,,,,,,,,,,,2013-04-02 19:39:13,,,D,,E,,,,,,,H,,C,DF4MR4,,,2000,,,,,,,,2013-01-02,2013-04-03,,,,,0,,
13781,,002854522,13781,002854522,,RTCS,เกริกกฤษณ์ บุณยวิบูลย์,1953-05-08,3100901029576,,,,1,,,,,,,,,,,,,,,,,,,,,,,,,,,,2008-10-16 17:43:03,,,,,E,,,,1,,,H,,C,สธ0701.1,,,2000,,,,,,,O,2006-03-16,2007-03-19,,,,,0,,
13781,,000562940,13781,000562940,,RTCS,กฤษณา คุณานุสนธิ์,1933-01-01,3100501385511,,,,2,,,,,,,,,,,,,,,,,,,,,,,,,,,,2011-09-02 18:23:24.999000,,,D,,E,,,,1,,,H,,C,อย0027.1,,,2000,,,,,,,O,2006-03-07,2011-09-05,,,,,0,,
13781,,003083241,13781,003083241,,RTCS,เสถียร ตังควิเวชกุล,1932-02-18,3649900001523,,,,1,,,,,,,,,,,,,,,,,,,,,,,,,,,,2008-10-16 17:43:03,,,D,,E,,,,1,,,H,,C,ยธ1001/0,,,2000,,,,,,,O,2006-03-16,2008-01-03,,,,,0,,
13781,,002918377,13781,002918377,31613402,RTCS,วีระชาติ ตัณฑะสุวรรณ,1958-09-14,3309900121301,,,,1,,,,,,,,,,,,,,,,,,,,,,,,,,,,2008-10-16 17:43:03,,,O,,E,,,,1,,,H,,C,ศธ04068.,,,2000,,,,,,,O,2006-01-11,2008-06-03,,,,,0,,
13781,,003945603,13781,003945603,,RTCS,ไพโรจน์ อันงาม,1960-01-01,3100503834592,,,,1,,,,,,,,,,,,,,,,,,,,,,,,,,,,2019-10-11 10:13:19.998000,,,O,,E,,,,1,,,H,,C,กษ0603/1,,,2000,,,,,,,O,2006-03-16,2019-10-03,,,,,0,,
13781,,002624953,13781,002624953,18490965,RTCS,กิติมา สมบูรณ์พร,1951-12-12,3102200556652,,,,2,,,,,,,,,,,,,,,,,,,,,,,,,,,,2011-01-04 17:12:52,,,D,,E,,,,1,,,H,,C,,,,2000,,,,,,,O,2005-07-01,2011-01-04,,,,,0,,
13781,,002851550,13781,002851550,61005294,RTCS,ยุทธพงศ์ เสือแย้ม,1964-09-29,3102101209415,,,,1,,,,,,,,,,,,,,,,,,,,,,,,,,,,2008-10-16 17:43:03,,,D,,E,,,,1,,,H,,C,,,,2000,,,,,,,O,2005-04-18,2007-05-18,,,,,0,,
13781,,00357317,13781,00357317,,RTCS,บานเย็น คณานนท์,1944-03-21,3600900053240,,,,2,,,,,,,,,,,,,,,,,,,,,,,,,,,,2008-10-16 17:43:03,,,,,X,,,,1,,,H,,C,นว1027/1,,,2000,,,,,,,O,2006-04-03,2006-11-17,,,,,0,,
13781,02,002686688,13781,002686688,47453261,RTCS,สะอางค์ ศรีสูงเนิน,1958-08-16,3300700001494,,,,2,,,,,,,,,,,,,,,,,,,,,,,,,,,,2022-03-04 08:09:56.998000,,,D,,E,,,,1,,,H,,C,ตช0016.บ,,,2000,,,,,,,O,2005-12-09,2022-03-03,,,,,0,,
13781,,002031830,13781,002031830,,RTCS,อารุณี นาคามดี,1927-01-02,3101501125102,,,,2,,,,,,,,,,,,,,,,,,,,,,,,,,,,2008-10-16 17:43:03.998000,,,,,E,,,,1,,,H,,C,คค0203/ร,,,2000,,,,,,,O,2006-06-14,2006-12-31,,,,,0,,
13781,,001837025,13781,001837025,40537335,RTCS,จิวสี แซ่ลิ้ม,1919-01-01,3100905110157,,,,2,,,,,,,,,,,,,,,,,,,,,,,,,,,,2008-10-16 17:43:03.998000,,,,,E,,,,1,,,H,,C,อด0003/3,,,2000,,,,,,,O,2006-02-01,2007-01-18,,,,,0,,
13781,,000598292,13781,000598292,,RTCS,ผาสุข อัยวรรณ,1943-03-26,3100100951108,,,,2,,,,,,,,,,,,,,,,,,,,,,,,,,,,2008-10-16 17:43:03.998000,,,,,E,,,,1,,,H,,C,ศธ0201.5,,,2000,,,,,,,O,2006-06-16,2006-12-31,,,,,0,,
13781,,002452586,13781,002452586,,RTCS,เง็ก ภัทรไพบูลย์ชัย,1933-01-01,3601000204846,,,,2,,,,,,,,,,,,,,,,,,,,,,,,,,,,2008-10-16 17:43:04.998000,,,D,,E,,,,1,,,H,,C,กค0703/5,,,2000,,,,,,,O,2006-05-16,2007-05-18,,,,,0,,
13781,,003847874,13781,003847874,17594857,RTCS,นิธิกรณ์ คล้ายมาลา,1950-03-28,3120100677979,,,,1,,,,,,,,,,,,,,,,,,,,,,,,,,,,2009-02-18 10:06:16.998000,,,D,,E,,,,1,,,H,,C,,,,2000,,,,,,,O,2005-04-21,2009-02-18,,,,,0,,
13781,,003687544,13781,003687544,13497428,RTCS,เสวียง ชุมโท่โล่,1939-04-01,3450300034629,,,,2,,,,,,,,,,,,,,,,,,,,,,,,,,,,2008-10-16 17:43:04.998000,,,D,,E,,,,1,,,H,,C,,,,2000,,,,,,,O,2005-01-17,2008-06-03,,,,,0,,
13781,,002208082,13781,002208082,56288610,RTCS,ชูเกียรติ เพ็ญสุวรรณ,1935-10-15,3100904356217,,,,1,,,,,,,,,,,,,,,,,,,,,,,,,,,,2008-10-16 17:43:04.998000,,,Y,,E,,,,1,,,H,,C,สธ0203.0,,,2000,,,,,,,O,2005-12-20,2008-07-03,,,,,0,,
13781,,001940944,13781,001940944,,RTCS,ชัยยงค์ สกุลเกษมสุข,1938-12-07,3740300501453,,,,1,,,,,,,,,,,,,,,,,,,,,,,,,,,,2012-04-02 17:35:25.998000,,,D,,E,,,,1,,,H,,C,สพ0012/1,,,2000,,,,,,,O,2006-09-01,2012-04-03,,,,,0,,
13781,02,003863057,13781,003863057,,RTCS,สุเทพ  หลำรอด,1946-03-28,3401200181299,,,,1,,,,,,,,,,,,,,,,,,,,,,,,,,,,2008-10-16 17:43:04.998000,,,,,X,,,,1,,,H,,C,ตช.0016.,,,2000,,,,,,,O,2006-09-06,2006-11-17,,,,,0,,
13781,,003554600,13781,003554600,,RTCS,บำรุง สวัสดี,1929-01-01,3101702151071,,,,1,,,,,,,,,,,,,,,,,,,,,,,,,,,,2008-10-16 17:43:05.998000,,,D,,E,,,,,,,H,,C,X6WE2G,,,2000,,,,,,,O,2006-05-17,2007-10-03,,,,,0,,
13781,,001704684,13781,001704684,,RTCS,ยุกหลั่น แซ่จู,1922-01-01,3102001654085,,,,2,,,,,,,,,,,,,,,,,,,,,,,,,,,,2009-06-03 10:27:23,,,D,,E,,,,,,,H,,C,J2SRNH,,,2000,,,,,,,O,2006-11-01,2008-08-04,,,,,0,,
13781,,003859599,13781,003859599,,RTCS,อัญชัญ สมรัตน์,1919-10-01,3149900414385,,,,2,,,,,,,,,,,,,,,,,,,,,,,,,,,,2012-01-03 15:08:19.999000,,,D,,E,,,,,,,H,,C,F2ZO9M,,,2000,,,,,,,O,2006-12-12,2012-01-04,,,,,0,,
13781,,002095476,13781,002095476,,RTCS,วิม โกเศยะโยธิน,1919-04-17,3101701765661,,,,1,,,,,,,,,,,,,,,,,,,,,,,,,,,,2008-10-16 17:43:05.998000,,,D,,E,,,,,,,H,,C,K1G4MG,,,2000,,,,,,,O,2006-11-29,2007-09-03,,,,,0,,
13781,,003742749,13781,003742749,,RTCS,เกษม จันทรเรนทร์,1927-11-11,3339900094435,,,,1,,,,,,,,,,,,,,,,,,,,,,,,,,,,2008-10-16 17:43:05.998000,,,D,,E,,,,,,,H,,C,BQW08Z,,,2000,,,,,,,O,2006-10-25,2008-04-03,,,,,0,,
13781,02,003988573,13781,003988573,,RTCS,จุไรวรรณ ชลัษเฐียร,1955-10-08,3100503766325,,,,2,,,,,,,,,,,,,,,,,,,,,,,,,,,,2016-04-17 14:02:26.999000,,,D,,E,,,,,,,H,,C,LO8T5N,,,2000,,,,,,,O,2007-01-05,2016-04-18,,,,,0,,
13781,,004053029,13781,004053029,,RTCS,สุมล กุลชล,1921-01-01,3100501369485,,,,2,,,,,,,,,,,,,,,,,,,,,,,,,,,,2008-10-16 17:43:05.998000,,,D,,E,,,,,,,H,,C,H4AEZO,,,2000,,,,,,,O,2007-02-20,2007-05-18,,,,,0,,
13781,,001766199,13781,001766199,,RTCS,ซู่ลั้ง อัจฉราฤทธิ์,1932-01-01,3101200583586,,,,2,,,,,,,,,,,,,,,,,,,,,,,,,,,,2010-03-02 19:06:21,,,D,,E,,,,,,,H,,C,MMPTNW,,,2000,,,,,,,O,2007-02-20,2010-03-03,,,,,0,,
13781,,001302423,13781,001302423,78627291,RTCS,อารี เรืองสูง,1963-03-27,4101400037087,,,,2,,,,,,,,,,,,,,,,,,,,,,,,,,,,2008-10-16 17:43:05.998000,,,D,,E,,,,1,,,H,,C,,,,2000,,,,,,,O,2005-04-18,2007-09-03,,,,,0,,
13781,,002262363,13781,002262363,32193678,RTCS,วาราพร เวิ่นทอง,1968-03-21,3100101220352,,,,2,,,,,,,,,,,,,,,,,,,,,,,,,,,,2010-05-03 12:38:10,,,O,,E,,,,1,,,H,,C,,,,2000,,,,,,,O,2004-06-15,2010-05-03,,,,,0,,
13781,,000676031,13781,000676031,,RTCS,ชูศรี นคะจัด,1925-11-10,3120100828705,,,,2,,,,,,,,,,,,,,,,,,,,,,,,,,,,2012-09-17 19:47:18.998000,,,D,,E,,,,,,,H,,C,UQOW0H,,,2000,,,,,,,O,2006-06-14,2012-09-18,,,,,0,,
13781,,004299263,13781,004299263,,"RTCS,",สม มีชัย,1942-07-07,3350100863444,,,,2,,,,,,,,,,,,,,,,,,,,,,,,,,,,2010-07-04 12:42:23,,,D,,E,,,,,,,H,,C,LUYCNV,,,2000,,,,,,,O,2009-03-02,2010-07-05,,,,,0,,
13781,,004467168,13781,004467168,,RTCS,จิราพร โสตถิทัต,1933-09-07,3101500091077,,,,2,,,,,,,,,,,,,,,,,,,,,,,,,,,,2011-08-02 18:04:04,,,D,,E,,,,0,,,H,,C,A44EGL,,,2000,,,,,,,,2010-12-16,2011-08-03,,,,,0,,
13781,,003811657,13781,003811657,,"RTCS,",นิตย์ เที่ยงนิมิตร,1932-11-22,3100500499750,,,,2,,,,,,,,,,,,,,,,,,,,,,,,,,,,2020-08-19 16:54:28,,,D,,E,,,,,,,H,,C,GPSTAG,,,2000,,,,,,,,2011-03-02,2020-08-18,,,,,0,,
13781,,002353987,13781,002353987,,RTCS,โตน เฮ่งศิริ,1935-07-01,3810500141395,,,,1,,,,,,,,,,,,,,,,,,,,,,,,,,,,2011-08-02 18:04:04,,,D,,E,,,,,,,H,,C,BCXCTS,,,2000,,,,,,,,2007-07-23,2011-08-03,,,,,0,,
13781,,003087970,13781,003087970,,RTCS,อำนวย ศาสตราวาหะ,1930-07-01,3469900095287,,,,2,,,,,,,,,,,,,,,,,,,,,,,,,,,,2012-02-02 17:58:07,,,D,,E,,,,,,,H,,C,DLLFE3,,,2000,,,,,,,,2008-07-02,2012-02-03,,,,,0,,
13781,,003295011,13781,003295011,,RTCS,ทองสุข หอมชะเอม,1938-04-01,3100600557221,,,,1,,,,,,,,,,,,,,,,,,,,,,,,,,,,2012-10-02 18:06:40.998000,,,D,,E,,,,,,,H,,C,A1VFDZ,,,2000,,,,,,,,2007-02-28,2012-10-03,,,,,0,,
13781,,000819732,13781,000819732,,RTCS,มณี ลีลาศิริวงศ์,1928-01-01,3419900256582,,,,2,,,,,,,,,,,,,,,,,,,,,,,,,,,,2013-06-02 14:15:17.999000,,,D,,E,,,,,,,H,,C,JTTGFB,,,2000,,,,,,,,2011-10-19,2013-06-03,,,,,0,,
13781,,004175248,13781,004175248,,RTCL,แดง นวลเป้า,1940-10-09,3710800004432,,,,2,,,,,,,,,,,,,,,,,,,,,,,,,,,,2017-08-17 16:06:48.999000,,,C,,E,,,,,,,H,,C,QF47BV,,,2000,,,,,,,,2012-01-20,2017-08-18,,,,,0,,
13781,,003770841,13781,003770841,,RTCS,สะอาดศรี หน่อแก้ว,1944-12-10,3550700010459,,,,2,,,,,,,,,,,,,,,,,,,,,,,,,,,,2012-08-05 14:34:00,,,O,,E,,,,,,,H,,C,DPB65P,,,2000,,,,,,,,2012-02-13,2012-08-06,,,,,0,,
13781,,003792218,13781,003792218,,RTCS,ไพโรจน์ ยุววุฑโฒ,1943-05-01,3200500022171,,,,1,,,,,,,,,,,,,,,,,,,,,,,,,,,,2014-09-17 17:40:34,,,O,,E,,,,,,,H,,C,IN6ZIK,,,2000,,,,,,,,2006-10-06,2014-09-18,,,,,0,,
13781,,004614085,13781,004614085,,"RTCS,",อรสา พรมจันทร์,1963-03-01,3480100181237,,,,2,,,,,,,,,,,,,,,,,,,,,,,,,,,,2019-07-31 16:27:31.998000,,,,,U,,,,,,,H,,C,EEMFKY,,,2000,,,,,,,,2012-04-03,2099-12-31,,,,,0,,
13781,,003894158,13781,003894158,,RTCS,สมาน แสนช่าง,1937-06-20,3120600325699,,,,1,,,,,,,,,,,,,,,,,,,,,,,,,,,,2012-11-02 18:36:35,,,D,,E,,,,1,,,H,,C,กษ0313.0,,,2000,,,,,,,,2006-06-01,2012-11-05,,,,,0,,
13781,,003650600,13781,003650600,,RTCS,พูลศรี เจนอบรม,1929-05-21,3100501662191,,,,2,,,,,,,,,,,,,,,,,,,,,,,,,,,,2013-04-17 16:13:09,,,D,,E,,,,1,,,H,,C,,,,2000,,,,,,,,2005-05-06,2013-04-18,,,,,0,,
13781,02,004368110,13781,004368110,,RTCS,สมบูรณ์ ระยับพันธุ์,1929-07-01,3102100607760,,,,2,,,,,,,,,,,,,,,,,,,,,,,,,,,,2014-08-17 15:51:55,,,D,,E,,,,,,,H,,C,LQJCUH,,,2000,,,,,,,,2009-09-30,2014-08-18,,,,,0,,
13781,,002259230,13781,002259230,,RTCL,สม เนียมประเสริฐ,1928-10-21,3100200272946,,,,1,,,,,,,,,,,,,,,,,,,,,,,,,,,,2018-02-17 16:56:13.998000,,,O,,E,,,,,,,H,,,QWHVDX,,,2000,,,,,,,,2008-12-19,2018-02-19,,,,,0,,
13781,,004147357,13781,004147357,,RTSS,สุรีย์ คงรอด,1948-08-03,3141200052416,,,,2,,,,,,,,,,,,,,,,,,,,,,,,,,,,2013-02-21 17:47:39.998000,,,,,,,,,,,,,,,SSM9QQSA,HD,HD,1500,,2,,,,,,2012-10-15,,,,,,0,,
13781,,003991656,13781,003991656,,"RTCS,",วีรพจน์ จันทร์สว่าง,1948-02-07,3100500111671,,,,1,,,,,,,,,,,,,,,,,,,,,,,,,,,,2018-06-21 11:35:04.999000,,,O,,E,,,,,,,H,,C,TWRPOG,,,2000,,,,,,,,2006-05-30,2018-06-03,,,,,0,,
13781,02,004694949,13781,004694949,,RTCS,ศิริชัย นิ่มนวล,1958-03-25,3100601839653,,,,1,,,,,,,,,,,,,,,,,,,,,,,,,,,,2019-07-31 16:27:38,,,,,U,,,,,,,H,,C,HUGGKZ,,,2000,,,,,,,,2012-11-30,2099-12-31,,,,,0,,
13781,,003118849,13781,003118849,,"RTCS,",สุนทร โพธิ์กัน,1929-10-10,3101702091451,,,,1,,,,,,,,,,,,,,,,,,,,,,,,,,,,2023-05-19 12:33:59.998000,,,,,E,,,,,,,H,,C,N49AFA,,,2000,,,,,,,,2006-03-01,2023-05-18,,,,,0,,
13781,,004049621,13781,004049621,,"RTCS,",สุปัญญา บุญฤทธิพงศ์,1959-04-29,3841700644456,,,,1,,,,,,,,,,,,,,,,,,,,,,,,,,,,2022-05-20 14:08:13.998000,,,D,,E,,,,,,,H,,C,F53XWB,,,2000,,,,,,,,2008-11-14,2022-05-18,,,,,0,,
13781,02,004562579,13781,004562579,,RTCS,สาลี่ เป็นธรรม,1961-06-24,5210100031152,,,,2,,,,,,,,,,,,,,,,,,,,,,,,,,,,2020-06-04 15:59:37.999000,,,D,,E,,,,,,,H,,C,E5F7X7,,,2000,,,,,,,,2011-08-29,2020-06-03,,,,,0,,
13781,,004704102,13781,004704102,,RTCS,พิชิต สุรเชษฐคมสัน,1936-06-16,3839900088660,,,,1,,,,,,,,,,,,,,,,,,,,,,,,,,,,2014-08-17 15:51:55,,,D,,E,,,,,,,H,,C,D5BNEN,,,2000,,,,,,,,2012-12-24,2014-08-18,,,,,0,,
13781,02,003890760,13781,003890760,,RTCS,ลำใย เจริญพงษ์,1932-08-15,3100601245711,,,,2,,,,,,,,,,,,,,,,,,,,,,,,,,,,2013-07-02 14:37:35,,,D,,E,,,,,,,H,,C,GGMASQ,,,2000,,,,,,,,2012-12-11,2013-07-03,,,,,0,,
13781,02,004697372,14590,1488/54,,RTUC,กิตติภณ แซ่เจี่ย,,3240400349771,,,,1,,,,,,,,,,,,,,,,,,,,,,,,,,,,2014-04-18 14:33:40,,,D,,E,,,,,G,,3,,,HDLIT9ZX,HD,HD,1500,,2,,,,,O,2013-01-09,2014-04-12,,,,,0,,
13781,02,003141084,13781,003141084,,RTSS,แสงอรุณ ม่วงใหม,1955-01-13,3130300104123,,,,2,,,,,,,,,,,,,,,,,,,,,,,,,,,,2021-11-03 15:51:52,,,D,,E,,,,,G,,,,,SSEFST66,HD,HD,1500,,2,,,,,,2012-10-15,2015-07-31,,,,,0,,
13781,02,004700490,13781,004700490,,RTCS,ธงชัย โพธิ์ทองคำ,1946-01-01,3150400498191,,,,1,,,,,,,,,,,,,,,,,,,,,,,,,,,,2013-04-02 19:39:13,,,D,,E,,,,,,,H,,C,AHGPJ6,,,2000,,,,,,,,2013-01-10,2013-04-03,,,,,0,,
13781,02,004663847,13781,004663847,,"RTCS,",อ้อยอัจฉรา วงศ์อุดม,1963-01-07,3430500684317,,,,2,,,,,,,,,,,,,,,,,,,,,,,,,,,,2025-01-21 08:19:58.998000,,,D,,E,,,,,,,H,,C,ALC26U,,,2000,,,,,,,,2012-08-22,2025-01-06,,,,,0,,
13781,02,004509957,13781,004509957,,RTSS,วงศ์วริศ รัฐวุฒิชัยดิฐ,1975-08-16,3200600037722,,,,1,,,,,,,,,,,,,,,,,,,,,,,,,,,,2013-02-21 17:47:43,,,,,,,,,,G,,,,,SSJ6RSGJ,HD,HD,1500,,2,,,,,,2012-10-15,,,,,,0,,
13781,02,004428744,13781,004428744,,RTCL,บรม อ่วมสอาด,1937-12-19,5101700019635,,,,1,,,,,,,,,,,,,,,,,,,,,,,,,,,,2015-08-17 17:28:42,,,O,,E,,,,,,,H,,,Q2MVJD,,,2000,,,,,,,,2010-07-02,2015-08-18,,,,,0,,
13781,02,004502655,13781,004502655,,RTCS,มานะ จันทร์โอกุล,1956-08-28,3729800054675,,,,1,,,,,,,,,,,,,,,,,,,,,,,,,,,,2013-11-17 13:21:58.998000,,,O,,E,,,,,,,H,,C,KWTQTD,,,2000,,,,,,,,2011-02-08,2013-11-18,,,,,0,,
13781,02,004581006,13781,004581006,,RTSS,จินตนา โสภา,1979-04-24,3710500733170,,,,2,,,,,,,,,,,,,,,,,,,,,,,,,,,,2013-02-21 17:47:43,,,D,,E,,,,,G,,,,,SSEBEBPI,HD,HD,1500,,2,,,,,,2012-10-15,2013-02-04,,,,,0,,
13781,02,004665981,13758,010706894,,RTCS,สมบัติ เมรุวัย,1965-04-30,3600700665128,,,,1,,,,,,,,,,,,,,,,,,,,,,,,,,,,2013-01-18 17:34:07,,,,,,,,,2,G,1,2,,C,HRJFV2IL,,,2000,,,,,,,,2012-01-27,2014-01-27,,,,,0,,
13781,,004238197,13781,004238197,,RTCL,พิษณุ สุธาทัศน์,1955-10-12,3160300885893,,,,1,,,,,,,,,,,,,,,,,,,,,,,,,,,,2017-03-02 18:19:54,,,C,,E,,,,,,,H,,,QGGGMT,,,2000,,,,,,,,2009-01-23,2017-03-03,,,,,0,,
13781,02,004663801,11190,000257934,,RTCS,ภัทรานิษฐ์  วรากุลพิชัย,1974-11-19,3550600171124,,,,2,,,,,,,,,,,,,,,,,,,,,,,,,,,,2013-01-24 13:14:18.999000,,,,,U,,,,2,G,1,2,,C,HRL7E152,,,2000,,,,,,,,2012-07-09,2014-07-09,,,,,0,,
13781,02,004658631,10675,55456,,RTCS,อณัติ ไทยขำ,1950-07-05,3610100167542,,,,1,,,,,,,,,,,,,,,,,,,,,,,,,,,,2013-01-25 18:09:13,,,,,,,,,2,G,2,2,,C,HRGKF3JL,,,2000,,,,,,,,2007-10-30,2014-10-30,,,,,0,,
13781,02,004355901,22283,98511252,,RTUC,ทยิดา เครือมาศ,,3331001161124,,,,2,,,,,,,,,,,,,,,,,,,,,,,,,,,,2017-04-10 13:31:15.998000,,,,,U,,,,,G,,3,,,HDIT5E6F,HD,HD,1500,,2,,,,,O,2013-01-25,,,,,,0,,
13781,02,004478207,13781,004478207,,RTSS,สุรดี เสาร์จันทร์,1974-10-10,3330800781424,,,,2,,,,,,,,,,,,,,,,,,,,,,,,,,,,2013-07-03 16:33:24,,,D,,E,,,,,G,,,,,SSMN4RWA,KT,KT,1500,,2,,,,,,2012-10-15,2013-06-29,,,,,0,,
13781,02,003574959,13781,003574959,,RTSS,ประเชิญ บรรจงการ,1972-08-05,3130100118066,,,,1,,,,,,,,,,,,,,,,,,,,,,,,,,,,2014-04-18 16:43:04,,,D,,E,,,,,G,,,,,SSIF4AZF,HD,HD,1500,,2,,,,,,2012-10-15,2014-03-29,,,,,0,,
13781,02,004614580,11722,53-11595,,RTUC,คณิตพัฒน์ แซ่จง,,3101400180931,,,,1,,,,,,,,,,,,,,,,,,,,,,,,,,,,2019-07-03 14:13:41.999000,,,D,,E,,,,,G,,3,,,HDFY8WD5,HD,HD,1500,,2,,,,,R,2013-02-02,2019-06-19,,,,,0,,
13781,02,004396968,10678,000002603,25311013,RTCS,ลาวัณย์ เอกอำพน,1952-12-17,3102001990662,,,,2,,,,,,,,,,,,,,,,,,,,,,,,,,,,2013-02-05 13:45:00.999000,,,,,U,,,,2,G,2,1,,,HEJ48RXR,,,2000,,,,,,,O,2005-10-03,2014-10-03,,,,,0,,
13781,02,004614302,13781,004614302,,RTCS,ชัยพฤกษ์ วรเริ่มสกุล,1974-06-14,3480600031382,,,,,,,,,,,,,,,,,,,,,,,,,,,,,,,,2023-01-25 11:13:26.999000,,,,,U,,,W,,G,1,,,,,,,2000,,,,,,,,2020-12-30,2024-01-25,,,,,0,,
13781,02,003708843,23865,021,,RTUC,สำราญ เจริญล้น,1949-01-01,3210100520769,,,,2,,,,,,,,,,,,,,,,,,,,,,,,,,,,2014-11-18 14:04:13,,,D,,E,,,,,G,,3,,,HDA3NVB6,HD,HD,1500,,7,,,,,R,2013-02-04,2014-10-23,,,,,0,,
13781,02,004609063,13781,004609063,,"RTCS,",อนงค์ ผาพรม,1944-12-30,3471500151662,,,,2,,,,,,,,,,,,,,,,,,,,,,,,,,,,2018-10-31 09:57:44,,,D,,E,,,,,G,1,H,,C,HP3SHE,,,2000,,,,,,,,2012-04-04,2018-09-18,,,,,0,,
13781,02,003551767,13781,003551767,,RTCS,สำเริง จันทร์มา,1960-01-25,3120500043012,,,,2,,,,,,,,,,,,,,,,,,,,,,,,,,,,2016-02-17 17:24:08,,,D,,E,,,,,G,1,H,,C,LUN4C7,,,2000,,,,,,,,2009-05-20,2016-02-18,,,,,0,,
13781,02,004398926,13781,004398926,,"RTCS,",ประไพศรี ตุ้มท่าไม้,1963-06-04,3730600104069,,,,2,,,,,,,,,,,,,,,,,,,,,,,,,,,,2022-08-05 12:40:26.998000,,,D,,E,,,,,,,H,,C,HJFE6D,,,2000,,,,,,,,2019-08-19,2022-08-03,,,,,0,,
13781,02,001885441,13781,001885441,,RTCS,องอาจ พงศ์ดีตระกูล,1930-07-01,3100200326680,,,,1,,,,,,,,,,,,,,,,,,,,,,,,,,,,2013-07-02 14:37:35,,,D,,E,,,,,,,H,,C,L2E3V9,,,2000,,,,,,,,2007-04-10,2013-07-03,,,,,0,,
13781,02,002228580,13781,002228580,,RTCS,ราตรี พูลสวัสดิ์,1940-04-08,3102002056939,,,,2,,,,,,,,,,,,,,,,,,,,,,,,,,,,2013-03-03 15:37:51.998000,,,D,,E,,,,,,,H,,C,AANJVJ,,,2000,,,,,,,,2009-05-20,2013-03-04,,,,,0,,
13781,,004116083,13781,004116083,,RTCS,วิชัย ชูรัชฏ์ศิริกุล,1936-12-01,3350400638411,,,,1,,,,,,,,,,,,,,,,,,,,,,,,,,,,2014-06-17 17:28:01.999000,,,D,,E,,,,,,,H,,C,EMFEFB,,,2000,,,,,,,,2013-02-04,2014-06-18,,,,,0,,
13781,02,004193174,12257,1149291,,"RTCS,",ละมัย แซ่โง้ว,1927-06-16,3100800835321,,,,2,,,,,,,,,,,,,,,,,,,,,,,,,,,,2013-02-12 17:02:44,,,,,,,,,2,G,2,2,,C,HRDM9H22,,,2000,,,,,,,,2012-12-27,2015-12-27,,,,,0,,
13781,02,004104384,10660,000250717,28305759,RTCS,ณรงค์  ทับทิมทอง,1941-07-01,3140700029935,,,,1,,,,,,,,,,,,,,,,,,,,,,,,,,,,2013-02-15 08:06:16.999000,,,,,U,,,,2,G,1,3,,C,HDHY15FE,,,2000,,,,,,,O,2005-11-23,2014-11-23,,,,,0,,
13781,02,004589601,22614,69988/49,,RTUC,นิพันธุ์ มงคลเจริญ,,3100100887965,,,,1,,,,,,,,,,,,,,,,,,,,,,,,,,,,2013-02-22 10:38:33.998000,,,,,,,,,,G,,3,,,HDHS4321,PD,HD,1500,,2,,,,,O,2013-02-20,,,,,,0,,
13781,02,003654568,13781,003654568,,RTCS,กิมเอง สันติวงศ์,1936-01-01,3302000208306,,,,2,,,,,,,,,,,,,,,,,,,,,,,,,,,,2015-02-02 18:23:27,,,D,,E,,,,1,,,H,,C,ศย204/23,,,2000,,,,,,,,2006-06-01,2015-02-03,,,,,0,,
13781,02,004025259,13781,004025259,,"RTCS,",เพ็ญศรี พวงสาขา,1945-07-01,3100600268288,,,,2,,,,,,,,,,,,,,,,,,,,,,,,,,,,2018-12-19 15:42:53,,,D,,E,,,,,,,H,,C,E3WVDV,,,2000,,,,,,,,2007-01-17,2018-12-18,,,,,0,,
13781,,004486663,13781,004486663,,RTCS,ประยงค์ เขียวฉอ้อน,1942-04-04,3100500931350,,,,1,,,,,,,,,,,,,,,,,,,,,,,,,,,,2025-01-21 08:20:01,,,D,,E,,,,,,,H,,C,FVXY7G,,,2000,,,,,,,,2010-12-14,2025-01-13,,,,,0,,
13781,02,003029237,13781,003029237,,"RTSS,RTSS",ชามา สุวินัย,1960-06-03,3101800866635,,,,2,,,,,,,,,,,,,,,,,,,,,,,,,,,,2021-01-21 10:50:09.998000,,,D,,E,,,,,G,,,,,SSEGVGV0,HD,HD,1500,,2,,,,,,2013-01-20,2021-01-04,,,,,0,,
13781,,001760786,13781,001760786,,"RTCS,",ประจวบ แพรเพ็ชร์,1949-09-09,3101800170215,,,,1,,,,,,,,,,,,,,,,,,,,,,,,,,,,2022-06-20 15:37:20.998000,,,D,,E,,,,,,,H,,C,LNRP4B,,,2000,,,,,,,,2008-11-06,2022-06-18,,,,,0,,
13781,02,003795103,13781,003795103,,RTSS,วรินทร์รัตน์ เมธสุทธิ์,1960-04-04,5100500060215,,,,2,,,,,,,,,,,,,,,,,,,,,,,,,,,,2026-03-31 09:59:52.999000,,,D,,E,,,,,G,,,,,SSELLVVT,KT,KT,1500,,2,,,,,,2012-10-15,2016-03-19,,,,,0,,
13781,02,004142012,10686,44/039600,,RTCS,ศักดา  บังทา,1969-04-08,3120600069081,,,,1,,,,,,,,,,,,,,,,,,,,,,,,,,,,2013-03-01 16:51:18.999000,,,,,U,,,,2,G,1,2,,C,HRLDV63R,,,2000,,,,,,,O,2007-08-21,2014-08-21,,,,,0,,
13781,02,004103797,13781,004103797,,RTCS,สร้อย เขียวชะอุ่ม,1937-03-01,3110101850461,,,,1,,,,,,,,,,,,,,,,,,,,,,,,,,,,2013-09-17 16:37:33.998000,,,D,,E,,,,,,,H,,C,A2VB78,,,2000,,,,,,,,2007-10-24,2013-09-18,,,,,0,,
13781,02,004561439,13781,004561439,,RTCS,บุญช่วย เลี้ยงถนอม,1949-08-22,3120100695403,,,,1,,,,,,,,,,,,,,,,,,,,,,,,,,,,2013-06-17 18:28:18,,,D,,E,,,,,,,H,,C,ELJQA6,,,2000,,,,,,,,2011-09-28,2013-06-18,,,,,0,,
13781,02,003900449,13781,003900449,,RTCS,สนธยา คำสี,1946-07-01,3102201962531,,,,2,,,,,,,,,,,,,,,,,,,,,,,,,,,,2018-01-17 16:54:28.998000,,,D,,E,,,,,,,H,,C,CH74A8,,,2000,,,,,,,,2008-02-27,2018-01-18,,,,,0,,
13781,02,004659103,12033,8717-55,,RTUC,ธงชัย ชำนาญเขตกิจ,,1601100137583,,,,1,,,,,,,,,,,,,,,,,,,,,,,,,,,,2017-04-03 14:44:34.998000,,,C,,E,,,,,G,,3,,,HDH0K12Z,HD,HD,1500,,4,,,,,O,2013-03-08,2017-04-03,,,,,0,,
13781,02,004689984,11775,4935-54,,RTUC,ลี่ฮ้อ แซ่ลี้,,3110101019134,,,,1,,,,,,,,,,,,,,,,,,,,,,,,,,,,2013-03-08 17:29:37.999000,,,,,,,,,2,G,,1,,,HEAH0MQ3,HD,HD,1500,,2,,,,,O,2012-10-04,,,,,,0,,
13781,02,004357008,13781,004357008,,"RTCL,",กิตติชัย เฟื่องเจริญ,1976-03-15,3101702316908,,,,1,,,,,,,,,,,,,,,,,,,,,,,,,,,,2023-05-08 08:15:05,,,,,E,,,,,,,H,,,QGTEC7,,,2000,,,,,,,,2009-08-07,2022-09-30,,,,,0,,
13781,02,004703406,13781,004703406,,RTSS,บุญโฉม เม่นสุวรรณ์,1957-01-20,3660600692824,,,,1,,,,,,,,,,,,,,,,,,,,,,,,,,,,2014-09-03 11:06:48,,,D,,E,,,,,G,,,,,SSCN7G7S,HD,HD,1500,,2,,,,,,2012-10-15,2014-06-30,,,,,0,,
13781,02,002873655,13781,002873655,,RTCS,คล่อง กันภัย,1933-07-07,3800800594425,,,,1,,,,,,,,,,,,,,,,,,,,,,,,,,,,2014-06-17 17:28:01.999000,,,D,,E,,,,,,,H,,C,GWNDZV,,,2000,,,,,,,,2009-01-07,2014-06-18,,,,,0,,
13781,02,004689442,10675,782251,,RTCS,ส้มผิว   เลี่ยมมาศ,1925-05-11,3610200030069,,,,2,,,,,,,,,,,,,,,,,,,,,,,,,,,,2013-03-15 21:16:19.999000,,,,,,,,,2,G,2,2,,C,HRAIH2JL,,,2000,,,,,,,,2012-10-10,2015-10-10,,,,,0,,
13781,02,003934045,11697,4918265,,RTUC,ศุภเดช จารุจิรภัทร,1953-05-15,3101202329610,,,,1,,,,,,,,,,,,,,,,,,,,,,,,,,,,2013-07-03 14:23:46.998000,,,D,,E,,,,,G,,3,,,HDHGMOGE,HD,HD,1500,,7,,,,,O,2013-03-15,2013-06-23,,,,,0,,
13781,02,004414422,11616,10191-55,,RTUC,มนตรี กลาภรกุล,,3120200325977,,,,1,,,,,,,,,,,,,,,,,,,,,,,,,,,,2017-04-10 13:31:16.999000,,,,,U,,,,,G,,3,,,HDIE6XEP,HD,HD,1500,,7,,,,,O,2013-03-18,,,,,,0,,
13781,02,004612809,11885,57730,,RTUC,สุกัญญา ธนลาภกุล,,3309900358998,,,,2,,,,,,,,,,,,,,,,,,,,,,,,,,,,2017-04-03 14:44:33.998000,,,C,,E,,,,,G,,3,,,HDF3CUHR,HD,HD,1500,,2,,,,,O,2013-03-19,2017-04-03,,,,,0,,
13781,02,001239721,13781,001239721,,RTSS,เล็ก เมืองสวาย,1952-01-01,3100701122424,,,,2,,,,,,,,,,,,,,,,,,,,,,,,,,,,2013-06-06 08:55:00,,,D,,E,,,,,G,,,,,SSD1K7ME,HD,HD,1500,,2,,,,,,2012-10-15,2013-05-22,,,,,0,,
13781,02,003607689,22283,8442151,,RTUC,สะลีฮีม มั่นคง,,3101402232881,,,,1,,,,,,,,,,,,,,,,,,,,,,,,,,,,2015-02-04 10:40:08.998000,,,D,,E,,,,,G,,3,,,HDEYAJIC,HD,HD,1500,,7,,,,,O,2013-03-22,2014-09-08,,,,,0,,
13781,02,002481411,11845,4809260,,RTUC,ชัยรัตน์ รุจิพานิช,,3209800032684,,,,1,,,,,,,,,,,,,,,,,,,,,,,,,,,,2017-04-10 13:31:16.999000,,,,,U,,,,,G,,3,,,HDK1X0LX,HD,HD,1500,,7,,,,,O,2013-03-20,,,,,,0,,
13781,,003413943,13781,003413943,,RTCS,ฮุ่ยยู้ แซ่ตั้ง,1933-01-01,3101800485496,,,,2,,,,,,,,,,,,,,,,,,,,,,,,,,,,2013-03-03 15:37:51.998000,,,D,,E,,,,1,,,H,,C,ศธ0513.1,,,2000,,,,,,,O,2006-09-01,2013-03-04,,,,,0,,
13781,02,004430268,13781,004430268,,RTCL,สมจิต กลมสะอาด,1945-05-17,3100500486381,,,,1,,,,,,,,,,,,,,,,,,,,,,,,,,,,2015-08-17 17:28:42,,,O,,E,,,,,,,H,,,QUWFJU,,,2000,,,,,,,,2010-08-05,2015-08-18,,,,,0,,
13781,02,5271-53,11616,5271-53,,RTUC,ประสิทธิ์ รังษิวงศ์,2495-06-01,3101800038503,,,,1,,,,,,,,,,,,,,,,,,,,,,,,,,,,2013-03-27 13:49:52,,,,,U,,,,2,G,,3,,,HDJD0ZFX,HD,HD,1500,,7,,,,,R,2009-11-04,,,,,,0,,
13781,02,004064693,11616,5271-53,,RTUC,ประสิทธิ์ รังษิวงศ์,2495-06-01,3101800038503,,,,1,,,,,,,,,,,,,,,,,,,,,,,,,,,,2017-01-04 10:44:33,,,C,,E,,,,,G,,3,,,HDJD0ZFX,HD,HD,1500,,7,,,,,R,2013-03-25,2016-12-27,,,,,0,,
13781,02,002904079,11470,400015599,45071645,RTCS,พยอม    มากำเนิด,1933-01-01,3100300078360,,,,2,,,,,,,,,,,,,,,,,,,,,,,,,,,,2013-04-02 17:38:17.999000,,,,,U,,,,2,G,1,1,,C,HEJ86WGR,,,2000,,,,,,,O,2006-01-04,2014-05-21,,,,,0,,
13781,02,004613078,10743,52008199,,"RTUC,RTXX",อนุศักดิ์ แย้มลังกา,,3850100075662,,,,1,,,,,,,,,,,,,,,,,,,,,,,,,,,,2013-04-03 09:24:58,,,,,,,,,2,G,,1,,,HEKMKTYR,PD,HD,1500,,2,,,,,O,2011-03-19,,,,,,0,,
13781,02,004490385,13781,004490385,,RTCS,สุพี เมฆเสน,1961-01-01,3841000098734,,,,,,,,,,,,,,,,,,,,,,,,,,,,,,,,2024-06-20 12:26:18,,,,,,,,W,,G,1,,,,,,,2000,,,,,,,,2022-06-07,2099-12-31,,,,,0,,
13781,02,004690278,10679,530042554,,RTCS,อำนวย  ดียิ่ง,1951-07-01,3101701011780,,,,1,,,,,,,,,,,,,,,,,,,,,,,,,,,,2013-04-10 12:56:16.999000,,,,,U,,,,2,G,2,2,,C,HRGHQQIY,,,2000,,,,,,,,2010-10-13,2014-10-13,,,,,0,,
13781,02,003160796,13781,003160796,,RTCS,ภูวเมศวร์ สิงห์ทอง,1968-12-19,3730100722227,,,,1,,,,,,,,,,,,,,,,,,,,,,,,,,,,2025-07-04 10:40:35,,,D,,E,,,,1,G,1,H,,C,,,,2000,,,,,,,,2004-04-16,2025-06-23,,,,,0,,
13781,,004397380,13781,004397380,,RTCS,ขจรศักดิ์  ชวนเกษม,1929-10-25,3100202355768,,,,1,,,,,,,,,,,,,,,,,,,,,,,,,,,,2013-07-02 14:37:35,,,D,,E,,,,,,,H,,C,C2UE6W,,,2000,,,,,,,,2011-12-28,2013-07-03,,,,,0,,
13781,02,004027816,10744,48032,,RTUC,อรพิน ฐานสันโดษ,1952-01-01,3860100851549,,,,2,,,,,,,,,,,,,,,,,,,,,,,,,,,,2016-11-18 13:59:08,,,D,,E,,,,,G,,3,,,HDA62KNY,HD,HD,1500,,2,,,,,O,2013-04-18,2016-11-06,,,,,0,,
13781,02,003680727,13781,003680727,,RTCS,สามารถ เอี่ยมหลี,1966-08-28,3700900025130,,,,1,,,,,,,,,,,,,,,,,,,,,,,,,,,,2014-12-17 18:16:35.998000,,,O,,E,,,,,,,H,,C,K2J2VW,,,2000,,,,,,,,2006-11-03,2014-12-18,,,,,0,,
13781,02,003710884,13781,003710884,,"RTCS,",วิบูลย์ แสงกาญจนวนิช,1948-07-18,3101403367560,,,,1,,,,,,,,,,,,,,,,,,,,,,,,,,,,2015-05-17 11:59:08,,,,,U,,,,,,,H,,C,BUASBU,,,2000,,,,,,,,2009-06-19,2017-06-19,,,,,0,,
13781,,004270175,13781,004270175,,RTCS,สาโรช กฤษณชาญดี,1948-04-30,3649800017428,,,,1,,,,,,,,,,,,,,,,,,,,,,,,,,,,2016-02-17 17:24:08,,,D,,E,,,,,,,H,,C,J8CFEJ,,,2000,,,,,,,,2008-10-28,2016-02-18,,,,,0,,
13781,,004045836,13781,004045836,,"RTCS,",ชูโชค ยิ้มแย้ม,1947-07-01,3110400498972,,,,1,,,,,,,,,,,,,,,,,,,,,,,,,,,,2023-04-24 09:33:07,,,D,,E,,,,,,,H,,C,GG4D2G,,,2000,,,,,,,,2008-11-18,2023-04-03,,,,,0,,
13781,02,004696630,11835,5318495,,RTUC,จีรนันท์ เรืองศาสตร์,,3190600209036,,,,2,,,,,,,,,,,,,,,,,,,,,,,,,,,,2013-08-20 13:20:01.999000,,,D,,E,,,,,G,,3,,,HDF5BJXB,HD,HD,1500,,2,,,,,O,2013-04-23,2013-08-11,,,,,0,,
13781,02,003647755,13781,003647755,,RTSS,สุเทพ เทพกำแหง,1944-07-15,3101501835771,,,,1,,,,,,,,,,,,,,,,,,,,,,,,,,,,2013-11-05 08:25:00,,,D,,E,,,,,G,,,,,SSMKODZV,HD,HD,1500,,2,,,,,,2012-10-15,2013-10-10,,,,,0,,
13781,02,004649814,11621,51-015452,,RTUC,รัมภา ฤทัยวาณิชกุล,2510-09-09,3100100781113,,,,2,,,,,,,,,,,,,,,,,,,,,,,,,,,,2014-10-06 13:22:29.998000,,,D,,E,,,,,G,,3,,,HDMDZZ4I,HD,HD,1500,,2,,,,,O,2013-04-27,2014-09-19,,,,,0,,
13781,02,002775027,13781,002775027,,RTSS,สิทธิศักดิ์ บุ้นศักดิ์สิทธิ์,1946-03-15,3101201012027,,,,1,,,,,,,,,,,,,,,,,,,,,,,,,,,,2013-06-06 08:55:00,,,D,,E,,,,,G,,,,,SSECJLCG,HD,HD,1500,,1,,,,,,2012-10-15,2013-05-12,,,,,0,,
13781,02,004702695,24191,4071/56,,RTUC,สมจินต์ เซ่งยี่,,3929800010676,,,,2,,,,,,,,,,,,,,,,,,,,,,,,,,,,2014-05-06 11:59:13,,,D,,E,,,,,G,,3,,,HDK52JS1,HD,HD,1500,,2,,,,,R,2013-05-04,2014-04-21,,,,,0,,
13781,02,002779129,13781,002779129,,"RTSS,RTSS",จงกลนีย์ ใจชื่น,,3160400843581,,,,2,,,,,,,,,,,,,,,,,,,,,,,,,,,,2020-07-20 19:12:55,,,,,,,,,,G,,,,,SSE3O5SS,KT,KT,1500,,2,,,,,,2012-10-15,,,,,,0,,
13781,,004732736,13781,004732736,,RTCS,ปรีชา จันทรโชติ,1932-03-14,3100500339043,,,,1,,,,,,,,,,,,,,,,,,,,,,,,,,,,2016-02-17 17:24:08,,,D,,E,,,,,,,H,,C,A7RYLZ,,,2000,,,,,,,,2013-05-03,2016-02-18,,,,,0,,
13781,02,004743063,10698,0262383,,RTUC,ดวงแข ขำสอาด,2497-01-01,3260100385292,,,,2,,,,,,,,,,,,,,,,,,,,,,,,,,,,2013-05-14 10:39:53,,,,,,,,,,G,,3,,,HDDH25BQ,PD,HD,1500,,2,,,,,O,2013-05-08,,,,,,0,,
13781,02,004713208,13781,004713208,,"RTCL,",วาลี ระวังการ,1949-04-05,3600700320732,,,,2,,,,,,,,,,,,,,,,,,,,,,,,,,,,2023-05-08 08:15:58,,,,,E,,,,,,,H,,,QRFKN3,,,2000,,,,,,,,2013-01-18,2022-09-30,,,,,0,,
13781,02,001352961,13781,001352961,,RTCS,ไพฑูรย์ สมทัศน์,1958-07-06,3100202528212,,,,1,,,,,,,,,,,,,,,,,,,,,,,,,,,,2014-05-18 15:49:03,,,,,U,,,,,,,H,,C,M1VSXA,,,2000,,,,,,,,2006-12-06,2016-05-20,,,,,0,,
13781,02,004229125,13781,004229125,,RTSS,สุภูดม อ่อนท้วม,1968-10-01,5101499030053,,,,1,,,,,,,,,,,,,,,,,,,,,,,,,,,,2016-02-18 10:25:47,,,D,,E,,,,,G,,,,,SSEPXGPI,KT,KT,1500,,2,,,,,,2012-10-15,2016-01-26,,,,,0,,
13781,02,004186634,13781,004186634,,RTSS,ชยันต์ เทียมเมือง,1963-07-23,3102200017018,,,,1,,,,,,,,,,,,,,,,,,,,,,,,,,,,2024-04-02 15:10:14,,,,,,,,,,G,,,,,SSKJC4KL,HD,HD,1500,,2,,,,,,2012-10-15,,,,,,0,,
13781,02,003135131,13781,003135131,,"RTCS,",ละม่อม สุพรรณเภา,1944-07-01,3210100166043,,,,2,,,,,,,,,,,,,,,,,,,,,,,,,,,,2020-08-19 16:54:56,,,,,U,,,,,,,H,,C,EWWCGQ,,,2000,,,,,,,,2020-08-19,2099-12-31,,,,,0,,
13781,02,003895943,13781,003895943,,RTCS,สีมา ฝั้นปัญญา,1949-11-13,3199900003776,,,,1,,,,,,,,,,,,,,,,,,,,,,,,,,,,2014-11-17 19:05:23,,,D,,E,,,,,,,H,,C,H48DB3,,,2000,,,,,,,,2007-10-19,2014-11-18,,,,,0,,
13781,02,000764593,13781,000764593,,RTCS,ขนิษฐา อัตตสัมพันธ์,1925-07-01,3309900900563,,,,2,,,,,,,,,,,,,,,,,,,,,,,,,,,,2017-07-03 12:31:24.998000,,,C,,E,,,,,,,H,,C,F2BHPE,,,2000,,,,,,,,2007-01-15,2017-07-03,,,,,0,,
13781,02,004160816,13781,004160816,,RTCS,รัญจวน นกแย้ม,1936-01-01,3100504048639,,,,2,,,,,,,,,,,,,,,,,,,,,,,,,,,,2017-04-17 14:34:05.999000,,,C,,E,,,,,,,H,,C,A9C8UF,,,2000,,,,,,,,2012-07-12,2017-04-18,,,,,0,,
13781,02,001179413,13781,001179413,,RTCS,ยุพิน ปูรณามระ,1927-11-19,3100100109156,,,,2,,,,,,,,,,,,,,,,,,,,,,,,,,,,2014-06-17 17:28:01.999000,,,D,,E,,,,,,,H,,C,H33G5P,,,2000,,,,,,,,2006-10-20,2014-06-18,,,,,0,,
13781,02,4580641,10740,0037781,,RTUC,เสาวนิต สุราฤทธิ์,1948-07-11,3829800017001,,,,2,,,,,,,,,,,,,,,,,,,,,,,,,,,,2013-05-27 17:00:47.998000,,,,,,,,,,G,,3,,,HDFUBW58,HD,HD,1500,,7,,,,,R,2013-05-27,,,,,,0,,
13781,02,002833994,10676,47-36976,,RTCS,อุไร  ชาญวิชัย,1938-01-01,3650600433446,,,,2,,,,,,,,,,,,,,,,,,,,,,,,,,,,2013-05-27 16:07:07.999000,,,,,U,,,,2,G,1,1,,C,HEDWBNPV,,,2000,,,,,,,O,2006-12-01,2014-12-01,,,,,0,,
13781,02,003627553,13781,003627553,,"RTCS,",กอบกุล กิจนิเทศ,1941-10-21,5101799018652,,,,2,,,,,,,,,,,,,,,,,,,,,,,,,,,,2021-12-07 09:18:27.999000,,,D,,E,,,,,,,H,,C,D48IUT,,,2000,,,,,,,,2006-11-09,2021-12-03,,,,,0,,
13781,,002778862,13781,002778862,,RTCS,สิงทร ประมาณ,1955-08-12,3102001496081,,,,1,,,,,,,,,,,,,,,,,,,,,,,,,,,,2015-10-02 17:36:42,,,O,,E,,,,1,,,H,,C,ศธ0522.0,,,2000,,,,,,,,2005-11-23,2015-10-05,,,,,0,,
13781,02,003836425,13781,003836425,,RTCS,วิวัฒน์ รัตนวิชัย,1929-04-22,3100200339935,,,,1,,,,,,,,,,,,,,,,,,,,,,,,,,,,2014-05-18 15:49:03,,,D,,E,,,,1,,,H,,C,GVPC6T,,,2000,,,,,,,,2005-11-17,2014-05-19,,,,,0,,
13781,02,001307586,13781,001307586,,RTCS,สุวรรณา เอี่ยมอ่ำ,1941-05-27,3620400077310,,,,2,,,,,,,,,,,,,,,,,,,,,,,,,,,,2014-06-17 17:28:01.999000,,,D,,E,,,,,G,1,H,,C,GE3Z8S,,,2000,,,,,,,,2012-06-13,2014-06-18,,,,,0,,
13781,02,004609452,13781,004609452,,"RTSS,RTSS",ชัยวัฒน์ จงสาครสิน,,3110101282714,,,,1,,,,,,,,,,,,,,,,,,,,,,,,,,,,2020-04-25 07:22:14.998000,,,,,,,,,,G,,,,,SSHCSD3W,HD,HD,1500,,2,,,,,,2013-01-28,,,,,,0,,
13781,02,004580641,10740,0037781,,RTUC,เสาวนิต สุราฤทธิ์,1948-07-11,3829800017001,,,,2,,,,,,,,,,,,,,,,,,,,,,,,,,,,2013-05-27 17:00:47.998000,,,,,,,,,,G,,3,,,HDFUBW58,HD,HD,1500,,7,,,,,R,2013-05-27,,,,,,0,,
13781,02,004517259,13781,004517259,,RTCS,สมบุญ ย่นพันธ์,1951-01-01,3720600234868,,,,1,,,,,,,,,,,,,,,,,,,,,,,,,,,,2020-04-07 08:57:47.998000,,,O,,E,,,,,,,H,,C,LXQ96K,,,2000,,,,,,,,2020-03-19,2020-03-18,,,,,0,,
13781,02,3873203,23869,575/3-1-4,,RTUC,สมชัย ภู่น้อย,,3101701744710,,,,1,,,,,,,,,,,,,,,,,,,,,,,,,,,,2014-10-06 13:22:29.998000,,,D,,E,,,,,G,,3,,,HDKXL7LU,HD,HD,1500,,7,,,,,O,2012-11-21,2014-09-07,,,,,0,,
13781,02,003808008,10744,436438,,RTUC,ปุญญิศา จันทร์แก้ว,,1860700010107,,,,2,,,,,,,,,,,,,,,,,,,,,,,,,,,,2013-06-06 17:06:45.999000,,,,,,,,,,G,,3,,,HDIH96QQ,PD,HD,1500,,4,,,,,O,2013-05-09,,,,,,0,,
13781,02,004690079,13781,004690079,,RTSS,อภิชาติ เทียมขุนทด,1981-12-19,3300800755415,,,,1,,,,,,,,,,,,,,,,,,,,,,,,,,,,2016-12-21 09:51:26.998000,,,,,,,,,,G,,,,CS,SSCIBCXQ,HD,HD,1500,,2,,,,,,2012-10-15,,,,S,C,500,,
13781,02,003965864,10686,43/038897,,RTCS,วิชชา ประสานเกลียว,1945-10-03,3101401132328,,,,1,,,,,,,,,,,,,,,,,,,,,,,,,,,,2013-06-08 18:50:41.999000,,,,,U,,,,2,G,2,2,,C,HRABG4E0,,,2000,,,,,,,O,2005-12-16,2014-12-16,,,,,0,,
13781,02,004302561,13781,004302561,,RTCS,ชนกานต์ เดชปั้น,1970-07-17,3110300007055,,,,2,,,,,,,,,,,,,,,,,,,,,,,,,,,,2024-06-18 15:02:41,,,,,U,,,,,,,H,,C,FU25PQ,,,2000,,,,,,,,2024-06-18,2099-12-31,,,,,0,,
13781,,002325452,13781,002325452,,RTCS,อุเทน มีศรีรอด,1932-07-03,3100500173625,,,,1,,,,,,,,,,,,,,,,,,,,,,,,,,,,2017-11-18 12:15:05.998000,,,C,,E,,,,,,,H,,C,BBM48E,,,2000,,,,,,,,2007-04-04,2017-11-20,,,,,0,,
13781,02,003238287,13781,003238287,,RTSS,ประสิทธิ์ แซ่ลิ้ม,1968-10-30,3100503506293,,,,1,,,,,,,,,,,,,,,,,,,,,,,,,,,,2026-03-31 09:59:56,,,,,,,,,,G,,,,,SSLBPIDQ,HD,HD,1500,,2,,,,,,2012-10-15,,,,,,0,,
13781,02,004479074,13781,004479074,,RTCS,ดารณี พาพันธุ์,1965-09-06,3570300546386,,,,2,,,,,,,,,,,,,,,,,,,,,,,,,,,,2025-02-04 09:10:27,,,D,,E,,,,,,,H,,C,EX2MUR,,,2000,,,,,,,,2010-11-04,2025-02-03,,,,,0,,
13781,02,004063214,13781,004063214,,RTCS,จิรศักดิ์ แก้วประดิษฐ,1960-08-09,5670100004241,,,,1,,,,,,,,,,,,,,,,,,,,,,,,,,,,2020-08-19 16:54:21.998000,,,D,,E,,,,,,,H,,C,MAPR4Q,,,2000,,,,,,,,2007-03-22,2020-08-18,,,,,0,,
13781,02,004418563,13781,004418563,,RTCS,วรรณา ซำพันธุ์,1935-02-09,3309900714239,,,,2,,,,,,,,,,,,,,,,,,,,,,,,,,,,2016-02-17 17:24:08,,,D,,E,,,,,,,H,,C,JJHPJM,,,2000,,,,,,,,2010-03-22,2016-02-18,,,,,0,,
13781,02,004010597,13781,004010597,,RTCS,เพ็ญ คุพวงศ์,1943-01-11,3149700022777,,,,2,,,,,,,,,,,,,,,,,,,,,,,,,,,,2013-08-02 16:39:52,,,D,,E,,,,,,,H,,C,FKPUZU,,,2000,,,,,,,,2008-08-26,2013-08-05,,,,,0,,
13781,02,003188044,22283,90111751,,RTUC,พชร คุณานันทกิจ,1947-04-17,3100601096111,,,,1,,,,,,,,,,,,,,,,,,,,,,,,,,,,2018-04-03 13:17:53,,,D,,E,,,,,G,,3,,,HDMMYLHR,HD,HD,1500,,7,,,,,O,2013-06-19,2018-03-17,,,,,0,,
13781,02,004176118,13781,004176118,,RTCS,ซิ้วตง แซ่ตั้ง,1940-07-01,3102201999931,,,,1,,,,,,,,,,,,,,,,,,,,,,,,,,,,2016-06-17 17:15:15.998000,,,D,,E,,,,,,,H,,C,KL8HPQ,,,2000,,,,,,,,2008-08-04,2016-06-20,,,,,0,,
13781,,003542744,13781,003542744,,RTCS,สวิน มีพรกิจ,1962-02-14,3300101703173,,,,2,,,,,,,,,,,,,,,,,,,,,,,,,,,,2022-10-04 09:59:57.998000,,,O,,E,,,,,,,H,,C,GMTTTS,,,2000,,,,,,,,2007-08-27,2022-10-03,,,,,0,,
13781,02,004109206,13781,004109206,,RTCS,สอน ฝรั่งทอง,1938-09-06,3169900037026,,,,2,,,,,,,,,,,,,,,,,,,,,,,,,,,,2019-06-19 13:50:47.998000,,,D,,E,,,,,,,H,,C,EPYA9M,,,2000,,,,,,,,2007-06-11,2019-06-18,,,,,0,,
13781,02,004029543,13781,004029543,,RTCS,ซงงิ้ม สามารถ,1945-07-01,3100903415091,,,,2,,,,,,,,,,,,,,,,,,,,,,,,,,,,2019-07-31 16:27:41.999000,,,,,U,,,,,,,H,,C,ET3FSV,,,2000,,,,,,,,2008-08-20,2099-12-31,,,,,0,,
13781,02,004686419,13781,004686419,,RTSS,มานะ โปร่งอากาศ,1965-06-12,3210300951666,,,,1,,,,,,,,,,,,,,,,,,,,,,,,,,,,2018-06-04 13:51:45,,,,,,,,,,G,,,,CS,SSKXORWX,KT,KT,1500,,2,,,,,,2012-10-15,,,,S,C,500,,
13781,02,004514075,11305,42004028,,RTUC,เม้า เฮ้งเจริญสุข,,3740300164279,,,,2,,,,,,,,,,,,,,,,,,,,,,,,,,,,2015-03-05 15:45:44,,,D,,E,,,,,G,,3,,,HDFNVQV3,PD,HD,1500,,4,,,,,R,2013-07-02,2015-02-15,,,,,0,,
13781,02,004589569,13781,004589569,,RTSS,ธภัทรสันต์ วันทาเขียว,1976-03-02,3361000449141,,,,1,,,,,,,,,,,,,,,,,,,,,,,,,,,,2016-05-03 17:03:23.998000,,,D,,E,,,,,G,,,,,SSJMN3I1,HD,HD,1500,,2,,,,,,2012-10-15,2016-04-23,,,,,0,,
13781,02,004390261,13781,004390261,,RTCS,ณรงค์ ดีละมัย,1939-01-01,3100502001520,,,,1,,,,,,,,,,,,,,,,,,,,,,,,,,,,2017-10-17 17:04:02.999000,,,C,,E,,,,,,,H,,C,G5AX3T,,,2000,,,,,,,,2010-12-22,2017-10-18,,,,,0,,
13781,02,002376267,13781,002376267,,RTCS,ประภีร์ อ่อนนุ่ม,1935-01-09,3100201708489,,,,2,,,,,,,,,,,,,,,,,,,,,,,,,,,,2015-03-17 13:34:36.998000,,,,,U,,,,1,,,H,,C,สผ0005/3,,,2000,,,,,,,,2006-04-28,2017-04-28,,,,,0,,
13781,,004508010,13781,004508010,,RTCS,กฤษณะ กมุททรง,1956-07-07,3150300013578,,,,1,,,,,,,,,,,,,,,,,,,,,,,,,,,,2025-04-18 13:40:03.999000,,,D,,E,,,,,,,H,,C,DK8SU6,,,2000,,,,,,,,2011-03-28,2025-04-07,,,,,0,,
13781,02,002681364,13781,002681364,,RTCS,มาลี แย้มน้อยใหญ่,1948-07-27,3101201445446,,,,2,,,,,,,,,,,,,,,,,,,,,,,,,,,,2015-09-17 13:39:10.998000,,,,,U,,,,,,,H,,C,DPMSDY,,,2000,,,,,,,,2006-10-06,2017-10-06,,,,,0,,
13781,02,004738109,24191,3627/56,,RTUC,ปลื้ม สว่างวงษ์,,3860100157171,,,,1,,,,,,,,,,,,,,,,,,,,,,,,,,,,2013-07-11 14:02:11.999000,,,,,,,,,,G,,3,,,HDJ18P0V,HD,HD,1500,,2,,,,,R,2013-07-10,,,,,,0,,
13781,02,004588617,13781,004588617,,RTCS,ธัญญรัศม์ งามนา,1963-12-16,3341900414807,,,,2,,,,,,,,,,,,,,,,,,,,,,,,,,,,2019-07-31 16:27:41.999000,,,,,U,,,,,,,H,,C,H3EGZA,,,2000,,,,,,,,2011-12-15,2099-12-31,,,,,0,,
13781,02,4756183,SSO,,,,ละมูล เรืองปราชญ์,1954-01-01,3140400215407,,,,2,,,,,,,,,,,,,,,,,,,,,,,,,,,,2013-07-15 12:49:31,,,,,,,,,2,G,,2,,,SSCRRTUT,HD,HD,1500,,1,,,,,,,,,,,,0,,
13781,02,004756183,13781,004756183,,RTSS,ละมูล เรืองปราชญ์,1954-01-01,3140400215407,,,,2,,,,,,,,,,,,,,,,,,,,,,,,,,,,2016-10-18 11:01:44,,,D,,E,,,,,G,,,,,SSCRRTUT,HD,HD,1500,,1,,,,,,2012-10-15,2016-08-29,,,,,0,,
13781,02,004458165,13781,004458165,,RTCS,เมี้ยน ยาสมาน,1928-02-23,3100601855217,,,,2,,,,,,,,,,,,,,,,,,,,,,,,,,,,2013-09-02 18:20:52,,,D,,E,,,,,,,H,,C,EYMY3G,,,2000,,,,,,,,2010-09-17,2013-09-03,,,,,0,,
13781,02,004040129,13781,004040129,,"RTSS,RTSS",พัชรินทร์ สินธุเดชากุล,1956-07-27,3100400005038,,,,2,,,,,,,,,,,,,,,,,,,,,,,,,,,,2026-03-31 09:59:57,,,,,,,,,,G,,,,,SSM8AFF6,HD,HD,1500,,1,,,,,,2012-10-15,,,,,,0,,
13781,02,004729866,10731,0038821,,"RTUC,RTCS",จรรยา พูนศิริ,1950-07-14,3719900121307,,,,2,,,,,,,,,,,,,,,,,,,,,,,,,,,,2014-07-18 09:19:48.999000,,,,,U,,,,2,G,,1,,C,HEC15F6G,HD,HD,1500,,7,,,,,R,2008-10-01,,,,,,0,,
13781,02,001721403,13781,001721403,,RTCS,สมพร ชัยวีระ,1953-06-23,3960400035410,,,,2,,,,,,,,,,,,,,,,,,,,,,,,,,,,2019-07-31 16:27:43,,,,,U,,,,,,,H,,C,KUBJPB,,,2000,,,,,,,,2009-11-16,2099-12-31,,,,,0,,
13781,02,003085958,13781,003085958,,RTCS,สอาด ชาญวิเศษ,1935-11-20,3100500255681,,,,2,,,,,,,,,,,,,,,,,,,,,,,,,,,,2019-07-31 16:27:43,,,,,U,,,,,,,H,,C,USE3K9,,,2000,,,,,,,,2006-02-06,2099-12-31,,,,,0,,
13781,02,002756183,13781,002756183,,RTCS,ธนวัน กุลธรธนาภรณ์,1948-07-12,3102000538588,,,,2,,,,,,,,,,,,,,,,,,,,,,,,,,,,2020-11-23 09:44:15.998000,,,O,,E,,,,1,,,H,,C,นร0203/ก,,,2000,,,,,,,,2006-05-26,2020-11-18,,,,,0,,
13781,02,004523777,13781,004523777,,RTSS,อนุศักดิ์ หาดแก้ว,1966-03-04,3210100872924,,,,1,,,,,,,,,,,,,,,,,,,,,,,,,,,,2025-04-17 09:34:28,,,,,,,,,,G,,,,,SSJT2AZZ,KT,KT,1500,,2,,,,,,2012-10-15,,,,,,0,,
13781,02,004709649,24037,56-008541,,RTUC,บุญชู มังกรกาญจน์,,3710500045443,,,,2,,,,,,,,,,,,,,,,,,,,,,,,,,,,2014-02-20 11:41:40,,,D,,E,,,,,G,,3,,,HDIUCF8L,HD,HD,1500,,2,,,,,R,2013-08-03,2014-02-12,,,,,0,,
13781,,003911852,13781,003911852,,RTCS,ฟองคำ บรรเลงสวรรค์,1950-09-01,3540400452022,,,,2,,,,,,,,,,,,,,,,,,,,,,,,,,,,2020-01-21 08:41:49.998000,,,D,,E,,,,1,,,H,,C,ศธ04110/,,,2000,,,,,,,,2006-03-15,2020-01-18,,,,,0,,
13781,02,001639172,13781,001639172,,RTCS,วิเชียร นีลิกานนท์,1931-12-26,3100501786051,,,,1,,,,,,,,,,,,,,,,,,,,,,,,,,,,2014-04-02 16:34:09,,,D,,E,,,,,,,H,,C,RGZ85I,,,2000,,,,,,,,2006-06-29,2014-04-03,,,,,0,,
13781,,001467940,13781,001467940,,RTCS,เฉลิม ทวีแสง,1926-04-01,3102101169014,,,,1,,,,,,,,,,,,,,,,,,,,,,,,,,,,2014-06-17 17:28:01.999000,,,D,,E,,,,,,,H,,C,D44L84,,,2000,,,,,,,,2006-11-08,2014-06-18,,,,,0,,
13781,02,004614560,10695,0185983,,RTUC,ฉัตรชัย คลายนาทร,,1199900213782,,,,1,,,,,,,,,,,,,,,,,,,,,,,,,,,,2017-04-19 15:51:15,,,C,,E,,,,,G,,3,,,HDAUZEOT,PD,HD,1500,,4,,,,,O,2013-08-15,2017-04-18,,,,,0,,
13781,02,004670241,13781,004670241,,RTCS,เงิน เอมะรัฐ,1949-06-13,3170400067459,,,,2,,,,,,,,,,,,,,,,,,,,,,,,,,,,2014-09-17 17:40:34,,,D,,E,,,,,,,H,,C,B23KG9,,,2000,,,,,,,,2012-09-26,2014-09-18,,,,,0,,
13781,02,003567733,22283,9527252,,RTUC,ปุญชรัสมิ์ จิระยั่งยืน,,3101402388717,,,,2,,,,,,,,,,,,,,,,,,,,,,,,,,,,2017-04-10 13:31:15.998000,,,,,U,,,,,G,,3,,,HDHZPN48,HD,HD,1500,,2,,,,,O,2013-08-17,,,,,,0,,
13781,,003988409,13781,003988409,,RTCS,สุนทรี ต้นเกตุ,1946-12-12,3100501818280,,,,2,,,,,,,,,,,,,,,,,,,,,,,,,,,,2015-07-02 15:34:04,,,D,,E,,,,1,,,H,,C,ยธ0746/6,,,2000,,,,,,,,2006-09-29,2015-07-03,,,,,0,,
13781,02,002723150,13781,002723150,,RTCS,เปรมฤดี กัมปนาทยุทธเสนี,1951-08-07,3100202061021,,,,2,,,,,,,,,,,,,,,,,,,,,,,,,,,,2019-07-31 16:27:44,,,,,U,,,,,,,H,,C,I3LB8D,,,2000,,,,,,,,2006-12-01,2099-12-31,,,,,0,,
13781,02,004789906,22283,9191252,,RTUC,ประสาท ศิริวัฒน์,2491-04-24,3101800779988,,,,1,,,,,,,,,,,,,,,,,,,,,,,,,,,,2016-05-17 15:44:17.998000,,,D,,E,,,,,G,,3,,,HDAD3YIB,HD,HD,1500,,7,,,,,O,2013-08-22,2016-05-11,,,,,0,,
13781,02,002520171,13781,002520171,,RTCS,รชต ประเสริฐศรี,1957-11-09,3720400413483,,,,1,,,,,,,,,,,,,,,,,,,,,,,,,,,,2016-05-17 15:48:44.998000,,,O,,E,,,,1,,,H,,C,ศธ0518.0,,,2000,,,,,,,,2006-05-19,2016-05-18,,,,,0,,
13781,02,004372370,12033,10316-52,,RTUC,ศิริลักษณ์ เอื้อผลบุญ,1954-01-01,3100504151201,,,,2,,,,,,,,,,,,,,,,,,,,,,,,,,,,2014-11-05 06:48:12,,,,,U,,,,2,G,,3,,,HDC3TDPT,HD,HD,1500,,2,,,,,R,2009-09-19,,,,,,0,,
13781,02,004385402,23870,NHSO1-004,,RTUC,สมชาย กุศลสถิตย์,2505-06-13,3100501235772,,,,1,,,,,,,,,,,,,,,,,,,,,,,,,,,,2015-03-19 11:53:56,,,D,,E,,,,,G,,3,,,HDD47K6J,HD,HD,1500,,2,,,,,O,2013-08-22,2015-03-07,,,,,0,,
13781,02,003633804,13781,003633804,,RTSS,นัธวุฒิ จิรกิจเจริญ,1955-11-09,3100800802351,,,,1,,,,,,,,,,,,,,,,,,,,,,,,,,,,2017-03-02 17:23:07,,,C,,E,,,,,G,,,,,SSIPDCET,HD,HD,1500,,1,,,,,,2012-10-15,2017-02-17,,,,,0,,
13781,02,001077037,13781,001077037,,RTCS,พัทธนันท์ นนทภักดี,1957-04-17,3101701275167,,,,2,,,,,,,,,,,,,,,,,,,,,,,,,,,,2020-10-06 11:05:50,,,D,,E,,,,1,G,2,H,,C,,,,2000,,,,,,,,2005-08-11,2020-10-03,,,,,0,,
13781,02,003989746,13781,003989746,,RTCS,ทวีป วงศ์ผุดผาด,1942-06-25,3210300544131,,,,1,,,,,,,,,,,,,,,,,,,,,,,,,,,,2019-03-25 11:31:20.998000,,,D,,E,,,,,,,H,,C,CMRMAH,,,2000,,,,,,,,2007-04-10,2019-03-18,,,,,0,,
13781,02,003941184,13781,003941184,,RTCS,กิมฮง แซ่เตี๊ยว,1935-07-01,3249900066181,,,,1,,,,,,,,,,,,,,,,,,,,,,,,,,,,2014-06-17 17:28:01.999000,,,D,,E,,,,,,,H,,C,EQ73QA,,,2000,,,,,,,,2007-05-18,2014-06-18,,,,,0,,
13781,02,004233055,11484,13237/52,,RTUC,บุญสม บุตรจีน,,3160101005664,,,,2,,,,,,,,,,,,,,,,,,,,,,,,,,,,2013-12-04 16:23:19.998000,,,,,U,,,,,G,,3,,,HDGTS8EC,HD,HD,1500,,7,,,,,O,2013-09-05,,,,,,0,,
13781,02,004670116,13781,004670116,,RTSS,ชนากานต์ อ่อนเมืองดง,,5840900001457,,,,2,,,,,,,,,,,,,,,,,,,,,,,,,,,,2013-09-09 13:30:51,,,,,,,,,,G,,,,,SSM14OWH,HD,HD,1500,,2,,,,,,2012-10-15,,,,,,0,,
13781,02,004793387,13781,004793387,,RTSS,อัญชลี วิจิตรชั่วกาล,1964-09-28,3101201934617,,,,2,,,,,,,,,,,,,,,,,,,,,,,,,,,,2018-02-20 09:42:52,,,D,,E,,,,,G,,,,,SSF3WDB8,KT,KT,1500,,2,,,,,,2012-10-15,2018-01-21,,,,,0,,
13781,02,004408279,13781,004408279,,RTCL,ทวิทย์ชัย บุตรโพธิ์,1963-03-21,3400101523891,,,,1,,,,,,,,,,,,,,,,,,,,,,,,,,,,2016-06-17 17:15:15.998000,,,O,,E,,,,,,,H,,,QMPVJ7,,,2000,,,,,,,,2010-02-09,2016-06-20,,,,,0,,
13781,02,003177470,13781,003177470,,RTCS,อรพรรณ ประชุมทอง,1970-09-21,3900100163366,,,,2,,,,,,,,,,,,,,,,,,,,,,,,,,,,2019-07-31 16:27:44,,,,,U,,,,,,,H,,C,GWPH8B,,,2000,,,,,,,,2008-04-24,2099-12-31,,,,,0,,
13781,02,003086149,13781,003086149,,RTSS,กรรณิกา สุขเกษม,1958-10-29,3100602375774,,,,2,,,,,,,,,,,,,,,,,,,,,,,,,,,,2019-12-03 14:49:31.998000,,,D,,E,,,,,G,,,,,SSDUOYX7,HD,HD,1500,,1,,,,,,2012-10-15,2019-10-30,,,,,0,,
13781,02,000339642,13781,000339642,,RTSS,นพวรรณ พงษ์สวัสดิ์,1974-01-21,3120101407177,,,,2,,,,,,,,,,,,,,,,,,,,,,,,,,,,2024-06-20 11:47:09.998000,,,,,,,,,,G,,,,,SSME8GT9,KT,KT,1500,,2,,,,,,2012-10-15,,,,,,0,,
13781,02,004441369,12098,900/48,,RTUC,สุภาพร คู่โชติกุล,,3709900321241,,,,2,,,,,,,,,,,,,,,,,,,,,,,,,,,,2018-08-17 16:25:19.998000,,,D,,E,,,,,G,,3,,,HDEPAXNJ,HD,HD,1500,,7,,,,,R,2013-09-13,2018-08-15,,,,,0,,
13781,02,004501475,16529,0082,,RTUC,วิรัช แย้มนิยม,1955-02-03,3740300546571,,,,1,,,,,,,,,,,,,,,,,,,,,,,,,,,,2014-09-02 15:50:20.998000,,,D,,E,,,,,G,,3,,,HDGS5D9I,HD,HD,1500,,7,,,,,O,2013-09-20,2014-03-09,,,,,0,,
13781,02,004130772,13781,004130772,,RTCS,สำลี ดวงรัตน์,1931-08-03,3700900026250,,,,2,,,,,,,,,,,,,,,,,,,,,,,,,,,,2020-06-04 15:59:37.999000,,,D,,E,,,,,,,H,,C,FGF2K2,,,2000,,,,,,,,2007-09-19,2020-06-03,,,,,0,,
13781,02,002772281,10727,0617812,,RTCS,เจริญ  ตรีประภากร,1959-03-05,3600900053215,,,,1,,,,,,,,,,,,,,,,,,,,,,,,,,,,2013-09-25 14:20:53,,,,,,,,,2,G,1,1,,C,HECODTCM,,,2000,,,,,,,,2010-09-15,2015-09-15,,,,,0,,
13781,02,004529184,13781,004529184,,RTCS,เฉลย ทองวงศา,1949-04-23,3449900036698,,,,1,,,,,,,,,,,,,,,,,,,,,,,,,,,,2020-02-05 09:39:03,,,D,,E,,,,,,,H,,C,ELKP7Y,,,2000,,,,,,,,2013-01-28,2020-02-03,,,,,0,,
13781,02,004801520,13781,004801520,,RTSS,อานุภาพ อรุณรักษ์,1959-05-11,3101700319225,,,,1,,,,,,,,,,,,,,,,,,,,,,,,,,,,2021-11-03 15:51:55.998000,,,D,,E,,,,,G,,,,,SSLF4PS5,HD,HD,1500,,2,,,,,,2012-10-15,2018-10-31,,,,,0,,
13781,02,004794915,13781,004794915,,RTCS,ปราณี อรกิจ,1941-01-01,3100602944787,,,,2,,,,,,,,,,,,,,,,,,,,,,,,,,,,2025-12-19 09:47:06.998000,,,D,,E,,,,,,,H,,C,CMCGDH,,,2000,,,,,,,,2013-09-11,2025-12-08,,,,,0,,
13781,02,003041479,13781,003041479,,RTCS,อมร สุขสถิตย์,1963-03-10,3869900115691,,,,1,,,,,,,,,,,,,,,,,,,,,,,,,,,,2017-02-02 17:18:44.998000,,,C,,E,,,,1,,,H,,C,,,,2000,,,,,,,,2004-09-08,2017-02-03,,,,,0,,
13781,02,003815095,13781,003815095,,RTCS,บุญนาค บุญคง,1958-11-12,3160600733975,,,,2,,,,,,,,,,,,,,,,,,,,,,,,,,,,2023-10-04 09:50:20.998000,,,O,,E,,,,,,,H,,C,F7JQEY,,,2000,,,,,,,,2008-01-07,2023-10-03,,,,,0,,
13781,02,004696539,13781,004696539,,RTCS,สมพงษ์ พานิช,1939-01-27,3101100231050,,,,2,,,,,,,,,,,,,,,,,,,,,,,,,,,,2023-04-24 09:32:43,,,D,,E,,,,,,,H,,C,BRHUNW,,,2000,,,,,,,,2012-11-28,2023-04-03,,,,,0,,
13781,02,004188138,11501,24296/47,14579974,RTCS,กว้าง      เชี่ยวชาญวัฒนา,1952-07-20,3419900614179,,,,2,,,,,,,,,,,,,,,,,,,,,,,,,,,,2013-10-02 13:05:22,,,,,U,,,,2,G,1,3,,C,HDB59H68,,,2000,,,,,,,O,2005-11-16,2014-11-16,,,,,0,,
13781,,004736898,13781,004736898,,RTCS,เกศิณี ริ้วตระกูลไพบูลย์,1947-08-28,3620100003990,,,,2,,,,,,,,,,,,,,,,,,,,,,,,,,,,2019-07-31 16:27:44,,,,,U,,,,,,,H,,C,GS3VUZ,,,2000,,,,,,,,2013-04-19,2099-12-31,,,,,0,,
13781,,004088690,13781,004088690,,RTCS,กนกกร งามพงศ์พรรณ,1959-09-20,3101201952003,,,,2,,,,,,,,,,,,,,,,,,,,,,,,,,,,2019-07-31 16:27:44,,,,,U,,,,,,,H,,C,BYBVJK,,,2000,,,,,,,,2011-11-30,2099-12-31,,,,,0,,
13781,02,004720077,13781,004720077,,RTCS,พิเชษฐ์ สิงห์ทอง,1938-02-01,3760600456879,,,,1,,,,,,,,,,,,,,,,,,,,,,,,,,,,2024-10-03 14:21:40,,,D,,E,,,,,,,H,,C,LT4Y6D,,,2000,,,,,,,,2013-09-13,2024-09-23,,,,,0,,
13781,02,001112792,13781,001112792,,RTCS,ไช้ย้ง แซ่เซียว,1926-07-01,3800400087411,,,,2,,,,,,,,,,,,,,,,,,,,,,,,,,,,2023-07-19 09:39:18,,,D,,E,,,,,,,H,,C,E4HD3U,,,2000,,,,,,,,2007-03-15,2023-07-18,,,,,0,,
13781,02,004770960,13781,004770960,,RTCS,เฉลิม พงศ์วัชร์,1926-06-10,3809900372741,,,,1,,,,,,,,,,,,,,,,,,,,,,,,,,,,2014-06-17 17:28:01.999000,,,D,,E,,,,,,,H,,C,M8NTX2,,,2000,,,,,,,,2013-08-22,2014-06-18,,,,,0,,
13781,02,003273373,11721,483602,,RTUC,ศิริณี อยู่ญาติเอก,1935-01-01,3100601299161,,,,2,,,,,,,,,,,,,,,,,,,,,,,,,,,,2013-11-04 16:48:29,,,D,,E,,,,,G,,3,,,HDF7O65R,HD,HD,1500,,7,,,,,R,2013-10-08,2013-10-19,,,,,0,,
13781,02,004738627,13781,004738627,,RTSS,อนันต์ จินดากุล,,3160300936528,,,,1,,,,,,,,,,,,,,,,,,,,,,,,,,,,2013-10-09 10:52:17.999000,,,,,,,,,,G,,,,,SSB0IIQJ,HD,HD,1500,,2,,,,,,2012-12-20,,,,,,0,,
13781,02,004706062,13781,004706062,,RTSS,นพดล จันทรปุโรหิต,1963-05-05,3720100328731,,,,1,,,,,,,,,,,,,,,,,,,,,,,,,,,,2026-03-04 06:53:16.998000,,,D,,E,,,,,G,,,,,SSLIBJ2Q,HD,HD,1500,,2,,,,,,2012-10-15,2019-01-31,,,,,0,,
13781,02,004342672,13781,004342672,,RTCS,ชวน อยู่ร่วมใจ,1947-05-05,3120100418680,,,,1,,,,,,,,,,,,,,,,,,,,,,,,,,,,2016-09-18 14:58:23,,,O,,E,,,,,G,1,H,,C,E7X8BC,,,2000,,,,,,,,2009-06-26,2016-09-19,,,,,0,,
13781,02,004395071,13781,004395071,,RTCS,จวน ม่วงไหมทอง,1936-01-01,3760100292559,,,,2,,,,,,,,,,,,,,,,,,,,,,,,,,,,2015-10-16 17:31:04.998000,,,D,,E,,,,,,,H,,C,GTLDBW,,,2000,,,,,,,,2012-05-04,2015-10-19,,,,,0,,
13781,02,003808769,13781,003808769,,RTCS,ศิริศักดิ์ บุญกาญจน์,1950-11-13,3909800185832,,,,1,,,,,,,,,,,,,,,,,,,,,,,,,,,,2020-04-25 12:21:00.998000,,,D,,E,,,,,,,H,,C,A7QE3U,,,2000,,,,,,,,2013-09-03,2020-04-18,,,,,0,,
13781,02,002510873,13781,002510873,,RTSS,ธวัชชัย ตรีเนตร,1942-10-05,3100501250771,,,,1,,,,,,,,,,,,,,,,,,,,,,,,,,,,2014-01-03 17:07:21.998000,,,D,,E,,,,,G,,,,,SSCY3VWX,HD,HD,1500,,2,,,,,,2012-10-15,2013-11-03,,,,,0,,
13781,02,004423393,10665,00254878,,RTUC,จันทร์เจริญ เขียนอักษ,2530-12-22,1250600035821,,,,1,,,,,,,,,,,,,,,,,,,,,,,,,,,,2013-10-24 10:41:28,,,,,,,,,,G,,3,,,HDLX0H06,PD,HD,1500,,4,,,,,O,2013-10-18,,,,,,0,,
13781,02,002261877,13781,002261877,,RTCS,ไพบูลย์ โพธิ์กิ่ง,1936-10-17,3620400843420,,,,1,,,,,,,,,,,,,,,,,,,,,,,,,,,,2014-01-02 18:38:12.998000,,,D,,E,,,,,,,H,,C,QGQX0A,,,2000,,,,,,,,2006-02-23,2014-01-03,,,,,0,,
13781,02,000991446,13781,000991446,,RTCS,สำเริง นารถศิลป์,1919-02-10,3100901797883,,,,1,,,,,,,,,,,,,,,,,,,,,,,,,,,,2016-03-02 15:47:28,,,D,,E,,,,,,,H,,C,H3P4P8,,,2000,,,,,,,,2007-01-05,2016-03-03,,,,,0,,
13781,,004808700,13781,004808700,,RTCS,สำราญ คิดบรรจง,1929-02-09,3369900145005,,,,2,,,,,,,,,,,,,,,,,,,,,,,,,,,,2015-01-16 18:03:14.998000,,,D,,E,,,,,,,H,,C,ES2DCC,,,2000,,,,,,,,2013-10-21,2015-01-19,,,,,0,,
13781,02,004546354,14534,540003114,,RTUC,มนตรี อุปมา,,3860200218929,,,,2,,,,,,,,,,,,,,,,,,,,,,,,,,,,2013-10-22 12:35:53.999000,,,,,,,,,2,G,,1,,,HECSQC0U,PD,HD,1500,,4,,,,,O,2011-05-23,,,,,,0,,
13781,,004808870,13781,004808870,,RTCS,อาวุธ ปั้นปรีชา,1953-01-05,3100602402844,,,,1,,,,,,,,,,,,,,,,,,,,,,,,,,,,2019-07-31 16:27:44,,,,,U,,,,,,,H,,C,L9BAX8,,,2000,,,,,,,,2013-10-22,2099-12-31,,,,,0,,
13781,02,003912511,13781,003912511,,RTCS,เฟื่อง นามเสน,1925-06-27,3800600655161,,,,1,,,,,,,,,,,,,,,,,,,,,,,,,,,,2014-09-17 17:40:34,,,D,,E,,,,,,,H,,C,GE9WBU,,,2000,,,,,,,,2009-04-02,2014-09-18,,,,,0,,
13781,02,004791440,13781,004791440,,RTCS,วันนี เลียบคง,1945-01-01,3760500588226,,,,2,,,,,,,,,,,,,,,,,,,,,,,,,,,,2018-10-31 09:57:38.998000,,,D,,E,,,,,,,H,,C,DQUPK9,,,2000,,,,,,,,2013-10-03,2018-10-18,,,,,0,,
13781,,002322038,13781,002322038,,RTCS,บุญประเกียรติ ระวีรัตน์,1937-09-24,3100200014661,,,,2,,,,,,,,,,,,,,,,,,,,,,,,,,,,2015-04-02 16:22:13.998000,,,D,,E,,,,,,,H,,C,G8IY46,,,2000,,,,,,,,2007-01-16,2015-04-03,,,,,0,,
13781,02,003437036,13781,003437036,,RTCS,นัยนา แมนธนานนท์,1957-12-06,3101401761511,,,,2,,,,,,,,,,,,,,,,,,,,,,,,,,,,2015-06-02 16:27:01,,,D,,E,,,,,,,H,,C,JPFARU,,,2000,,,,,,,,2013-07-05,2015-06-03,,,,,0,,
13781,02,003025104,13781,003025104,,RTSS,นัยนา ลาภรวย,1977-07-26,3190900119784,,,,2,,,,,,,,,,,,,,,,,,,,,,,,,,,,2026-03-31 09:59:59.998000,,,,,,,,,,G,,,,,SSJRIXPT,HD,HD,1500,,2,,,,,,2013-08-26,,,,,,0,,
13781,02,004604850,13781,004604850,,RTCS,วิโรจน์ จันทนราช,1943-12-04,3670600361887,,,,1,,,,,,,,,,,,,,,,,,,,,,,,,,,,2015-09-17 16:48:46,,,D,,E,,,,,,,H,,C,EU5F5E,,,2000,,,,,,,,2012-07-02,2015-09-18,,,,,0,,
13781,02,004162696,13781,004162696,,RTCS,วิมลรัตน์ เอื้อพิชญานนท์,1942-01-05,3809900592732,,,,2,,,,,,,,,,,,,,,,,,,,,,,,,,,,2014-06-17 17:28:01.999000,,,D,,E,,,,,,,H,,C,H5KP97,,,2000,,,,,,,,2007-12-06,2014-06-18,,,,,0,,
13781,02,004666179,23912,061,,RTUC,สมคิด รอดพ้น,,3210500134157,,,,2,,,,,,,,,,,,,,,,,,,,,,,,,,,,2013-11-04 10:39:28,,,,,,,,,,G,,3,,,HDGJIMN8,PD,HD,1500,,4,,,,,O,2013-11-02,,,,,,0,,
13781,02,004587477,14452,035,,RTUC,สิทธิพร ทองเมือง,1985-08-28,1869900023740,,,,1,,,,,,,,,,,,,,,,,,,,,,,,,,,,2013-11-04 14:00:30,,,,,,,,,,G,,3,,,HDLEP8YU,HD,HD,1500,,2,,,,,O,2013-10-28,,,,,,0,,
13781,02,003950238,13781,003950238,,RTCS,กิตติศักดิ์ อารมณ์สิต,1951-01-19,3460600137750,,,,1,,,,,,,,,,,,,,,,,,,,,,,,,,,,2019-07-31 16:27:45,,,,,U,,,,,,,H,,C,BF5D3V,,,2000,,,,,,,,2008-10-12,2099-12-31,,,,,0,,
13781,02,004425137,11783,731/56,,RTUC,ทวี อยู่จุ้ย,,3120101068151,,,,2,,,,,,,,,,,,,,,,,,,,,,,,,,,,2013-11-05 14:07:32,,,,,,,,,,G,,3,,,HDL6PUFE,HD,HD,1500,,2,,,,,R,2013-11-05,,,,,,0,,
13781,02,004610854,13781,004610854,,RTCS,นวล กิติศรีวรพันธุ์,1930-10-15,3100900838055,,,,1,,,,,,,,,,,,,,,,,,,,,,,,,,,,2014-01-02 18:38:12.998000,,,D,,E,,,,,,,H,,C,JQSKJN,,,2000,,,,,,,,2012-03-29,2014-01-03,,,,,0,,
13781,02,002628388,13781,002628388,,"RTSS,RTSS",ชัชชัย ไสยาวงศ์,1942-07-08,5740200004616,,,,1,,,,,,,,,,,,,,,,,,,,,,,,,,,,2020-09-03 13:50:01.998000,,,D,,E,,,,,G,,,,,SSGKAZ9N,HD,HD,1500,,2,,,,,,2012-10-15,2020-07-22,,,,,0,,
13781,02,002133183,13781,002133183,,RTCS,เกษม เกียรติบุญศรี,1936-07-01,3100400093956,,,,1,,,,,,,,,,,,,,,,,,,,,,,,,,,,2019-02-07 11:41:35.998000,,,D,,E,,,,,,,H,,C,K9U6AF,,,2000,,,,,,,,2007-05-11,2019-02-03,,,,,0,,
13781,02,004585134,13781,004585134,,RTCS,มาลี ทองมณีรัตน์,1957-02-15,3639800139558,,,,2,,,,,,,,,,,,,,,,,,,,,,,,,,,,2014-01-17 17:48:02.998000,,,O,,E,,,,,,,H,,C,DTUM8S,,,2000,,,,,,,,2011-12-29,2014-01-20,,,,,0,,
13781,02,004745584,13781,004745584,,RTCS,ประพันธ์ ตั้นพัฒนกิจ,1958-11-29,3920400282328,,,,1,,,,,,,,,,,,,,,,,,,,,,,,,,,,2019-07-31 16:27:45,,,,,U,,,,,,,H,,C,ESNFBT,,,2000,,,,,,,,2013-05-01,2099-12-31,,,,,0,,
13781,02,004048287,13781,004048287,,RTCS,แสงทอง ศรีจันทร์,1979-03-12,3630100122140,,,,2,,,,,,,,,,,,,,,,,,,,,,,,,,,,2019-07-31 16:27:45,,,,,U,,,,,,,H,,C,JQZ3FS,,,2000,,,,,,,,2007-07-02,2099-12-31,,,,,0,,
13781,,004747076,13781,004747076,,RTCS,นพดล เกิดเจริญ,1965-12-15,3730600269173,,,,1,,,,,,,,,,,,,,,,,,,,,,,,,,,,2019-07-31 16:27:45,,,,,U,,,,,,,H,,C,LJF6RU,,,2000,,,,,,,,2013-05-01,2099-12-31,,,,,0,,
13781,02,004744538,11891,56-00630,,RTUC,สุรพล ภาควิวรรธ,,3309900742674,,,,1,,,,,,,,,,,,,,,,,,,,,,,,,,,,2017-07-18 15:10:16.998000,,,C,,E,,,,,G,,3,,,HDCPGSSS,HD,HD,1500,,2,,,,,O,2013-11-11,2017-07-18,,,,,0,,
13781,02,004605382,13781,004605382,,RTCS,สุรินทร์ เพชรศิริ,1955-02-18,3920100879159,,,,1,,,,,,,,,,,,,,,,,,,,,,,,,,,,2023-09-04 14:23:54.998000,,,D,,E,,,,,,,H,,C,AGECXF,,,2000,,,,,,,,2012-03-12,2023-09-03,,,,,0,,
13781,02,003270236,13781,003270236,,RTSS,ดิเรก ตันตริยานนท์,1925-06-14,3100502646008,,,,1,,,,,,,,,,,,,,,,,,,,,,,,,,,,2014-02-20 13:12:54,,,D,,E,,,,,G,,,,,SSBDWE77,HD,HD,1500,,2,,,,,,2012-10-15,2014-01-29,,,,,0,,
13781,02,004126095,13781,004126095,,RTCS,ขันทอง มากแก้ว,1942-01-01,3150600308166,,,,2,,,,,,,,,,,,,,,,,,,,,,,,,,,,2020-08-04 09:49:59.999000,,,O,,E,,,,,,,H,,C,MBCLSD,,,2000,,,,,,,,2008-05-06,2020-02-18,,,,,0,,
13781,02,002783906,13781,002783906,,RTCS,เล็ก เลิศประสิทธิชัย,1933-07-01,3100700221241,,,,1,,,,,,,,,,,,,,,,,,,,,,,,,,,,2020-10-21 08:50:30.998000,,,D,,E,,,,,,,H,,C,HKRKGX,,,2000,,,,,,,,2008-11-04,2020-10-18,,,,,0,,
13781,02,003861709,13781,003861709,,RTCS,ทองใบ กงนอก,1942-01-01,3120600431995,,,,2,,,,,,,,,,,,,,,,,,,,,,,,,,,,2020-05-28 14:01:14,,,O,,E,,,,,,,H,,C,LNTC2C,,,2000,,,,,,,,2008-05-26,2020-05-18,,,,,0,,
13781,02,004674046,28774,56/55,,RTUC,สุปราณี นนตะ,,3102201321161,,,,2,,,,,,,,,,,,,,,,,,,,,,,,,,,,2017-04-10 13:31:15.998000,,,,,U,,,,,G,,3,,,HDG4BPHR,HD,HD,1500,,2,,,,,O,2013-11-15,,,,,,0,,
13781,02,004690310,13781,004690310,,RTCS,ไพศาล อินทวงศ์,1946-10-01,3100603272154,,,,1,,,,,,,,,,,,,,,,,,,,,,,,,,,,2014-06-17 17:28:01.999000,,,D,,E,,,,,,,H,,C,E7E42L,,,2000,,,,,,,,2012-11-21,2014-06-18,,,,,0,,
13781,,004578118,13781,004578118,,RTCS,อุทิพย์ จันทรสาขา,1950-07-20,3430400026474,,,,2,,,,,,,,,,,,,,,,,,,,,,,,,,,,2024-08-20 14:14:38.998000,,,D,,E,,,,,,,H,,C,FQE3XT,,,2000,,,,,,,,2011-12-08,2024-08-19,,,,,0,,
13781,02,004648430,11835,51/1178,,RTUC,จุติพร บุตรโสม,1990-09-16,1102001406018,,,,2,,,,,,,,,,,,,,,,,,,,,,,,,,,,2013-11-22 17:00:47.998000,,,,,,,,,,G,,3,,,HDHK8BEM,HD,HD,1500,,7,,,,,O,2013-11-22,,,,,,0,,
13781,02,004045502,13781,004045502,,RTCS,สุดเสน่ห์ สายทอง,1958-11-12,3470400051363,,,,1,,,,,,,,,,,,,,,,,,,,,,,,,,,,2015-10-16 17:31:04.998000,,,O,,E,,,,,,,H,,C,I3LCUD,,,2000,,,,,,,,2006-12-07,2015-10-19,,,,,0,,
13781,02,003448321,13781,003448321,,RTSS,ดอกไม้ เชียงกา,1947-01-01,3730200371973,,,,2,,,,,,,,,,,,,,,,,,,,,,,,,,,,2015-11-19 08:34:54,,,D,,E,,,,,G,,,,,SSIT8GW5,HD,HD,1500,,2,,,,,,2012-10-15,2015-10-21,,,,,0,,
13781,02,004822321,22523,49/00153,,RTUC,กมล สุขอินทร์,1976-11-08,3100503541986,,,,1,,,,,,,,,,,,,,,,,,,,,,,,,,,,2013-12-04 09:32:39.999000,,,,,U,,,,2,G,,1,,,HEE8CRST,HD,HD,1500,,7,,,,,O,2009-06-29,,,,,,0,,
13781,02,003581237,13781,003581237,,RTCS,เพ็ญรุ่ง กิตติไชย,1960-03-15,3100700069261,,,,2,,,,,,,,,,,,,,,,,,,,,,,,,,,,2014-01-06 10:21:10,,,,,V,,,,,,,H,,C,A25Y1O,,,2000,,,,,,,,2006-10-16,2016-10-16,,,,,0,,
13781,02,002029803,13781,002029803,,RTCS,พูนสุข จันดี,1952-02-12,3102401321636,,,,2,,,,,,,,,,,,,,,,,,,,,,,,,,,,2022-05-05 09:27:23,,,D,,E,,,,,,,H,,C,KPRYP8,,,2000,,,,,,,,2008-03-28,2022-05-03,,,,,0,,
13781,02,004662347,13781,004662347,,"RTSS,RTSS",วสันต์ เม็งจันทึก,1969-07-16,3302100901470,,,,1,,,,,,,,,,,,,,,,,,,,,,,,,,,,2016-05-03 17:03:23.998000,,,D,,E,,,,,G,,,,,SSDRIHY9,HD,HD,1500,,2,,,,,,2012-10-15,2016-04-13,,,,,0,,
13781,,001120095,13781,001120095,,"RTSS,RTSS",วรธัช สิทธิมงคล,,3100502221341,,,,1,,,,,,,,,,,,,,,,,,,,,,,,,,,,2022-10-22 11:29:25,,,,,,,,,,,,,,,SSGTSVOV,HD,HD,1500,,2,,,,,,2012-09-05,,,,,,0,,
13781,02,003116965,13781,003116965,,"RTSS,RTSS",อรวรรณ ชัยชนะศรีโสภณ,1960-12-05,3100202257545,,,,2,,,,,,,,,,,,,,,,,,,,,,,,,,,,2015-01-07 15:53:31.998000,,,D,,E,,,,,G,,,,,SSDE0WR0,HD,HD,1500,,1,,,,,,2012-10-15,2014-12-17,,,,,0,,
13781,02,004645239,13781,004645239,,RTSS,แหม่ม มีแจ้ง,,3141100065923,,,,2,,,,,,,,,,,,,,,,,,,,,,,,,,,,2013-12-12 07:27:56.999000,,,,,,,,,,G,,,,,SSIKBHQC,HD,HD,1500,,2,,,,,,2012-10-15,,,,,,0,,
13781,02,004661810,13781,004661810,,RTCS,นวรัตน์ สุภโศภิษฐ์,1961-06-21,3309901343293,,,,1,,,,,,,,,,,,,,,,,,,,,,,,,,,,2018-10-31 09:57:41,,,O,,E,,,,,,,H,,C,B977B7,,,2000,,,,,,,,2012-10-03,2018-10-03,,,,,0,,
13781,02,003827370,10683,0021462,,RTUC,หนูเอี่ยน ยังช่วย,,3920100138001,,,,2,,,,,,,,,,,,,,,,,,,,,,,,,,,,2017-04-10 13:31:15.998000,,,,,U,,,,,G,,3,,,HDCQQVZF,HD,HD,1500,,7,,,,,O,2013-12-13,,,,,,0,,
13781,,004502011,13781,004502011,,RTCS,สุรพล อิสรานุกูลเดช,1957-03-24,3259800023715,,,,1,,,,,,,,,,,,,,,,,,,,,,,,,,,,2019-07-31 16:27:45,,,,,U,,,,,,,H,,C,KSEXV5,,,2000,,,,,,,,2011-02-07,2099-12-31,,,,,0,,
13781,02,004300398,13781,004300398,,RTCS,นาตยา เชิดชูไชย,1957-04-25,3100201693643,,,,2,,,,,,,,,,,,,,,,,,,,,,,,,,,,2017-12-03 13:20:57,,,C,,E,,,,,,,H,,C,H369CD,,,2000,,,,,,,,2013-11-22,2017-12-04,,,,,0,,
13781,02,004554506,13781,004554506,,RTCS,ธนวรรณ ภาคครู,1945-10-27,3100100494955,,,,2,,,,,,,,,,,,,,,,,,,,,,,,,,,,2024-09-03 14:18:51.998000,,,D,,E,,,,,,,H,,C,DYE89P,,,2000,,,,,,,,2011-08-31,2024-08-26,,,,,0,,
13781,02,003699196,13781,003699196,,RTCS,ปวีณ์ณัส ศิริจารุวงศ์,1957-10-22,3102001661375,,,,2,,,,,,,,,,,,,,,,,,,,,,,,,,,,2021-01-06 08:46:15,,,D,,E,,,,,,,H,,C,H8S54N,,,2000,,,,,,,,2011-07-26,2021-01-03,,,,,0,,
13781,02,004730054,11835,5232170,,RTUC,พร คงสินชัย,,3141400209564,,,,1,,,,,,,,,,,,,,,,,,,,,,,,,,,,2020-09-08 14:25:15,,,C,,E,,,,,G,,3,,,HDJYG546,PD,HD,1500,,4,,,,,O,2013-12-20,2020-09-03,,,,,0,,
13781,,003945086,13781,003945086,,RTCS,มาลัย เอื้อวัฒนา,1936-05-10,3341601153424,,,,2,,,,,,,,,,,,,,,,,,,,,,,,,,,,2014-06-17 17:28:01.999000,,,D,,E,,,,,,,H,,C,B92ZRL,,,2000,,,,,,,,2012-09-25,2014-06-18,,,,,0,,
13781,02,004419261,13781,004419261,,RTCL,สุรางค์ เวชรักษ์,1947-01-01,3100600321006,,,,2,,,,,,,,,,,,,,,,,,,,,,,,,,,,2022-03-21 10:14:40.998000,,,D,,E,,,,,,,H,,,Q8H8PW,,,2000,,,,,,,,2011-01-06,2022-03-18,,,,,0,,
13781,02,002825420,13781,002825420,,"RTSS,RTSS",สมจิต วงศ์เสถียร,1964-03-07,3349800136560,,,,2,,,,,,,,,,,,,,,,,,,,,,,,,,,,2018-10-03 09:26:55,,,D,,E,,,,,G,,,,,SSGPCXIG,HD,HD,1500,,2,,,,,,2012-10-15,2018-09-17,,,,,0,,
13781,02,004775154,13781,004775154,,RTCS,พนัส สกุลพงษ์,1952-06-06,3150600306473,,,,1,,,,,,,,,,,,,,,,,,,,,,,,,,,,2014-04-17 17:17:00.998000,,,D,,E,,,,,,,H,,C,MEVKEB,,,2000,,,,,,,,2013-07-29,2014-04-18,,,,,0,,
13781,,004068785,13781,004068785,,RTCS,วิเชียร เข็มทอง,1941-02-12,3100900941484,,,,1,,,,,,,,,,,,,,,,,,,,,,,,,,,,2015-12-02 15:18:25.998000,,,D,,E,,,,,,,H,,C,CA52QW,,,2000,,,,,,,,2007-02-07,2015-12-03,,,,,0,,
13781,02,003886590,13781,003886590,,RTCS,จำนงค์ จตุรภัทร,1938-10-18,3250300144353,,,,1,,,,,,,,,,,,,,,,,,,,,,,,,,,,2018-10-31 09:57:43,,,D,,E,,,,,,,H,,C,BX57WH,,,2000,,,,,,,,2008-01-21,2018-10-18,,,,,0,,
13781,02,003854743,13781,003854743,,RTCS,สุวิทย์ ลงสุวรรณ,1948-04-16,5100999045539,,,,1,,,,,,,,,,,,,,,,,,,,,,,,,,,,2025-09-19 09:32:10.998000,,,D,,E,,,,,,,H,,C,MNZN43,,,2000,,,,,,,,2013-03-01,2025-09-15,,,,,0,,
13781,,002605343,13781,002605343,,RTCS,สรรเสริญ วัฒนศริ,1947-01-02,3740200099882,,,,1,,,,,,,,,,,,,,,,,,,,,,,,,,,,2017-03-02 18:19:54,,,C,,E,,,,,,,H,,C,B48YZI,,,2000,,,,,,,,2006-12-14,2017-03-03,,,,,0,,
13781,02,004306449,13781,004306449,,RTCS,ยุพิน จันทร์แจ่มใส,1953-04-15,3100501139927,,,,2,,,,,,,,,,,,,,,,,,,,,,,,,,,,2022-04-19 09:56:00,,,D,,E,,,,,,,H,,C,AVQDBN,,,2000,,,,,,,,2009-03-09,2022-04-18,,,,,0,,
13781,02,002335402,13781,002335402,,RTCS,ชูแสง สุขพิบูลย์,1932-07-26,3100503071041,,,,2,,,,,,,,,,,,,,,,,,,,,,,,,,,,2020-04-25 12:20:55.998000,,,D,,E,,,,,,,H,,C,CQ7MHV,,,2000,,,,,,,,2012-02-07,2020-04-18,,,,,0,,
13781,02,004295024,13781,004295024,,RTCS,นิพนธ์ สุดสังเกต,1936-04-28,3101501459973,,,,1,,,,,,,,,,,,,,,,,,,,,,,,,,,,2014-10-17 19:16:00,,,D,,E,,,,,,,H,,C,GGNQRT,,,2000,,,,,,,,2009-02-10,2014-10-20,,,,,0,,
13781,,003934092,13781,003934092,,RTCS,วงษ์ ทองดี,1940-05-18,3100503926187,,,,2,,,,,,,,,,,,,,,,,,,,,,,,,,,,2014-09-17 17:40:34,,,D,,E,,,,,,,H,,C,M28HZX,,,2000,,,,,,,,2007-03-14,2014-09-18,,,,,0,,
13781,,004104543,13781,004104543,,RTCS,วรนุช เผือกคล้าย,1959-05-09,3100502610941,,,,1,,,,,,,,,,,,,,,,,,,,,,,,,,,,2019-10-11 10:13:19.998000,,,O,,E,,,,,,,,,,ASUSVK,,,2000,,,,,,,,2007-06-08,2019-10-03,,,,,0,,
13781,,003646952,13781,003646952,,RTCS,อรรถ บุญนิธี,1929-02-19,3100500163425,,,,1,,,,,,,,,,,,,,,,,,,,,,,,,,,,2014-04-02 16:34:09,,,D,,E,,,,,,,,,,W6YXWB,,,2000,,,,,,,,2006-03-16,2014-04-03,,,,,0,,
13781,02,003833191,13781,003833191,,RTCS,สมชาย สาลีผลิน,1954-03-25,3420100203435,,,,1,,,,,,,,,,,,,,,,,,,,,,,,,,,,2015-12-02 15:18:25.998000,,,D,,E,,,,1,,,H,,C,กห 0482.,,,2000,,,,,,,,2006-09-14,2015-12-03,,,,,0,,
13781,02,002455112,NHSO1,201374571,,RTUC,แฉล้ม กลัดแก้ว,,3120101701016,,,,2,,,,,,,,,,,,,,,,,,,,,,,,,,,,2014-01-14 08:41:57.998000,,,,,,,,,,G,,H,,,UCJJEAXG,PD,HD,1500,,8,,,,,O,2013-07-04,,,,,,0,,
13781,02,004831983,13781,004831983,,RTSS,มนตรี กุลกตัญญู,1949-10-20,3100800797616,,,,1,,,,,,,,,,,,,,,,,,,,,,,,,,,,2017-08-17 14:31:58.999000,,,C,,E,,,,,G,,,,,SSAAQUF7,HD,HD,1500,,1,,,,,,2012-10-15,2017-06-18,,,,,0,,
13781,02,004191956,13781,004191956,,RTCS,เฉลิม เลาหะวัฒน์,1930-07-01,3860100436371,,,,2,,,,,,,,,,,,,,,,,,,,,,,,,,,,2016-08-17 12:30:37,,,,,U,,,,,,,H,,C,ATX5U2,,,2000,,,,,,,,2009-09-10,2018-09-10,,,,,0,,
13781,02,002637708,13781,002637708,,RTSS,สายหยุด ก้อนจำปา,1973-08-03,3630500021448,,,,1,,,,,,,,,,,,,,,,,,,,,,,,,,,,2021-01-04 10:49:29,,,,,,,,,,G,,,,,SSKAFAI8,HD,HD,1500,,2,,,,,,2012-10-15,,,,,,0,,
13781,02,004832939,13756,54024833,,"RTCS,",กิตติพงษ์ พาณิชยูปการนันท์,1942-05-16,3240400346217,,,,1,,,,,,,,,,,,,,,,,,,,,,,,,,,,2014-01-24 15:30:26.999000,,,,,,,,,2,G,1,3,,C,HDGB1IM1,,,2000,,,,,,,,2011-03-24,2014-03-24,,,,,0,,
13781,02,004026278,11879,490010693,,RTUC,สมจิตร รอดเจริญ,,3240200445211,,,,2,,,,,,,,,,,,,,,,,,,,,,,,,,,,2017-04-10 13:31:16.999000,,,,,U,,,,,G,,3,,,HDMLTUXK,HD,HD,1500,,7,,,,,O,2014-01-25,,,,,,0,,
13781,02,004449570,23885,03004423,,RTUC,เตี่ยว อรัญรัตน์,1933-01-01,3100903669998,,,,2,,,,,,,,,,,,,,,,,,,,,,,,,,,,2014-06-18 11:16:19,,,D,,E,,,,,G,,3,,,HDJNVDWM,HD,HD,1500,,7,,,,,R,2014-01-25,2014-04-11,,,,,0,,
13781,02,004321062,23870,53-47,,RTUC,ทองยุ่น สิทธิศักดิ์,,3450500217051,,,,2,,,,,,,,,,,,,,,,,,,,,,,,,,,,2014-01-28 10:39:13,,,,,,,,,,G,,3,,,HDMOCJAG,HD,HD,1500,,2,,,,,O,2014-01-27,,,,,,0,,
13781,02,003892236,13781,003892236,,RTCS,วิเชียร บุญสม,1969-08-17,3401800046961,,,,1,,,,,,,,,,,,,,,,,,,,,,,,,,,,2019-07-31 16:27:46,,,,,U,,,,,,,H,,C,DMZ8Q8,,,2000,,,,,,,,2010-09-15,2099-12-31,,,,,0,,
13781,02,003786935,13781,003786935,,"RTSS,RTSS",ดวงฤทัย มณีวงศ์,,3101800791473,,,,2,,,,,,,,,,,,,,,,,,,,,,,,,,,,2023-04-01 09:23:53.998000,,,,,,,,,,G,,,,,SSFSN99W,HD,HD,1500,,2,,,,,,2012-10-15,,,,,,0,,
13781,,003934759,13781,003934759,,RTSS,พรปวีณ์ อุดมกูล,,3102001816948,,,,2,,,,,,,,,,,,,,,,,,,,,,,,,,,,2014-02-03 11:39:16.999000,,,,,,,,,,,,,,,SSMFOPVS,HD,HD,1500,,2,,,,,,2012-10-15,,,,,,0,,
13781,02,000791067,13781,000791067,,RTCS,บังอร วิมลกิตติวัฒน์,1930-07-01,3759900080465,,,,2,,,,,,,,,,,,,,,,,,,,,,,,,,,,2018-02-02 19:16:55.998000,,,D,,E,,,,,,,H,,C,LNEPU7,,,2000,,,,,,,,2008-04-25,2018-02-03,,,,,0,,
13781,02,002938120,13781,002938120,,RTCS,ปราณี วิสิทธิสมบูรณ์,1937-01-01,3101500701240,,,,2,,,,,,,,,,,,,,,,,,,,,,,,,,,,2015-05-05 15:11:28,,,D,,E,,,,,,,H,,C,G3YWU9,,,2000,,,,,,,,2007-10-18,2015-05-06,,,,,0,,
13781,02,003947533,13781,003947533,,RTCS,สมควร นาคเอี่ยม,1939-07-01,3620101229088,,,,2,,,,,,,,,,,,,,,,,,,,,,,,,,,,2014-06-17 17:28:01.999000,,,D,,E,,,,,,,H,,C,M242YT,,,2000,,,,,,,,2006-10-30,2014-06-18,,,,,0,,
13781,02,002701142,13781,002701142,,RTCS,สุนันท์ ที่ชอบ,1958-05-04,3140100285302,,,,2,,,,,,,,,,,,,,,,,,,,,,,,,,,,2019-07-31 16:27:46.998000,,,,,U,,,,1,G,2,H,,C,พว0005.1,,,2000,,,,,,,,2006-08-15,2099-12-31,,,,,0,,
13781,02,004527375,13781,004527375,,RTCL,สมาน หลงเจริญ,1934-10-23,3101702492285,,,,1,,,,,,,,,,,,,,,,,,,,,,,,,,,,2019-07-31 15:59:28.998000,,,D,,E,,,,,,,H,,,QS7MXR,,,2000,,,,,,,,2011-05-18,2018-07-03,,,,,0,,
13781,02,003672738,13781,003672738,,RTCS,บุญ บุญเรือง,1942-01-01,3830100180334,,,,1,,,,,,,,,,,,,,,,,,,,,,,,,,,,2025-07-04 10:40:36,,,D,,E,,,,1,,,H,,C,,,,2000,,,,,,,,2004-07-26,2025-06-30,,,,,0,,
13781,02,004607725,13781,004607725,,RTSS,ชัชวัสส์ วิจิตรเพิ่มพร,1978-07-11,3130700175001,,,,1,,,,,,,,,,,,,,,,,,,,,,,,,,,,2026-03-31 10:00:02,,,D,,E,,,,,G,,,,,SSCRBMTM,HD,HD,1500,,2,,,,,,2012-10-15,2022-12-02,,,,,0,,
13781,,002108059,10686,5312659,,RTUC,เชาว์ พัดโบก,,3120100107439,,,,1,,,,,,,,,,,,,,,,,,,,,,,,,,,,2014-02-12 10:17:17.998000,,,,,X,,,,,,,3,,,HDB9BYYA,HD,HD,1500,,2,,,,,O,2014-02-08,2014-02-18,,,,,0,,
13781,02,004693053,10686,5312659,,RTUC,เชาว์ พัดโบก,,3120100107439,,,,1,,,,,,,,,,,,,,,,,,,,,,,,,,,,2014-09-02 15:50:18.998000,,,D,,E,,,,,,,H,,,HDB9BYYA,HD,HD,1500,,2,,,,,O,2014-02-08,2014-06-12,,,,,0,,
13781,02,004623888,11835,5518545,,RTUC,บุญนาค จำปาเงิน,,3670600094021,,,,2,,,,,,,,,,,,,,,,,,,,,,,,,,,,2014-09-02 15:50:23,,,D,,E,,,,,G,,3,,,HDADUHLL,PD,HD,1500,,2,,,,,R,2014-02-13,2014-05-11,,,,,0,,
13781,02,004084159,13781,004084159,,"RTCS,",ฉอ้อน ทองลาด,1934-04-26,3360400745382,,,,1,,,,,,,,,,,,,,,,,,,,,,,,,,,,2021-10-07 10:09:40,,,D,,E,,,,,,,H,,C,LJRBUR,,,2000,,,,,,,,2007-03-26,2021-09-18,,,,,0,,
13781,02,003017072,13781,003017072,,RTCS,หยิว ธรรมรัตนะศิริ,1932-07-01,3220100407377,,,,2,,,,,,,,,,,,,,,,,,,,,,,,,,,,2014-10-17 19:16:00,,,D,,E,,,,,,,H,,C,ANCR1M,,,2000,,,,,,,,2007-02-06,2014-10-20,,,,,0,,
13781,02,001893445,13781,001893445,,RTCS,ศรีนวล ศิริเรือง,1917-01-01,3331000451285,,,,2,,,,,,,,,,,,,,,,,,,,,,,,,,,,2016-03-17 17:42:38,,,D,,E,,,,,,,H,,C,H98RRH,,,2000,,,,,,,,2014-01-08,2016-03-18,,,,,0,,
13781,02,004839080,11484,27835/54,,"RTCS,",จำลอง  ประมายะ,1942-10-19,3670500295238,,,,1,,,,,,,,,,,,,,,,,,,,,,,,,,,,2014-02-21 09:22:02.999000,,,,,,,,,2,G,2,2,,C,HRH3D0WL,,,2000,,,,,,,,2011-10-21,2014-10-21,,,,,0,,
13781,02,004416314,11615,5652,,RTUC,จิราภรณ์ เจริญศรีธงชัย,,3100902388928,,,,2,,,,,,,,,,,,,,,,,,,,,,,,,,,,2019-02-20 15:35:58,,,D,,E,,,,,G,,2,,,HRKR2URY,HD,HD,1500,,2,,,,,R,2014-02-17,2019-02-10,,,,,0,,
13781,02,004687875,13781,004687875,,RTSS,จงกล จองจตุพร,,3119900086655,,,,2,,,,,,,,,,,,,,,,,,,,,,,,,,,,2014-02-24 08:22:54,,,,,,,,,,G,,,,,SSJO8DV5,HD,HD,1500,,2,,,,,,2012-10-15,,,,,,0,,
13781,02,004493067,13781,004493067,,RTCS,วิชัย เวชวิธี,1936-10-21,3500100477437,,,,2,,,,,,,,,,,,,,,,,,,,,,,,,,,,2014-06-17 17:28:01.999000,,,D,,E,,,,,,,H,,C,H2ZGR8,,,2000,,,,,,,,2011-01-04,2014-06-18,,,,,0,,
13781,02,004181120,13781,004181120,,RTCS,ซิ่วยิ้น แซ่ฮู้,1933-07-01,3100201100219,,,,2,,,,,,,,,,,,,,,,,,,,,,,,,,,,2019-07-31 16:27:46.998000,,,,,U,,,,,,,H,,C,AEBSXE,,,2000,,,,,,,,2008-06-11,2099-12-31,,,,,0,,
13781,02,002192252,13781,002192252,,RTCS,ณรงค์ รักชะนะงาม,1959-03-22,3600900543387,,,,1,,,,,,,,,,,,,,,,,,,,,,,,,,,,2023-02-13 13:11:34.998000,,,D,,E,,,,1,,,H,,C,ศธ04174.,,,2000,,,,,,,,2005-12-19,2023-02-03,,,,,0,,
13781,,003903908,13781,003903908,,RTCL,สุรินทร์ สุขอร่าม,1938-01-01,3101900310485,,,,1,,,,,,,,,,,,,,,,,,,,,,,,,,,,2023-05-08 08:16:27,,,,,E,,,,,,,H,,,Q5FZRY,,,2000,,,,,,,,2008-08-23,2022-09-30,,,,,0,,
13781,02,002445262,11552,6244-53,,RTUC,สมหมาย น้ำทิพย์สีทอง,2507-06-24,3120100927380,,,,2,,,,,,,,,,,,,,,,,,,,,,,,,,,,2018-06-18 14:53:06.998000,,,D,,E,,,,,G,,3,,,HDB24MN6,HD,HD,1500,,7,,,,,O,2014-03-08,2018-06-03,,,,,0,,
13781,02,002409043,13781,002409043,,RTCS,ลัดดา กฤษณาสีนวล,1935-07-01,3100900006505,,,,2,,,,,,,,,,,,,,,,,,,,,,,,,,,,2015-03-17 16:46:41,,,D,,E,,,,,,,H,,C,GQ9ONX,,,2000,,,,,,,,2007-02-06,2015-03-18,,,,,0,,
13781,02,004118892,13781,004118892,,RTCS,ประภา สังฆรัตน์,1973-01-28,3140600137442,,,,2,,,,,,,,,,,,,,,,,,,,,,,,,,,,2015-07-02 15:34:04,,,O,,E,,,,,,,H,,C,L3ENR8,,,2000,,,,,,,,2008-09-25,2015-07-03,,,,,0,,
13781,02,003297165,11616,14-244,,RTUC,สุนันท์ อังคณาพาณิช,1949-12-22,3101203367370,,,,2,,,,,,,,,,,,,,,,,,,,,,,,,,,,2014-03-11 14:00:12.999000,,,,,,,,,,G,,3,,,HDF3GM32,HD,HD,1500,,7,,,,,R,2014-03-10,,,,,,0,,
13781,02,004305238,13781,004305238,,RTCS,โหงว แซ่เตียว,1940-01-01,3101500332597,,,,1,,,,,,,,,,,,,,,,,,,,,,,,,,,,2019-10-11 10:13:47,,,D,,E,,,,,,,H,,C,JVU5P3,,,2000,,,,,,,,2010-02-11,2019-10-03,,,,,0,,
13781,02,004460889,13781,004460889,,RTCS,กิตติศักดิ์ ปัทมบารมีนิธิยศ,1948-01-23,3102201178708,,,,1,,,,,,,,,,,,,,,,,,,,,,,,,,,,2015-06-17 16:26:11.998000,,,D,,E,,,,,,,H,,C,CEP3A9,,,2000,,,,,,,,2010-10-29,2015-06-18,,,,,0,,
13781,02,004521354,27972,219,,RTUC,สมควร เกตุทอง,,3210500391869,,,,1,,,,,,,,,,,,,,,,,,,,,,,,,,,,2014-03-20 20:39:38.999000,,,,,,,,,2,G,,1,,,HEH1NYLQ,PD,HD,1500,,4,,,,,O,2013-11-02,,,,,,0,,
13781,02,004440528,13781,004440528,,RTSS,สำราญ พัฒนวิบูลย์,1948-08-19,3100501002581,,,,2,,,,,,,,,,,,,,,,,,,,,,,,,,,,2015-01-07 15:53:31.998000,,,D,,E,,,,,G,,,,,SSEYCBE8,HD,HD,1500,,2,,,,,,2012-10-15,2014-11-25,,,,,0,,
13781,02,004801078,13781,004801078,,RTSS,ธรารัตน์ นนทะ,1971-02-10,3450900425645,,,,2,,,,,,,,,,,,,,,,,,,,,,,,,,,,2014-06-18 16:29:08,,,D,,E,,,,,G,,,,,SSGJ775D,HD,HD,1500,,2,,,,,,2013-09-02,2014-05-30,,,,,0,,
13781,02,004820719,12204,117923,,RTUC,ประนอม วรรณนิยม,,3860300021345,,,,2,,,,,,,,,,,,,,,,,,,,,,,,,,,,2017-11-02 11:52:03,,,C,,E,,,,,G,,3,,,HDE7RARG,PD,HD,1500,,2,,,,,R,2014-03-16,2017-10-28,,,,,0,,
13781,02,004347715,27972,403,,RTUC,เบญจพร อินทำ,1966-04-12,5550500105380,,,,2,,,,,,,,,,,,,,,,,,,,,,,,,,,,2014-03-21 17:00:54,,,,,,,,,,G,,3,,,HDJ4FM3D,HD,HD,1500,,7,,,,,O,2014-03-21,,,,,,0,,
13781,,004846596,13781,004846596,,RTCS,สมบุญ แซ่เอี้ยะ,1923-01-01,3101800625760,,,,2,,,,,,,,,,,,,,,,,,,,,,,,,,,,2016-02-17 17:24:08,,,D,,E,,,,,,,H,,C,HH9L7D,,,2000,,,,,,,,2014-03-19,2016-02-18,,,,,0,,
13781,02,004856426,13781,004856426,,RTCS,สมศรี ศรีเจริญวณิชย์,1937-07-22,3769900299726,,,,2,,,,,,,,,,,,,,,,,,,,,,,,,,,,2019-04-19 14:26:30.998000,,,D,,E,,,,1,G,1,H,,C,HPKHNT,,,2000,,,,,,,,2014-04-11,2019-04-18,,,,,0,,
13781,,003165672,13781,003165672,,RTCS,กนกวรรณ เพชรินทร์,1968-11-04,3339900021560,,,,2,,,,,,,,,,,,,,,,,,,,,,,,,,,,2020-03-20 16:39:50,,,O,,E,,,,1,,,H,,C,ตช0029.3,,,2000,,,,,,,O,2020-03-04,2020-03-18,,,,,0,,
13781,02,002229916,13781,002229916,,RTCS,สุรินทร์ คูศิวิไลส์,1930-01-01,3101400933106,,,,1,,,,,,,,,,,,,,,,,,,,,,,,,,,,2016-04-17 14:02:26.999000,,,D,,E,,,,,,,H,,C,FWVXU6,,,2000,,,,,,,,2013-08-27,2016-04-18,,,,,0,,
13781,02,004642278,13781,004642278,,RTSS,วีรวัฒน์ จารุพัฒนกุล,,3730101022385,,,,1,,,,,,,,,,,,,,,,,,,,,,,,,,,,2014-03-27 11:53:19.998000,,,,,,,,,,G,,,,,SSH9KOEB,HD,HD,1500,,1,,,,,,2012-10-15,,,,,,0,,
13781,02,003559625,13781,003559625,,RTCS,อัจฉรา เพิ่มอยู่เย็น,1953-02-01,3100501330431,,,,2,,,,,,,,,,,,,,,,,,,,,,,,,,,,2023-03-22 15:22:22.998000,,,D,,E,,,,,,,H,,C,AK5FMK,,,2000,,,,,,,,2008-12-27,2023-02-18,,,,,0,,
13781,02,002764502,13781,002764502,,RTCS,สมหวัง อนุชาตานนท์,1938-11-01,3100501317469,,,,1,,,,,,,,,,,,,,,,,,,,,,,,,,,,2025-10-21 13:08:13,,,D,,E,,,,,,,H,,C,V4T6NG,,,2000,,,,,,,,2006-05-17,2025-10-13,,,,,0,,
13781,,004839305,13781,004839305,,RTCS,เชษฐ์ ขวัญทอง,1958-12-05,3859900134912,,,,1,,,,,,,,,,,,,,,,,,,,,,,,,,,,2014-04-01 10:01:16,,,,,,,,,,,,H,,C,HB6Z77,,,2000,,,,,,,,2014-03-31,2016-03-31,,,,,0,,
13781,02,004415500,13781,004415500,,RTCS,จอม อิ่นธิ,1950-10-10,3550400295113,,,,1,,,,,,,,,,,,,,,,,,,,,,,,,,,,2015-09-17 16:48:46,,,D,,E,,,,,,,H,,C,JMF87P,,,2000,,,,,,,,2010-03-10,2015-09-18,,,,,0,,
13781,02,002325695,13781,002325695,,RTCS,เฉลียว โกยมวงษ์เจริญ,1968-10-11,3100500538038,,,,2,,,,,,,,,,,,,,,,,,,,,,,,,,,,2019-07-31 16:27:46.998000,,,,,U,,,,,,,H,,C,H589UX,,,2000,,,,,,,,2014-03-10,2099-12-31,,,,,0,,
13781,02,003610015,13781,003610015,,"RTSS,RTSS",สุพัส ขันทอง,,3560500328455,,,,1,,,,,,,,,,,,,,,,,,,,,,,,,,,,2024-08-29 12:50:31,,,,,,,,,,G,,,,,SSHTNGUH,KT,KT,1500,,2,,,,,,2012-10-15,,,,,,0,,
13781,02,004692835,13781,004692835,,RTCS,ชุมพล จันศร,1953-01-01,3600500777399,,,,1,,,,,,,,,,,,,,,,,,,,,,,,,,,,2019-09-19 15:41:17,,,D,,E,,,,,,,H,,C,AESUEK,,,2000,,,,,,,,2012-11-16,2019-09-18,,,,,0,,
13781,02,002321869,13781,002321869,,"RTSS,RTSS",ศิริวรรณ นิมิตตานนท์,1944-01-01,3102200742006,,,,2,,,,,,,,,,,,,,,,,,,,,,,,,,,,2023-04-24 14:40:57.998000,,,D,,E,,,,,G,,,,,SSCOTP14,HD,HD,1500,,2,,,,,,2012-10-15,2022-08-06,,,,,0,,
13781,02,004193367,13781,004193367,,"RTSS,RTSS",อัมพิกา ผังรักษ์,1963-09-13,3101501487772,,,,2,,,,,,,,,,,,,,,,,,,,,,,,,,,,2022-01-18 09:55:38.998000,,,,,,,,,,G,,,,,SSEPBGZ2,HD,HD,1500,,2,,,,,,2012-11-17,,,,,,0,,
13781,,004806325,13781,004806325,,RTCS,สุนัย วิลัยตรวจ,1959-10-04,3609900067281,,,,1,,,,,,,,,,,,,,,,,,,,,,,,,,,,2020-10-06 11:05:48,,,O,,E,,,,,,,H,,C,BLT47A,,,2000,,,,,,,,2013-10-16,2020-10-03,,,,,0,,
13781,02,004855719,13781,004855719,,RTCS,ภัทรนิษฐ์ สาริขิต,1995-02-23,1100501228028,,,,2,,,,,,,,,,,,,,,,,,,,,,,,,,,,2014-04-21 10:39:55.998000,,,,,V,,,,,,,H,,C,HYKX44,,,2000,,,,,,,,2014-03-28,2016-03-28,,,,,0,,
13781,02,004659336,13781,004659336,,RTCS,ธนกร สังข์เศรษฐ์,1971-08-09,3939900046591,,,,1,,,,,,,,,,,,,,,,,,,,,,,,,,,,2019-07-04 09:33:53.998000,,,O,,E,,,,,,,H,,C,LG52JW,,,2000,,,,,,,,2013-03-01,2019-07-03,,,,,0,,
13781,02,004571664,13781,004571664,,"RTSS,RTSS",สาธิต นพโสภณ,,3240600257684,,,,1,,,,,,,,,,,,,,,,,,,,,,,,,,,,2020-07-11 08:00:24.998000,,,,,,,,,,G,,,,,SSE37N2J,HD,HD,1500,,2,,,,,,2012-10-15,,,,,,0,,
13781,02,002820410,13781,002820410,,RTCS,อารีย์ วรรณแจ่ม,1933-11-13,3101400897444,,,,2,,,,,,,,,,,,,,,,,,,,,,,,,,,,2021-02-03 13:43:18,,,D,,E,,,,,,,H,,C,I10584,,,2000,,,,,,,,2007-02-23,2021-02-03,,,,,0,,
13781,02,002156033,13781,002156033,,RTCS,พินัย มุสิกูล,1938-06-29,3100900156957,,,,1,,,,,,,,,,,,,,,,,,,,,,,,,,,,2021-02-03 13:43:14.998000,,,D,,E,,,,1,,,H,,C,,,,2000,,,,,,,,2004-09-08,2021-02-03,,,,,0,,
13781,,001788023,13781,001788023,,RTCS,ปัญญา สมญาณ,1961-08-22,3190100548869,,,,1,,,,,,,,,,,,,,,,,,,,,,,,,,,,2019-07-31 16:27:47.998000,,,,,U,,,,,,,,,,I43SYH,,,2000,,,,,,,,2006-11-24,2099-12-31,,,,,0,,
13781,02,003566193,13781,003566193,,RTCS,เสรี มีบุศย์,1971-03-20,3160101735468,,,,1,,,,,,,,,,,,,,,,,,,,,,,,,,,,2019-07-31 16:27:47.998000,,,,,U,,,,1,,,,,,,,,2000,,,,,,,,2005-05-25,2099-12-31,,,,,0,,
13781,,004841076,13781,004841076,,RTCS,สมยศ สถิตธรรมนนท์,1968-11-25,3101800187746,,,,1,,,,,,,,,,,,,,,,,,,,,,,,,,,,2019-07-31 16:27:47.998000,,,,,U,,,,,,,,,,HE8XW7,,,2000,,,,,,,,2014-02-06,2099-12-31,,,,,0,,
13781,,004734697,13781,004734697,,RTCS,สาคร บุญโยม,1962-12-18,3930100192056,,,,1,,,,,,,,,,,,,,,,,,,,,,,,,,,,2019-07-31 16:27:47.998000,,,,,U,,,,,,,,,,EQL6K9,,,2000,,,,,,,,2013-03-25,2099-12-31,,,,,0,,
13781,,003868669,13781,003868669,,RTCS,ทิพย์ศิริ สุวนิช,1950-01-25,3110100433093,,,,2,,,,,,,,,,,,,,,,,,,,,,,,,,,,2023-06-19 11:24:38,,,,,E,,,,1,,,,,,,,,2000,,,,,,,,2005-06-23,,,,,,0,,
13781,02,004075634,13781,004075634,,RTCS,สมศักดิ์ ศุภสกุลอนันต์,1963-10-20,3100100968698,,,,1,,,,,,,,,,,,,,,,,,,,,,,,,,,,2022-08-05 12:40:32,,,D,,E,,,,,,,H,,C,ASR5LG,,,2000,,,,,,,,2013-06-07,2022-08-03,,,,,0,,
13781,02,004541907,13781,004541907,,RTCS,บังอร แสงซื่อ,1951-02-22,3200900388890,,,,2,,,,,,,,,,,,,,,,,,,,,,,,,,,,2019-09-19 15:41:04.998000,,,D,,E,,,,,,,,,,MS6KS7,,,2000,,,,,,,,2011-06-13,2019-09-18,,,,,0,,
13781,02,003090008,11670,1-54-2600,,RTUC,สร้อยสังวาลย์ คเชนทร์ไพศ,1943-01-01,3110401287011,,,,2,,,,,,,,,,,,,,,,,,,,,,,,,,,,2014-05-30 19:13:18.999000,,,,,U,,,,2,G,,3,,,HDM23HWY,HD,HD,1500,,7,,,,,R,2011-08-30,,,,,,0,,
13781,02,003955137,13781,003955137,,RTCS,ธัญรดา เพ็ชร์คุ้ม,1925-03-24,3850100202648,,,,2,,,,,,,,,,,,,,,,,,,,,,,,,,,,2014-05-15 09:56:46.998000,,,,,V,,,,,,,H,,C,G2Q2S8,,,2000,,,,,,,,2006-10-26,2016-10-26,,,,,0,,
13781,,004722589,13781,004722589,,RTCS,ไกรวุฒิ จันทร์รัตน์,1946-02-12,3539900255194,,,,1,,,,,,,,,,,,,,,,,,,,,,,,,,,,2021-05-05 11:35:29,,,D,,E,,,,,,,H,,C,CJZW4T,,,2000,,,,,,,,2013-03-01,2021-05-03,,,,,0,,
13781,02,004563753,13781,004563753,,RTCS,สุวิน พาบุญเลิศ,1949-01-01,3760200129561,,,,2,,,,,,,,,,,,,,,,,,,,,,,,,,,,2014-10-02 18:06:43.999000,,,D,,E,,,,,,,H,,C,D8BMW3,,,2000,,,,,,,,2012-12-27,2014-10-03,,,,,0,,
13781,02,002807330,13781,002807330,,RTCS,ศิริวิมล แสงโรจน์รัตน์,1967-06-15,3101500148222,,,,2,,,,,,,,,,,,,,,,,,,,,,,,,,,,2022-11-22 09:11:52.998000,,,D,,E,,,,,,,H,,C,BXJJGP,,,2000,,,,,,,,2007-02-02,2022-11-18,,,,,0,,
13781,02,003824014,13781,003824014,,RTXX,วิบูลย์ ศิริเพ็ชร์,1962-02-23,3240200286377,,,,1,,,,,,,,,,,,,,,,,,,,,,,,,,,,2023-01-25 10:03:19.998000,,,X,,E,,,,,,,H,,,,,,0,,,,,,,O,2006-04-03,2020-09-30,,,,,0,,
13781,,003362079,13781,003362079,96196753,RTCS,สี อบคำ,1942-01-01,3340700305957,,,,2,,,,,,,,,,,,,,,,,,,,,,,,,,,,2012-12-02 15:32:11.999000,,,D,,E,,,,1,,,H,,C,,,,2000,,,,,,,O,2004-03-17,2012-12-03,,,,,0,,
13781,,003912938,13781,003912938,,RTCS,จงดี สีทาน้อย,1948-01-01,3450600391346,,,,2,,,,,,,,,,,,,,,,,,,,,,,,,,,,2012-11-02 18:36:35,,,D,,E,,,,1,,,H,,C,ยธ0758/1,,,2000,,,,,,,O,2006-07-27,2012-11-05,,,,,0,,
13781,,003931941,13781,003931941,,RTCS,สายบัว ปาศร,1924-03-06,3670400111909,,,,2,,,,,,,,,,,,,,,,,,,,,,,,,,,,2008-11-02 14:19:57.998000,,,D,,E,,,,,,,H,,C,FC2EP3,,,2000,,,,,,,O,2006-12-05,2008-11-03,,,,,0,,
13781,,000519621,13781,000519621,,RTCS,วิชัย รัชตะนาวิน,1922-02-21,3100902430665,,,,1,,,,,,,,,,,,,,,,,,,,,,,,,,,,2010-12-02 19:06:36,,,D,,E,,,,,,,H,,C,C4GQ4T,,,2000,,,,,,,O,2006-12-19,2010-12-03,,,,,0,,
13781,,003978118,13781,003978118,,RTCS,เชื้อจิตร คเนจร,1931-03-20,3101700251027,,,,1,,,,,,,,,,,,,,,,,,,,,,,,,,,,2008-10-16 17:43:08,,,D,,E,,,,,,,H,,C,D2DHT4,,,2000,,,,,,,O,2007-03-07,2008-06-03,,,,,0,,
13781,,003606769,13781,003606769,,RTXX,สมาน เอี่ยมจำรัส,1945-01-01,3130600240057,,,,1,,,,,,,,,,,,,,,,,,,,,,,,,,,,2008-11-17 17:38:42,,,D,,E,,,,,,,H,,,RTXX,,,0,,,,,,,O,2008-03-10,2008-10-02,,,,,0,,
13781,,000336413,13781,000336413,,RTCS,ประยงค์ ขันธโสภณ,1925-03-14,3101403084363,,,,2,,,,,,,,,,,,,,,,,,,,,,,,,,,,2009-06-03 10:27:23,,,D,,E,,,,,,,H,,C,CK3YKF,,,2000,,,,,,,O,2008-03-18,2008-08-04,,,,,0,,
13781,02,004457847,13781,004457847,,RTCS,ปรุง เกษร,1929-04-01,3160600316495,,,,2,,,,,,,,,,,,,,,,,,,,,,,,,,,,2017-08-17 16:06:48.999000,,,C,,E,,,,,,,H,,C,FMNBH2,,,2000,,,,,,,,2012-03-06,2017-08-18,,,,,0,,
13781,02,004733195,13781,004733195,,RTSS,ภิรมยา อินทนู,1983-03-30,3800500183047,,,,2,,,,,,,,,,,,,,,,,,,,,,,,,,,,2014-08-05 13:06:46.998000,,,D,,E,,,,,G,,,,,SSAIZVC2,HD,HD,1500,,2,,,,,,2012-10-15,2014-07-20,,,,,0,,
13781,02,003301744,13781,003301744,,RTSS,ประยงค์ โถทอง,1961-12-25,3200900172757,,,,1,,,,,,,,,,,,,,,,,,,,,,,,,,,,2014-07-03 17:21:01,,,D,,E,,,,,G,,,,,SSCUF0ZK,HD,HD,1500,,2,,,,,,2012-10-15,2014-06-11,,,,,0,,
13781,02,004863901,13781,004863901,,RTSS,ศิริสุข เพ็ชรพันศรี,,3100700355743,,,,2,,,,,,,,,,,,,,,,,,,,,,,,,,,,2014-05-28 11:08:53,,,,,,,,,,G,,,,,SSIPGOVU,HD,HD,1500,,2,,,,,,2012-10-15,,,,,,0,,
13781,02,004175373,21708,103/51,,RTUC,บุญชวน เขตบุรี,1956-01-01,3100602988652,,,,1,,,,,,,,,,,,,,,,,,,,,,,,,,,,2014-05-28 14:00:09.998000,,,,,,,,,,G,,3,,,HDLRPEH8,HD,HD,1500,,7,,,,,O,2014-05-27,,,,,,0,,
13781,02,004099033,13781,004099033,,RTCS,วัชระ จาดทองคำ,1974-07-27,3720100770329,,,,1,,,,,,,,,,,,,,,,,,,,,,,,,,,,2019-07-31 16:27:47.998000,,,,,U,,,,,,,H,,C,EMPPPP,,,2000,,,,,,,,2008-11-27,2099-12-31,,,,,0,,
13781,02,004759644,13781,004759644,,RTSS,อดุลย์ คงสมุทร,1978-01-03,3860400098072,,,,1,,,,,,,,,,,,,,,,,,,,,,,,,,,,2023-01-04 09:16:48,,,D,,E,,,,,G,,,,,SSDZ7XNJ,HD,HD,1500,,2,,,,,,2012-10-15,2022-12-09,,,,,0,,
13781,02,001542524,13781,001542524,,RTCS,วุฒิชัย อุณหะสุวรรณ์,1954-11-09,3120100331894,,,,1,,,,,,,,,,,,,,,,,,,,,,,,,,,,2024-07-03 15:40:01,,,D,,E,,,,,,,H,,C,FH9HD7,,,2000,,,,,,,,2008-04-25,2024-06-24,,,,,0,,
13781,02,002714961,13781,002714961,,RTCS,ประสงค์ เหลืองสวัสดิ์,1940-04-19,3100500219994,,,,1,,,,,,,,,,,,,,,,,,,,,,,,,,,,2019-03-25 11:31:23,,,D,,E,,,,,,,H,,C,CF2DSK,,,2000,,,,,,,,2012-12-19,2019-03-18,,,,,0,,
13781,02,002264090,13781,002264090,,"RTSS,RTSS",อังคณา ซอวราพันธุ์,,3101501276488,,,,2,,,,,,,,,,,,,,,,,,,,,,,,,,,,2020-04-27 07:17:53.998000,,,,,,,,,,G,,,,,SSACOPFY,HD,HD,1500,,2,,,,,,2014-04-01,,,,,,0,,
13781,02,004803809,13781,004803809,,RTCS,ธีระเศรษฐ์ ศรอนันต์กุล,1954-06-08,3101500916696,,,,1,,,,,,,,,,,,,,,,,,,,,,,,,,,,2016-07-20 13:21:50,,,D,,E,,,,,,,H,,C,HY7AS3,,,2000,,,,,,,,2014-05-08,2016-07-21,,,,,0,,
13781,02,003092912,13781,003092912,,RTSS,ปุณฑริกา ไชยธวัชพงษ์,,3100200687224,,,,2,,,,,,,,,,,,,,,,,,,,,,,,,,,,2014-06-04 13:12:14.999000,,,,,,,,,,G,,,,,SSDT2TDM,HD,HD,1500,,2,,,,,,2012-10-15,,,,,,0,,
13781,02,004698868,24783,267574,,RTUC,วีริยะ สุมาลัย,,1860400010845,,,,1,,,,,,,,,,,,,,,,,,,,,,,,,,,,2017-09-19 17:26:49,,,C,,E,,,,,G,,3,,,HDK3B8CG,PD,HD,1500,,2,,,,,O,2014-06-05,2017-09-08,,,,,0,,
13781,02,004676429,11806,16508,,RTUC,นิคม นิเวศน์,,3141400078273,,,,1,,,,,,,,,,,,,,,,,,,,,,,,,,,,2016-11-04 09:34:28,,,D,,E,,,,,G,,3,,,HDA4HEZU,PD,HD,1500,,4,,,,,O,2014-10-20,2016-10-22,,,,,0,,
13781,02,003575361,13781,003575361,,RTCS,สมบัติ เศรษฐศุภางค์,1940-07-21,3100400525031,,,,1,,,,,,,,,,,,,,,,,,,,,,,,,,,,2021-08-19 16:22:06.998000,,,D,,E,,,,,,,H,,C,E308R4,,,2000,,,,,,,,2006-10-31,2021-08-18,,,,,0,,
13781,02,003226941,13781,003226941,,RTCS,สมจิต แป้นจันทร์,1960-07-29,3720100852571,,,,1,,,,,,,,,,,,,,,,,,,,,,,,,,,,2020-09-08 13:55:38.999000,,,D,,E,,,,1,,,H,,C,,,,2000,,,,,,,,2005-08-25,2020-09-03,,,,,0,,
13781,02,004312892,13781,004312892,,RTSS,ศิริพร มณีพันธุ์,1969-08-16,3600100651452,,,,2,,,,,,,,,,,,,,,,,,,,,,,,,,,,2021-11-03 15:52:00,,,D,,E,,,,,G,,,,,SSMG00M9,HD,HD,1500,,2,,,,,,2012-10-15,2014-11-30,,,,,0,,
13781,02,004841372,10744,201077,,RTUC,วังชัย พ่อครวงค์,,3620600340570,,,,1,,,,,,,,,,,,,,,,,,,,,,,,,,,,2014-06-13 14:02:43,,,,,,,,,,G,,3,,,HDH4GPNP,HD,HD,1500,,2,,,,,O,2014-04-17,,,,,,0,,
13781,,002471430,13781,002471430,,RTCS,พัชราภรณ์ สฤษดิ์อภิรักษ์,1931-07-01,3769900299629,,,,2,,,,,,,,,,,,,,,,,,,,,,,,,,,,2023-05-19 12:34:05,,,,,E,,,,,,,H,,C,HFBD58,,,2000,,,,,,,,2007-04-24,2023-05-18,,,,,0,,
13781,02,004883237,11616,14-218,,RTUC,สมหมาย โสด้วง,,3101202139047,,,,1,,,,,,,,,,,,,,,,,,,,,,,,,,,,2014-07-03 10:02:06.999000,,,D,,E,,,,,G,,3,,,HDI4258L,HD,HD,1500,,8,,,,,O,2014-06-13,2014-06-14,,,,,0,,
13781,02,001590614,13781,001590614,,RTCS,เสียง จันทรวราทิตย์,1918-06-20,3101400941605,,,,1,,,,,,,,,,,,,,,,,,,,,,,,,,,,2018-11-22 11:56:00,,,D,,E,,,,,,,H,,C,G1266T,,,2000,,,,,,,,2006-10-11,2018-11-18,,,,,0,,
13781,02,004241813,13781,004241813,,RTCS,ขวัญเรือน กอดสะอาด,1960-08-18,3600800696963,,,,2,,,,,,,,,,,,,,,,,,,,,,,,,,,,2016-04-17 14:02:26.999000,,,D,,E,,,,,,,H,,C,M5U52R,,,2000,,,,,,,,2008-08-31,2016-04-18,,,,,0,,
13781,02,004291076,13781,004291076,,RTSS,จันทร์รัตน์ ผลอ่อน,,3840800050395,,,,2,,,,,,,,,,,,,,,,,,,,,,,,,,,,2014-06-19 12:47:34,,,,,,,,,,G,,,,,SSCOW2CR,HD,HD,1500,,2,,,,,,2012-10-15,,,,,,0,,
13781,02,004386729,13781,004386729,,RTCS,จักร์ดี ปานะดิษฐ์,1933-01-01,3100201700461,,,,1,,,,,,,,,,,,,,,,,,,,,,,,,,,,2022-04-19 09:56:00,,,D,,E,,,,,,,H,,C,EX2MFN,,,2000,,,,,,,,2009-11-18,2022-04-18,,,,,0,,
13781,,004483288,13781,004483288,,RTCS,จันมัน แซ่เจียง,1937-01-01,3950200173053,,,,1,,,,,,,,,,,,,,,,,,,,,,,,,,,,2023-12-19 12:30:00,,,D,,E,,,,,,,H,,C,H9D9HB,,,2000,,,,,,,,2014-06-18,2023-12-04,,,,,0,,
13781,02,004793377,NHSO1,201488154,,RTUC,อุไรวรรณ บุณฑริกบุตร,,3100501693428,,,,2,,,,,,,,,,,,,,,,,,,,,,,,,,,,2016-10-20 13:27:31.998000,,,D,,E,,,,,G,,H,,,UCLKG8IT,HD,HD,1500,,2,,,,,R,2014-05-28,2016-10-07,,,,,0,,
13781,02,003469409,13781,003469409,,RTSS,ศิริพร บุญเชิด,1986-09-06,1179900093850,,,,2,,,,,,,,,,,,,,,,,,,,,,,,,,,,2014-09-19 07:58:11,,,D,,E,,,,,G,,,,,SSMXG3WM,HD,HD,1500,,2,,,,,,2014-02-03,2014-08-28,,,,,0,,
13781,02,004650980,10689,273807,,RTUC,กช ตาดเพ็ชร,,3101801152440,,,,1,,,,,,,,,,,,,,,,,,,,,,,,,,,,2014-06-24 15:58:57,,,,,,,,,2,G,,1,,,HEB1YY8I,PD,HD,1500,,4,,,,,O,2011-06-21,,,,,,0,,
13781,02,004513089,13781,004513089,,RTCS,ขจรศักดิ์ หอมนาน,1958-02-16,3560300205830,,,,1,,,,,,,,,,,,,,,,,,,,,,,,,,,,2017-05-02 16:51:48.999000,,,C,,E,,,,,,,H,,C,KZ9ESC,,,2000,,,,,,,,2011-03-21,2017-05-03,,,,,0,,
13781,02,004063279,13781,004063279,,RTCS,ภูชิชย์ พิทักษ์กรณ์,1975-11-06,3200100776119,,,,1,,,,,,,,,,,,,,,,,,,,,,,,,,,,2019-07-31 16:27:47.998000,,,,,U,,,,,,,H,,C,D40P4L,,,2000,,,,,,,,2007-01-31,2099-12-31,,,,,0,,
13781,02,003877415,13781,003877415,,RTCS,พร ล้ำเลิศ,1952-01-01,3199900384168,,,,1,,,,,,,,,,,,,,,,,,,,,,,,,,,,2017-11-18 12:15:05.998000,,,C,,E,,,,,,,H,,C,H8EZ2Z,,,2000,,,,,,,,2014-03-06,2017-11-20,,,,,0,,
13781,02,004162882,13781,004162882,,RTCS,นพมณี นนทลี,1932-05-26,3100503597019,,,,2,,,,,,,,,,,,,,,,,,,,,,,,,,,,2016-07-20 13:21:50,,,D,,E,,,,,,,H,,C,C9TGJF,,,2000,,,,,,,,2012-05-21,2016-07-21,,,,,0,,
13781,02,003979142,13781,003979142,,RTCS,เสมอ หงษ์ทอง,1956-04-24,3200500266142,,,,2,,,,,,,,,,,,,,,,,,,,,,,,,,,,2020-02-05 09:39:05.998000,,,D,,E,,,,,,,H,,C,F3GHND,,,2000,,,,,,,,2007-01-31,2020-02-03,,,,,0,,
13781,02,004773640,13781,004773640,,RTSS,สมทบ ฮวบนิล,1966-01-17,3679900135171,,,,1,,,,,,,,,,,,,,,,,,,,,,,,,,,,2015-08-05 11:05:28.998000,,,D,,E,,,,,G,,,,,SSFRMXFL,HD,HD,1500,,2,,,,,,2012-10-15,2015-07-23,,,,,0,,
13781,,004870689,13781,004870689,,RTSS,ชาญชัย ธนารักษ์โชค,1938-01-01,3101401860561,,,,1,,,,,,,,,,,,,,,,,,,,,,,,,,,,2020-04-21 08:01:54.998000,,,D,,E,,,,,,,,,,SSKSWCT8,HD,HD,1500,,2,,,,,,2013-06-17,2019-11-09,,,,,0,,
13781,02,002850680,13781,002850680,,RTCS,ดิเรก ขาวผ่อง,1962-10-01,3110100175604,,,,1,,,,,,,,,,,,,,,,,,,,,,,,,,,,2016-06-02 16:07:51,,,O,,E,,,,1,,,H,,C,กห0524/5,,,2000,,,,,,,,2006-02-22,2016-06-03,,,,,0,,
13781,02,004284929,13781,004284929,,RTCS,พรรณี บุรีขวัญ,1960-09-07,3210100385900,,,,2,,,,,,,,,,,,,,,,,,,,,,,,,,,,2017-05-17 18:03:17,,,C,,E,,,,,,,H,,C,CAT8R9,,,2000,,,,,,,,2008-12-18,2017-05-18,,,,,0,,
13781,02,004389592,12044,012378-46,,RTUC,บุญส่ง มาสวน,2485-01-01,3600500484880,,,,1,,,,,,,,,,,,,,,,,,,,,,,,,,,,2015-04-20 14:00:20.999000,,,D,,E,,,,,G,,3,,,HDE3GTGM,HD,HD,1500,,2,,,,,R,2014-07-14,2015-04-09,,,,,0,,
13781,02,004843784,13781,004843784,,RTCS,สงัด นารีบุญ,1938-09-02,3101700857839,,,,1,,,,,,,,,,,,,,,,,,,,,,,,,,,,2017-09-03 11:59:03.999000,,,C,,E,,,,,,,H,,C,H8UEXF,,,2000,,,,,,,,2014-02-20,2017-09-04,,,,,0,,
13781,02,002956634,13781,002956634,,RTCS,ศรี ศรีสวรรค์,1935-08-08,3100501374942,,,,2,,,,,,,,,,,,,,,,,,,,,,,,,,,,2016-12-18 13:47:02,,,D,,E,,,,,,,H,,C,JNNSPF,,,2000,,,,,,,,2009-01-17,2016-12-19,,,,,0,,
13781,02,002793369,13781,002793369,,RTCS,ประยูร เชยจันทา,1942-12-05,3101200547547,,,,1,,,,,,,,,,,,,,,,,,,,,,,,,,,,2015-09-17 16:48:46,,,D,,E,,,,1,,,H,,C,กห 0400/,,,2000,,,,,,,,2005-11-24,2015-09-18,,,,,0,,
13781,02,004822546,13781,004822546,,RTCS,สงบ ชูรักษ์,1941-10-03,3550100337937,,,,1,,,,,,,,,,,,,,,,,,,,,,,,,,,,2018-12-19 15:42:45,,,D,,E,,,,,,,H,,C,H6WUCX,,,2000,,,,,,,,2013-12-16,2018-12-18,,,,,0,,
13781,,004872242,13781,004872242,,RTCS,ศิริ เก่งทันการ,1953-06-28,3601200151827,,,,1,,,,,,,,,,,,,,,,,,,,,,,,,,,,2014-08-03 15:05:18,,,D,,E,,,,,,,H,,C,H2Q6JB,,,2000,,,,,,,,2014-05-14,2014-08-04,,,,,0,,
13781,02,001101923,13781,001101923,,RTCS,ประไพ เถาลัดดา,1932-11-16,3102200181942,,,,2,,,,,,,,,,,,,,,,,,,,,,,,,,,,2014-09-17 17:40:34,,,D,,E,,,,,,,H,,C,I3IDXC,,,2000,,,,,,,,2006-11-30,2014-09-18,,,,,0,,
13781,02,004594872,13781,004594872,,"RTSS,RTSS",สุนิสา ถินถาวร,,1249900163415,,,,2,,,,,,,,,,,,,,,,,,,,,,,,,,,,2022-01-03 06:40:38,,,,,,,,,,G,,,,,SSGHEX41,HD,HD,1500,,2,,,,,,2014-02-26,,,,,,0,,
13781,02,002884044,11697,5302052,,RTUC,อนันต์ อามทัศนศรี,,3100901220934,,,,1,,,,,,,,,,,,,,,,,,,,,,,,,,,,2015-07-03 13:26:05.999000,,,D,,E,,,,,G,,3,,,HDB1DUT3,HD,HD,1500,,2,,,,,R,2014-07-17,2015-06-24,,,,,0,,
13781,02,004871679,13781,004871679,,RTSS,แสงชัย ใจคุ้มเก่า,1962-06-22,3460600261353,,,,1,,,,,,,,,,,,,,,,,,,,,,,,,,,,2018-12-04 15:51:45,,,,,,,,,,G,,,,,SSMX4UQ1,HD,HD,1500,,2,,,,,,2012-10-15,,,,,,0,,
13781,02,004792481,10854,183339,,RTUC,แสงจันทร์ พิมพ์พา,,3240800009838,,,,2,,,,,,,,,,,,,,,,,,,,,,,,,,,,2014-07-18 11:53:27.999000,,,,,,,,,2,G,,1,,,HEH1S39T,PD,HD,1500,,4,,,,,O,2013-08-05,,,,,,0,,
13781,02,004294861,12204,139681,,RTUC,ศศิธร วักแน่ง,,3860100863628,,,,2,,,,,,,,,,,,,,,,,,,,,,,,,,,,2017-04-10 13:31:15.998000,,,,,U,,,,,G,,3,,,HDL633F8,HD,HD,1500,,4,,,,,O,2014-07-17,,,,,,0,,
13781,02,004157652,12033,5464-52,,RTUC,มนัส เพ็ชรโต,1987-05-13,1600700057768,,,,1,,,,,,,,,,,,,,,,,,,,,,,,,,,,2014-07-22 17:00:57.999000,,,,,,,,,,G,,3,,,HDG4GSLY,PD,HD,1500,,4,,,,,O,2014-07-22,,,,,,0,,
13781,02,004872282,24191,7969/57,,RTUC,ทองคำ ทีฆะสุข,1949-08-09,3450101485671,,,,2,,,,,,,,,,,,,,,,,,,,,,,,,,,,2014-07-22 17:00:57.999000,,,,,,,,,,G,,3,,,HDC2BKHO,HD,HD,1500,,7,,,,,R,2014-07-22,,,,,,0,,
13781,,004892417,13781,004892417,,RTCS,สกล สิงห์ครุธ,1959-07-30,3350400176957,,,,1,,,,,,,,,,,,,,,,,,,,,,,,,,,,2019-07-31 16:27:48.998000,,,,,U,,,,,,,H,,C,HYM9MM,,,2000,,,,,,,,2014-07-07,2099-12-31,,,,,0,,
13781,02,004695822,13781,004695822,,RTCS,จีระ จารุจินดา,1935-09-16,3130600190718,,,,1,,,,,,,,,,,,,,,,,,,,,,,,,,,,2019-02-21 09:19:22,,,D,,E,,,,,,,H,,C,A5B7RS,,,2000,,,,,,,,2012-11-26,2019-02-18,,,,,0,,
13781,02,002696923,12204,11917,,RTUC,เจริญ เบ็ญจพันธุ์,1964-03-21,3760700138186,,,,2,,,,,,,,,,,,,,,,,,,,,,,,,,,,2018-09-17 16:14:26.998000,,,D,,E,,,,,G,,3,,,HDG6F4SF,HD,HD,1500,,7,,,,,O,2014-07-27,2018-09-18,,,,,0,,
13781,02,004398452,27972,405,,RTUC,อภิสิทธิ์ เกิดในมงคล,,3210100494385,,,,1,,,,,,,,,,,,,,,,,,,,,,,,,,,,2018-05-04 15:37:00.999000,,,D,,E,,,,,G,,3,,,HDJ2ORVM,PD,HD,1500,,2,,,,,O,2014-07-30,2018-04-24,,,,,0,,
13781,02,004281797,13781,004281797,,RTCS,ลออ อินสกูล,1949-01-01,3110300514399,,,,2,,,,,,,,,,,,,,,,,,,,,,,,,,,,2014-08-17 15:51:55,,,D,,E,,,,,,,H,,C,HHMKSA,,,2000,,,,,,,,2009-03-04,2014-08-18,,,,,0,,
13781,02,004754378,13781,004754378,,RTSS,พิทยา ม่วงสุวรรณ,1983-09-15,3102201685821,,,,1,,,,,,,,,,,,,,,,,,,,,,,,,,,,2022-06-02 16:18:07,,,,,,,,,,G,,,,,SSI77WBS,HD,HD,1500,,2,,,,,,2012-10-15,,,,,,0,,
13781,02,004855909,23839,0083192,,RTUC,ศิวิลัย อ่อนสูงเนิน,,3301900077622,,,,2,,,,,,,,,,,,,,,,,,,,,,,,,,,,2016-01-05 15:33:22,,,D,,E,,,,,G,,3,,,HDAYRHTC,HD,HD,1500,,2,,,,,O,2014-08-15,2015-12-21,,,,,0,,
13781,,002619450,13781,002619450,,RTCS,จุฑาทิพย์ นาคประเสริฐ,1961-07-06,3101203162905,,,,2,,,,,,,,,,,,,,,,,,,,,,,,,,,,2024-11-05 08:13:35,,,D,,E,,,,,,,H,,C,A3VSJS,,,2000,,,,,,,,2008-04-18,2024-10-28,,,,,0,,
13781,02,004650566,13781,004650566,,RTCS,เชื้อ นิลศรี,1926-01-01,3860400059808,,,,1,,,,,,,,,,,,,,,,,,,,,,,,,,,,2016-11-17 18:36:19,,,D,,E,,,,,,,H,,C,GHT4Y3,,,2000,,,,,,,,2012-08-06,2016-11-18,,,,,0,,
13781,02,004700893,24037,55-024164,,RTUC,ณภัทร ลิ้มลาภาประสิทธิ์,,3100501860201,,,,1,,,,,,,,,,,,,,,,,,,,,,,,,,,,2018-06-01 14:50:38.999000,,,D,,E,,,,,G,,3,,,HDC4FY62,PD,HD,1500,,4,,,,,O,2014-08-09,2018-05-18,,,,,0,,
13781,02,004897292,11472,099160-48,,RTCS,ประวิณ  ปิยสิริชูวงศ์,1938-01-01,3102101690806,,,,1,,,,,,,,,,,,,,,,,,,,,,,,,,,,2015-02-25 13:31:14.999000,,,,,U,,,,2,G,1,2,,C,HRA3ECK5,,,2000,,,,,,,O,2006-10-10,2016-10-10,,,,,0,,
13781,02,003712986,40887,R5931536,,RTUC,สันชุนี นาคดี,,3101400574122,,,,2,,,,,,,,,,,,,,,,,,,,,,,,,,,,2019-07-18 14:10:02,,,D,,E,,,,,G,,H,,,HDG3VUL8,HD,HD,1500,,7,,,,,O,2017-04-24,2019-07-11,,,,,0,,
13781,02,004386973,13781,004386973,,RTSS,ประยูร มหาเขต,1960-04-04,3210100753801,,,,1,,,,,,,,,,,,,,,,,,,,,,,,,,,,2020-08-03 14:11:24,,,D,,E,,,,,G,,,,,SSFTLEG3,HD,HD,1500,,2,,,,,O,2012-10-15,2020-07-16,,,,,0,,
13781,,002617274,13781,002617274,,RTCS,ทับทิม แสงงาม,1938-07-01,3110400363937,,,,2,,,,,,,,,,,,,,,,,,,,,,,,,,,,2015-03-17 16:46:41,,,D,,E,,,,,,,H,,C,ATFRNX,,,2000,,,,,,,,2007-03-27,2015-03-18,,,,,0,,
13781,02,004871399,13781,004871399,,RTCS,นิรันดร์ แซ่เฮ้ง,1947-01-01,3609900944479,,,,1,,,,,,,,,,,,,,,,,,,,,,,,,,,,2014-11-02 13:04:41.998000,,,D,,E,,,,,,,H,,C,HP43MM,,,2000,,,,,,,,2014-05-06,2014-11-03,,,,,0,,
13781,02,004769056,14595,559772,,RTUC,พิมพ์ประไพ บุญยศ,,3720200108555,,,,2,,,,,,,,,,,,,,,,,,,,,,,,,,,,2017-04-03 14:44:44,,,C,,E,,,,,G,,3,,,HDM2KJVE,HD,HD,1500,,8,,,,,O,2014-08-19,2017-04-03,,,,,0,,
13781,02,002676132,13781,002676132,,RTSS,ยุทธพันธ์ เศลารักษ์,1955-01-08,3100603172681,,,,1,,,,,,,,,,,,,,,,,,,,,,,,,,,,2016-10-18 11:01:44,,,D,,E,,,,,G,,,,,SSGEZYVV,HD,HD,1500,,2,,,,,,2012-10-15,2016-09-14,,,,,0,,
13781,02,003552257,24037,56-026483,,RTUC,พิมพ์จุฑา ธรรมรัตนพร,,3219800051875,,,,2,,,,,,,,,,,,,,,,,,,,,,,,,,,,2017-10-18 13:34:21.998000,,,C,,E,,,,,G,,3,,,HDK291XO,HD,HD,1500,,2,,,,,R,2014-08-22,2017-10-02,,,,,0,,
13781,02,004852681,10688,0214651,,RTUC,ภากร กำลังไทย,,3140800070431,,,,1,,,,,,,,,,,,,,,,,,,,,,,,,,,,2017-04-03 14:44:41.998000,,,C,,E,,,,,G,,3,,,HDJ32F68,HD,HD,1500,,4,,,,,O,2014-08-25,2017-04-03,,,,,0,,
13781,02,004234358,13781,004234358,,RTCS,บุญส่ง สังข์พวงทอง,1935-08-15,3100602706231,,,,1,,,,,,,,,,,,,,,,,,,,,,,,,,,,2019-07-31 16:27:49.999000,,,,,U,,,,,,,H,,C,GENEZ2,,,2000,,,,,,,,2008-08-17,2099-12-31,,,,,0,,
13781,02,004545943,13781,004545943,,RTCS,ธมลณัฏฐ์ อักษรอินทร์,1934-04-08,3219900161532,,,,2,,,,,,,,,,,,,,,,,,,,,,,,,,,,2016-12-18 13:47:02,,,D,,E,,,,,,,H,,C,C5LP38,,,2000,,,,,,,,2011-07-29,2016-12-19,,,,,0,,
13781,02,004568189,13781,004568189,,RTCS,ธีปกรณ์ โคตะการ,1981-01-05,3341800100860,,,,1,,,,,,,,,,,,,,,,,,,,,,,,,,,,2019-07-31 16:27:49.999000,,,,,U,,,,,,,H,,C,JQRY7D,,,2000,,,,,,,,2011-09-16,2099-12-31,,,,,0,,
13781,02,004869436,13781,004869436,,RTCS,วินัย ชุ่มมี,1960-08-06,3840200008941,,,,1,,,,,,,,,,,,,,,,,,,,,,,,,,,,2014-11-02 13:04:41.998000,,,D,,E,,,,,,,H,,C,HUW9RL,,,2000,,,,,,,,2014-05-01,2014-11-03,,,,,0,,
13781,02,004856290,14452,005,,RTUC,วิเชียร อินสุรธาร,1963-12-05,3860100370273,,,,1,,,,,,,,,,,,,,,,,,,,,,,,,,,,2014-08-29 14:03:08.998000,,,,,,,,,,G,,3,,,HDI2MULR,HD,HD,1500,,7,,,,,O,2014-08-27,,,,,,0,,
13781,02,003863669,11722,57-2100,,RTUC,วันเพ็ญ งามสมพงษ์,,3100501949279,,,,2,,,,,,,,,,,,,,,,,,,,,,,,,,,,2014-09-01 10:47:23,,,,,,,,,,G,,3,,,HDIDTZ0B,HD,HD,1500,,2,,,,,O,2014-08-29,,,,,,0,,
13781,02,003620135,13781,003620135,,RTCS,อำนวย เกิดเอนก,1940-09-22,3100501476885,,,,2,,,,,,,,,,,,,,,,,,,,,,,,,,,,2015-09-02 15:55:07,,,D,,E,,,,,,,H,,C,F2HDFP,,,2000,,,,,,,,2007-03-08,2015-09-03,,,,,0,,
13781,02,004161325,13781,004161325,,RTCS,รพีพร สกุนตสรี,1946-04-17,3101100238691,,,,2,,,,,,,,,,,,,,,,,,,,,,,,,,,,2018-10-31 09:57:43,,,D,,E,,,,,,,H,,C,ADUPZH,,,2000,,,,,,,,2008-02-20,2018-07-18,,,,,0,,
13781,02,003305361,13781,003305361,,RTCL,ยุพา สุจิตจร,1930-03-04,3100200857197,,,,2,,,,,,,,,,,,,,,,,,,,,,,,,,,,2018-02-17 16:56:13.998000,,,O,,E,,,,,,,H,,,QWL8JP,,,2000,,,,,,,,2009-10-12,2018-02-19,,,,,0,,
13781,02,004565599,11472,053580-54,,"RTCS,",ประยงค์ศรี  เฮงอาภรณ์,1944-08-02,3730101041681,,,,2,,,,,,,,,,,,,,,,,,,,,,,,,,,,2014-09-02 19:09:44.999000,,,,,U,,,,2,G,2,2,,C,HRF30W53,,,2000,,,,,,,,2011-07-12,2015-07-12,,,,,0,,
13781,02,004478200,13781,004478200,,RTSS,สมพง ผกานนท์,1976-04-08,5210301058783,,,,1,,,,,,,,,,,,,,,,,,,,,,,,,,,,2024-02-02 12:52:18.998000,,,,,,,,,,G,,,,,SSH994RS,HD,HD,1500,,2,,,,,,2012-10-15,,,,,,0,,
13781,02,004491768,13781,004491768,,"RTSS,RTSS",ไพโรจน์ ชื่นชม,,3760500349060,,,,1,,,,,,,,,,,,,,,,,,,,,,,,,,,,2023-10-27 14:19:02,,,,,,,,,,G,,,,,SSHJ0KUV,KT,KT,1500,,2,,,,,,2012-10-15,,,,,,0,,
13781,02,002856088,13781,002856088,,RTCS,พยูณ เอี่ยมศิลป์,1931-07-13,3820100049670,,,,1,,,,,,,,,,,,,,,,,,,,,,,,,,,,2018-02-17 16:56:13.998000,,,O,,E,,,,1,,,H,,C,,,,2000,,,,,,,,2016-12-20,2018-02-19,,,,,0,,
13781,02,004701896,13781,004701896,,RTCS,กุลิสรา อนุฤทธิ์,1962-04-05,3100600528425,,,,2,,,,,,,,,,,,,,,,,,,,,,,,,,,,2019-07-31 16:27:49.999000,,,,,U,,,,,,,H,,C,ME8P4J,,,2000,,,,,,,,2012-12-13,2099-12-31,,,,,0,,
13781,02,002344538,13781,002344538,,RTCS,เจียมจันทร์ อินอ่อน,1946-09-29,4120600002243,,,,2,,,,,,,,,,,,,,,,,,,,,,,,,,,,2025-02-18 15:50:04,,,D,,E,,,,,,,H,,C,F1TUXU,,,2000,,,,,,,,2007-01-15,2025-02-10,,,,,0,,
13781,02,004690555,13781,004690555,,RTCL,สำราญ ปั้นลำพอง,1964-04-13,3130600342607,,,,1,,,,,,,,,,,,,,,,,,,,,,,,,,,,2021-12-20 15:43:25.998000,,,D,,E,,,,,,,H,,,QV8L2X,,,2000,,,,,,,,2012-11-20,2021-12-18,,,,,0,,
13781,02,002396498,24191,12677/54,,RTUC,เกตุ จันทร์แต่งผล,,3101401144903,,,,2,,,,,,,,,,,,,,,,,,,,,,,,,,,,2014-09-11 14:03:35,,,,,,,,,,G,,3,,,HDC2NSKJ,HD,HD,1500,,7,,,,,R,2014-09-10,,,,,,0,,
13781,02,004803437,13781,004803437,,RTSS,วสันต์ พลประชุม,1979-09-05,3230100016611,,,,1,,,,,,,,,,,,,,,,,,,,,,,,,,,,2023-11-08 14:58:53,,,D,,E,,,,,G,,,,,SSLRKP7N,HD,HD,1500,,1,,,,,,2013-12-09,2023-07-12,,,,,0,,
13781,02,003032215,10744,223854,,RTUC,ณัฐธิดา วราชัย,,5909899023135,,,,2,,,,,,,,,,,,,,,,,,,,,,,,,,,,2017-04-10 13:31:16.999000,,,,,U,,,,,G,,3,,,HDM2QS5F,HD,HD,1500,,5,,,,,O,2014-09-12,,,,,,0,,
13781,02,004322762,13781,004322762,,RTCS,วันดี ทับทิม,1951-07-01,3110300530173,,,,2,,,,,,,,,,,,,,,,,,,,,,,,,,,,2021-05-18 16:06:52.998000,,,D,,E,,,,,,,H,,C,APC8ME,,,2000,,,,,,,,2009-04-29,2021-05-18,,,,,0,,
13781,02,004871554,13781,004871554,,RTCS,รัตน์ ไชยบุญ,1943-07-21,3100800660114,,,,1,,,,,,,,,,,,,,,,,,,,,,,,,,,,2014-11-17 19:05:23,,,D,,E,,,,,,,H,,C,BZR7LM,,,2000,,,,,,,,2014-09-10,2014-11-18,,,,,0,,
13781,02,001576512,13781,001576512,,RTCS,คำไฝ ไชยพรหม,1942-07-01,3569900088115,,,,2,,,,,,,,,,,,,,,,,,,,,,,,,,,,2024-04-24 08:27:11,,,D,,E,,,,1,,,H,,C,สธ0314/ข,,,2000,,,,,,,,2005-11-09,2024-04-22,,,,,0,,
13781,,002774874,13781,002774874,,RTCS,บัวคลี่ คร้ามอ่ำ,1934-07-01,3100500174214,,,,2,,,,,,,,,,,,,,,,,,,,,,,,,,,,2016-10-17 18:37:36.998000,,,D,,E,,,,,,,H,,C,G2QFM0,,,2000,,,,,,,,2007-01-08,2016-10-18,,,,,0,,
13781,02,004565828,13781,004565828,,RTCS,ประภัสสร ธูปหอม,1963-07-19,3200100934628,,,,2,,,,,,,,,,,,,,,,,,,,,,,,,,,,2019-07-31 16:27:49.999000,,,,,U,,,,,G,2,H,,C,FYV3SJ,,,2000,,,,,,,,2011-09-06,2099-12-31,,,,,0,,
13781,02,003792025,13781,003792025,,RTCS,โอเลี้ยง งานเลิศ,1936-01-01,3150600607929,,,,2,,,,,,,,,,,,,,,,,,,,,,,,,,,,2014-09-18 11:21:41.998000,,,,,V,,,,,,,H,,C,A3XE58,,,2000,,,,,,,,2010-05-12,2016-05-12,,,,,0,,
13781,02,004595151,13781,004595151,,RTCS,สอาด มหัคฆะกาญจนะ,1924-11-04,3100502721930,,,,1,,,,,,,,,,,,,,,,,,,,,,,,,,,,2018-04-17 19:02:34.998000,,,I,,E,,,,,,,H,,C,LNFL9X,,,2000,,,,,,,,2012-01-11,2018-04-18,,,,,0,,
13781,02,003697348,13781,003697348,,RTCS,ศรีสุภา ขุนทอง,1958-07-31,3100600741692,,,,2,,,,,,,,,,,,,,,,,,,,,,,,,,,,2017-07-03 12:31:24.998000,,,C,,E,,,,,,,H,,C,G1PUPI,,,2000,,,,,,,,2007-02-05,2017-07-03,,,,,0,,
13781,02,004641137,27972,213,,RTUC,รุ่งอรุณ พานทอง,,3600101134273,,,,2,,,,,,,,,,,,,,,,,,,,,,,,,,,,2019-01-17 17:01:39.998000,,,D,,E,,,,,G,,3,,,HDI11EQ9,PD,HD,1500,,4,,,,,O,2014-09-18,2019-01-08,,,,,0,,
13781,02,001082988,13781,001082988,,RTCS,จุมพล สุจิรชาโต,1922-06-26,3100501697342,,,,1,,,,,,,,,,,,,,,,,,,,,,,,,,,,2015-10-16 17:31:04.998000,,,D,,E,,,,,,,H,,C,CODTKF,,,2000,,,,,,,,2006-10-05,2015-10-19,,,,,0,,
13781,,003138272,13781,003138272,,RTCS,วิเชียร ศิริประภา,1962-03-08,3200100500415,,,,1,,,,,,,,,,,,,,,,,,,,,,,,,,,,2019-07-31 16:27:49.999000,,,,,U,,,,,,,H,,C,G14ZK8,,,2000,,,,,,,,2007-02-01,2099-12-31,,,,,0,,
13781,02,003592797,13781,003592797,,"RTSS,RTSS",แก้วศรีลัดดา แก้วจันทร์,,3461300329824,,,,2,,,,,,,,,,,,,,,,,,,,,,,,,,,,2020-06-02 18:31:14,,,,,,,,,,G,,,,,SSDDOBGQ,HD,HD,1500,,2,,,,,,2012-10-15,,,,,,0,,
13781,02,004823929,13781,004823929,,RTCS,ลาวัลย์ โกยสุโข,1932-04-06,3100601375754,,,,1,,,,,,,,,,,,,,,,,,,,,,,,,,,,2014-09-25 11:02:22,,,,,V,,,,,,,H,,C,HSH98B,,,2000,,,,,,,,2013-12-06,2016-12-06,,,,,0,,
13781,02,001012683,13781,001012683,,RTCS,นันทา หร่มนิสัย,1950-02-23,3429900082321,,,,2,,,,,,,,,,,,,,,,,,,,,,,,,,,,2019-07-04 09:33:53.998000,,,D,,E,,,,,,,H,,C,FKC8M2,,,2000,,,,,,,,2008-02-13,2019-07-03,,,,,0,,
13781,02,002614667,22283,90812351,,RTUC,ตฤณ รวิอำพัน,1980-10-03,3919900101487,,,,1,,,,,,,,,,,,,,,,,,,,,,,,,,,,2014-09-29 10:56:21.998000,,,,,,,,,,G,,3,,,HDK49AOE,HD,HD,1500,,7,,,,,O,2014-09-27,,,,,,0,,
13781,02,003795489,13781,003795489,,RTSS,พลภฤต ยุทธดนัยกุล,1976-05-15,3100800095328,,,,1,,,,,,,,,,,,,,,,,,,,,,,,,,,,2021-08-17 12:36:45.999000,,,D,,E,,,,,G,,,,,SSHJHVAO,HD,HD,1500,,2,,,,,,2013-01-09,2021-08-01,,,,,0,,
13781,02,004328570,13781,004328570,,RTCS,ประกอบ ลัมภเวส,1931-07-24,3120100574339,,,,1,,,,,,,,,,,,,,,,,,,,,,,,,,,,2019-09-19 15:41:07,,,D,,E,,,,,,,H,,C,EC96VC,,,2000,,,,,,,,2009-05-15,2019-09-18,,,,,0,,
13781,02,004204154,13781,004204154,,RTCS,อำนวย แสงศรีทอง,1952-02-17,3100203187567,,,,1,,,,,,,,,,,,,,,,,,,,,,,,,,,,2016-03-02 15:47:28,,,D,,E,,,,,,,H,,C,C5ELDC,,,2000,,,,,,,,2008-10-31,2016-03-03,,,,,0,,
13781,02,003153017,13781,003153017,,RTCS,อรุณ ถมสุวรรณ,1934-06-24,3100203487901,,,,1,,,,,,,,,,,,,,,,,,,,,,,,,,,,2016-07-20 13:21:50,,,D,,E,,,,,,,H,,C,CMU23E,,,2000,,,,,,,,2009-06-02,2016-07-21,,,,,0,,
13781,02,004780512,13781,004780512,,RTCS,อรัญญา เยี่ยมเพื่อน,1967-03-15,3500700599827,,,,2,,,,,,,,,,,,,,,,,,,,,,,,,,,,2019-02-21 09:19:26.998000,,,D,,E,,,,,,,H,,C,D2M3QX,,,2000,,,,,,,,2013-08-05,2019-02-18,,,,,0,,
13781,02,002586411,11743,54/28723,,RTUC,ธำรง สุทธิสารากร,,3209600158951,,,,1,,,,,,,,,,,,,,,,,,,,,,,,,,,,2018-05-21 10:55:45.999000,,,D,,E,,,,,G,,3,,,HDF1N41F,HD,HD,1500,,2,,,,,R,2014-10-09,2018-05-16,,,,,0,,
13781,02,002820668,13781,002820668,,RTCS,ประกอบ ชัยสวนียากรณ์,1941-10-10,3349900706139,,,,1,,,,,,,,,,,,,,,,,,,,,,,,,,,,2015-01-16 18:03:14.998000,,,D,,E,,,,,,,H,,C,K8AZTC,,,2000,,,,,,,,2010-09-17,2015-01-19,,,,,0,,
13781,02,003445799,13781,003445799,,RTCS,สุรศักดิ์ กุศลสุข,1949-10-02,3160100914016,,,,1,,,,,,,,,,,,,,,,,,,,,,,,,,,,2014-10-13 10:26:51,,,,,V,,,,1,,,H,,C,,,,2000,,,,,,,,2005-06-27,2016-06-27,,,,,0,,
13781,,004844101,13781,004844101,,RTCL,สมัย ผิวทอง,1940-01-01,5320190035321,,,,,,,,,,,,,,,,,,,,,,,,,,,,,,,,2023-05-08 08:16:39.999000,,,,,E,,,,,,,H,,,QW78BF,,,2000,,,,,,,,2014-02-18,2022-09-30,,,,,0,,
13781,,002908161,13781,002908161,,RTCS,วิไลลักษณ์ ศรีสุระ,1959-08-19,3102001661391,,,,2,,,,,,,,,,,,,,,,,,,,,,,,,,,,2025-12-04 09:26:46,,,D,,E,,,,,,,H,,C,FGCR8V,,,2000,,,,,,,,2006-11-30,2025-12-01,,,,,0,,
13781,02,004917394,11485,5600053,,RTCS,สุรินทร์    เบญจวัชรานนท์,1946-11-12,3259900038871,,,,2,,,,,,,,,,,,,,,,,,,,,,,,,,,,2014-10-14 13:11:10,,,,,,,,,2,G,1,1,,C,HEB3VK2R,,,2000,,,,,,,,2013-09-04,2015-06-25,,,,,0,,
13781,02,003804211,13781,003804211,,RTCS,ทิษณุ เทวรักษ์ธนบดี,1955-03-15,3740300563301,,,,1,,,,,,,,,,,,,,,,,,,,,,,,,,,,2019-07-31 16:27:49.999000,,,,,U,,,,,,,H,,C,G1KY0D,,,2000,,,,,,,,2006-11-30,2099-12-31,,,,,0,,
13781,02,004797001,13781,004797001,,RTSS,สุวัฒน์ บุญที,,3230500095569,,,,1,,,,,,,,,,,,,,,,,,,,,,,,,,,,2014-10-17 16:44:39,,,,,,,,,,G,,,,,SSJ119ZD,HD,HD,1500,,2,,,,,,2012-10-15,,,,,,0,,
13781,02,003150531,13781,003150531,,"RTSS,RTSS",บุญช่วย ผลานิสงค์,1930-01-01,3101700558041,,,,1,,,,,,,,,,,,,,,,,,,,,,,,,,,,2014-12-18 09:52:39,,,D,,E,,,,,G,,,,,SSGNVBLS,HD,HD,1500,,2,,,,,,2012-10-15,2014-12-04,,,,,0,,
13781,02,004407824,12063,189077,,RTUC,ปิยะพร หน่อหมาด,,3650800540394,,,,2,,,,,,,,,,,,,,,,,,,,,,,,,,,,2014-10-20 20:04:23.999000,,,,,,,,,2,G,,1,,,HEC1XQFM,PD,HD,1500,,4,,,,,O,2010-01-07,,,,,,0,,
13781,,004491936,13781,004491936,,RTCS,สมทบ ภู่อำไพ,1920-07-23,3120100443307,,,,1,,,,,,,,,,,,,,,,,,,,,,,,,,,,2017-12-17 14:21:34.998000,,,C,,E,,,,,,,H,,C,AWMVWD,,,2000,,,,,,,,2014-10-09,2017-12-18,,,,,0,,
13781,02,004456470,13781,004456470,,RTCL,ธีราศักดิ์ ดูพิมพ์พงศ์,1956-03-22,3102101663361,,,,1,,,,,,,,,,,,,,,,,,,,,,,,,,,,2019-07-31 15:59:29.998000,,,D,,E,,,,,,,H,,,QGX5GE,,,2000,,,,,,,,2011-01-04,2019-03-18,,,,,0,,
13781,02,004931086,13781,004931086,,RTSS,เอกลักษณ์ ช่วยจันทร์,1983-02-10,3860100099871,,,,1,,,,,,,,,,,,,,,,,,,,,,,,,,,,2014-12-18 09:52:39,,,D,,E,,,,,G,,,,,SSHVAIFZ,HD,HD,1500,,2,,,,,,2013-07-24,2014-12-01,,,,,0,,
13781,,001882844,13781,001882844,,RTCS,เจ้า แซ่ลี้,1932-06-25,3101501522641,,,,2,,,,,,,,,,,,,,,,,,,,,,,,,,,,2016-04-17 14:02:26.999000,,,D,,E,,,,1,,,H,,C,,,,2000,,,,,,,,2005-10-07,2016-04-18,,,,,0,,
13781,02,004195274,21708,54-64,,RTUC,สรรเสริญ วรวิทย์สัตถญาณ,,3101402314756,,,,1,,,,,,,,,,,,,,,,,,,,,,,,,,,,2018-01-03 17:20:33.998000,,,,,U,,,,,G,,3,,,HDH45LYY,HD,HD,1500,,2,,,,,O,2014-10-30,,,,,,0,,
13781,02,004466779,11592,1821463,,RTUC,ชัชวาล จริยเสถียร,,3100901932195,,,,1,,,,,,,,,,,,,,,,,,,,,,,,,,,,2015-04-20 14:00:22,,,D,,E,,,,,G,,3,,,HDLRMF1Z,HD,HD,1500,,2,,,,,O,2014-10-30,2015-04-17,,,,,0,,
13781,02,004285198,12044,004339-50,,RTUC,ธารารัตน์ บุญมา,1989-01-14,1600800121514,,,,2,,,,,,,,,,,,,,,,,,,,,,,,,,,,2017-04-19 15:51:17,,,C,,E,,,,,G,,H,,,HDJ45HFN,HD,HD,1500,,7,,,,,O,2016-08-23,2017-04-18,,,,,0,,
13781,02,003960489,13781,003960489,,RTCS,เอ็งเต็ก แซ่โซว,1930-01-01,3130300031673,,,,1,,,,,,,,,,,,,,,,,,,,,,,,,,,,2018-01-17 16:54:28.998000,,,D,,E,,,,,,,H,,C,CH46PS,,,2000,,,,,,,,2010-03-25,2018-01-18,,,,,0,,
13781,02,002241575,13781,002241575,,RTCS,พวงศรี ศรีธนสาร,1972-08-10,3800400421337,,,,2,,,,,,,,,,,,,,,,,,,,,,,,,,,,2020-11-23 09:44:06,,,D,,E,,,,,,,H,,C,MYAJLL,,,2000,,,,,,,,2010-07-02,2020-11-18,,,,,0,,
13781,02,003454529,13781,003454529,,RTCS,พนิจ คงสุข,1956-09-20,3102002208381,,,,1,,,,,,,,,,,,,,,,,,,,,,,,,,,,2016-10-03 14:11:17.998000,,,O,,E,,,,1,,,H,,C,,,,2000,,,,,,,,2004-02-10,2016-10-03,,,,,0,,
13781,,002782402,13781,002782402,,RTCS,สนอง คชาอนันต์,1943-05-06,4100200094604,,,,1,,,,,,,,,,,,,,,,,,,,,,,,,,,,2019-08-06 10:20:16.999000,,,D,,E,,,,,,,H,,C,QK2R0M,,,2000,,,,,,,,2006-08-25,2019-08-03,,,,,0,,
13781,02,002902711,13781,002902711,,RTSS,บัววร เนาวะบุตร,,3350100827987,,,,2,,,,,,,,,,,,,,,,,,,,,,,,,,,,2015-03-03 09:29:08,,,D,,E,,,,,G,,,,,SSIWJX4Y,HD,HD,1500,,2,,,,,,2014-08-21,2014-10-06,,,,,0,,
13781,02,003406922,13781,003406922,,RTSS,อภิรมย์ ใช้ภู่ทอง,1974-10-06,3102300083217,,,,1,,,,,,,,,,,,,,,,,,,,,,,,,,,,2014-12-18 09:52:39,,,D,,E,,,,,G,,,,,SSAKP78S,HD,HD,1500,,1,,,,,,2012-10-15,2014-12-01,,,,,0,,
13781,02,004463838,13781,004463838,,RTCS,ลัดดา แสงศศิธร,1929-10-10,3102002460012,,,,2,,,,,,,,,,,,,,,,,,,,,,,,,,,,2019-07-04 09:33:59,,,D,,E,,,,,,,H,,C,KYRWAW,,,2000,,,,,,,,2011-12-21,2019-07-03,,,,,0,,
13781,02,004748048,10691,0344144,,"RTCS,",บุญเกิด  เทศสกุล,1952-01-01,3160300321728,,,,1,,,,,,,,,,,,,,,,,,,,,,,,,,,,2014-11-14 18:48:57.999000,,,,,,,,,2,G,1,2,,C,HRK1GNY3,,,2000,,,,,,,,2013-05-09,2015-05-09,,,,,0,,
13781,02,004921104,13781,004921104,,RTCS,สันทวี กลึงศาสตร์,1929-08-08,3200101048281,,,,2,,,,,,,,,,,,,,,,,,,,,,,,,,,,2015-08-17 17:28:42,,,O,,E,,,,,,,H,,C,ASMRFD,,,2000,,,,,,,,2015-01-20,2015-08-18,,,,,0,,
13781,02,004888649,24923,1003040,,RTCS,ลัดดา เลิศลดาศักดิ์,1937-06-01,3101500336371,,,,2,,,,,,,,,,,,,,,,,,,,,,,,,,,,2014-11-22 11:14:29,,,,,,,,,2,G,1,2,,C,HRA1BO1J,,,2000,,,,,,,,2013-05-26,2015-05-26,,,,,0,,
13781,02,004388474,13781,004388474,,RTCS,วรชัย เกษประดิษฐ,1946-01-13,3120100868987,,,,1,,,,,,,,,,,,,,,,,,,,,,,,,,,,2019-08-20 09:59:29.998000,,,D,,E,,,,,,,H,,C,HB2MBS,,,2000,,,,,,,,2009-11-23,2019-08-18,,,,,0,,
13781,02,004531686,13781,004531686,,RTSS,ระเบียบ หามนตรี,1959-11-20,3190300557951,,,,2,,,,,,,,,,,,,,,,,,,,,,,,,,,,2021-10-06 14:15:34,,,D,,E,,,,,G,,,,,SSACAGHS,HD,HD,1500,,2,,,,,,2012-10-15,2021-08-03,,,,,0,,
13781,,000750893,13781,000750893,,RTCS,โสภิศ เนียมกสิพงษ์,1955-04-16,3101401001410,,,,2,,,,,,,,,,,,,,,,,,,,,,,,,,,,2023-08-21 14:10:06.999000,,,D,,E,,,,,,,H,,C,FN0EQJ,,,2000,,,,,,,,2006-12-15,2023-08-18,,,,,0,,
13781,02,004456644,13781,004456644,,RTCS,เสียง อุระวัฒน์,1936-01-07,3700100457001,,,,1,,,,,,,,,,,,,,,,,,,,,,,,,,,,2019-03-25 11:31:21.999000,,,D,,E,,,,,,,H,,C,LH2NUV,,,2000,,,,,,,,2010-08-25,2019-03-18,,,,,0,,
13781,02,004260260,10675,32440,,RTUC,ศรีรัตน์ บุปผิ,1956-03-08,3600100036421,,,,2,,,,,,,,,,,,,,,,,,,,,,,,,,,,2018-12-04 15:35:06.998000,,,,,U,,,,,G,,3,,,HDK3ET7T,PD,HD,1500,,4,,,,,R,2014-12-04,,,,,,0,,
13781,02,004947231,13781,004947231,,RTCS,มนู อุปานันท์,1930-01-01,3710700081389,,,,2,,,,,,,,,,,,,,,,,,,,,,,,,,,,2016-03-17 17:42:38,,,D,,E,,,,,G,1,H,,C,A4KM3H,,,2000,,,,,,,,2014-12-01,2016-03-18,,,,,0,,
13781,02,004499960,11743,12412/55,,RTUC,กุยซัง,,5100999041151,,,,2,,,,,,,,,,,,,,,,,,,,,,,,,,,,2017-01-04 10:44:33,,,C,,E,,,,,G,,3,,,HDE3NUD4,HD,HD,1500,,2,,,,,R,2014-12-08,2016-12-23,,,,,0,,
13781,02,004935004,13781,004935004,,RTCS,เฉลิมพล อ้นวงษ์,1949-03-21,3110102424962,,,,1,,,,,,,,,,,,,,,,,,,,,,,,,,,,2014-12-08 09:40:43.999000,,,,,,,,,,,,H,,C,ATRJSP,,,2000,,,,,,,,2014-11-26,2016-11-26,,,,,0,,
13781,02,004197218,13781,004197218,,RTCS,เอนก วิเลปะนะ,1968-03-16,3610100108201,,,,1,,,,,,,,,,,,,,,,,,,,,,,,,,,,2019-07-31 16:27:52,,,,,U,,,,,,,H,,C,E78AM9,,,2000,,,,,,,,2008-07-28,2099-12-31,,,,,0,,
13781,02,002997544,13781,002997544,,RTCS,อรรถพร รุติประภา,1951-11-06,3160100501927,,,,1,,,,,,,,,,,,,,,,,,,,,,,,,,,,2016-09-18 14:58:23,,,D,,E,,,,,,,H,,C,GDJRMM,,,2000,,,,,,,,2008-03-24,2016-09-19,,,,,0,,
13781,02,002366979,13781,002366979,,RTCS,เยี่ยมศรี วิชญกุล,1950-05-19,3100601827949,,,,2,,,,,,,,,,,,,,,,,,,,,,,,,,,,2018-12-19 15:42:58,,,D,,E,,,,,,,H,,C,H53C66,,,2000,,,,,,,,2010-12-15,2018-12-18,,,,,0,,
13781,02,004805054,13781,004805054,,RTCS,หวั่น หลักดี,1935-01-01,3929900059430,,,,2,,,,,,,,,,,,,,,,,,,,,,,,,,,,2017-12-03 13:20:57,,,C,,E,,,,,,,H,,C,H8W9PN,,,2000,,,,,,,,2014-01-07,2017-12-04,,,,,0,,
13781,02,004152098,15219,06031995,,RTUC,วรรณภณา จโนภาส,1946-01-01,3210100241274,,,,2,,,,,,,,,,,,,,,,,,,,,,,,,,,,2018-11-05 12:07:47.998000,,,D,,E,,,,,G,,3,,,HDH3J5JP,HD,HD,1500,,7,,,,,R,2014-12-17,2018-10-31,,,,,0,,
13781,02,002688292,13781,002688292,,RTSS,ปริญญา รุ่งศรีบรรณ,1971-09-08,3120101549818,,,,2,,,,,,,,,,,,,,,,,,,,,,,,,,,,2021-04-05 08:57:31,,,,,,,,,,G,,,,,SSJTN43V,HD,HD,1500,,2,,,,,,2012-10-15,,,,,,0,,
13781,02,004326319,13781,004326319,,RTCS,โฮม พรมมาวัน,1955-07-01,3670300813227,,,,1,,,,,,,,,,,,,,,,,,,,,,,,,,,,2020-06-04 15:59:34,,,D,,E,,,,,,,H,,C,LXGNWA,,,2000,,,,,,,,2009-05-26,2020-06-03,,,,,0,,
13781,02,002049791,13781,002049791,,RTCL,สุมิตร น้อยเสม,1951-11-04,3100601218225,,,,1,,,,,,,,,,,,,,,,,,,,,,,,,,,,2014-12-17 09:38:56.998000,,,,,V,,,,,,,H,,,QTTQJZ,,,2000,,,,,,,,2012-06-06,2016-06-06,,,,,0,,
13781,02,004949484,13781,004949484,,RTCS,เสริม จำเริญกิจ,1932-10-11,3869900058256,,,,1,,,,,,,,,,,,,,,,,,,,,,,,,,,,2020-11-23 09:44:13,,,D,,E,,,,,,,H,,C,EYVH2J,,,2000,,,,,,,,2014-12-17,2020-11-18,,,,,0,,
13781,02,003886323,13781,003886323,,RTCS,อุไร มะเล็งลอย,1944-01-01,3100904979796,,,,2,,,,,,,,,,,,,,,,,,,,,,,,,,,,2016-03-17 17:42:38,,,D,,E,,,,1,,,H,,C,นร1101/4,,,2000,,,,,,,,2005-11-10,2016-03-18,,,,,0,,
13781,02,002842135,13781,002842135,,RTCS,วิภารัศมิ์ ธนภูมิสวัสดิ์,1951-10-29,3521200358899,,,,2,,,,,,,,,,,,,,,,,,,,,,,,,,,,2019-07-31 16:27:52,,,,,U,,,,,,,H,,C,LPAVKT,,,2000,,,,,,,,2012-10-11,2099-12-31,,,,,0,,
13781,02,004336764,13781,004336764,,RTCS,รำไพ ตันนิกร,1937-07-22,3450400080584,,,,2,,,,,,,,,,,,,,,,,,,,,,,,,,,,2017-03-17 17:44:00,,,C,,E,,,,,,,H,,C,BTCFWG,,,2000,,,,,,,,2009-12-02,2017-03-20,,,,,0,,
13781,,003558491,13781,003558491,,RTCS,พงศ์อนันต์ การุณยวนิช,1958-12-23,3209900022362,,,,2,,,,,,,,,,,,,,,,,,,,,,,,,,,,2019-09-04 08:45:18.998000,,,O,,E,,,,,,,H,,C,H3EMZR,,,2000,,,,,,,,2012-12-11,2019-09-03,,,,,0,,
13781,02,004088029,13781,004088029,,RTCS,รัชนี ทับอุไร,1962-08-02,3100602370195,,,,2,,,,,,,,,,,,,,,,,,,,,,,,,,,,2017-05-17 18:03:17,,,C,,E,,,,,,,H,,C,MJ3VKQ,,,2000,,,,,,,,2011-06-08,2017-05-18,,,,,0,,
13781,02,003898014,13781,003898014,,RTCS,ประสิทธิ์ ทองรัตน์,1953-10-30,3110101044309,,,,1,,,,,,,,,,,,,,,,,,,,,,,,,,,,2019-07-31 16:27:52,,,,,U,,,,,,,H,,C,G38OTA,,,2000,,,,,,,,2006-11-01,2099-12-31,,,,,0,,
13781,02,004657965,13781,004657965,,RTSS,วัลลพ แจ่มจำรัส,1981-08-31,3200200049201,,,,1,,,,,,,,,,,,,,,,,,,,,,,,,,,,2026-03-31 10:00:06.998000,,,,,,,,,,G,,,,,SSDGBH61,HD,HD,1500,,2,,,,,,2012-10-15,,,,,,0,,
13781,02,004062792,13781,004062792,,RTCS,วิเชียร สายชุม,1970-03-01,3160101243859,,,,1,,,,,,,,,,,,,,,,,,,,,,,,,,,,2021-12-20 15:43:25.998000,,,D,,E,,,,,,,H,,C,GY6PV3,,,2000,,,,,,,,2008-05-21,2021-12-18,,,,,0,,
13781,02,002816325,13781,002816325,,RTCS,เซี่ยมไอ่ แซ่เตียว,1928-01-01,3101300614173,,,,2,,,,,,,,,,,,,,,,,,,,,,,,,,,,2016-07-20 13:21:50,,,D,,E,,,,,,,H,,C,AAB4YB,,,2000,,,,,,,,2010-09-16,2016-07-21,,,,,0,,
13781,02,001043609,13781,001043609,,RTCS,ชุบ เห็นจริง,1931-04-01,3102002141898,,,,2,,,,,,,,,,,,,,,,,,,,,,,,,,,,2018-01-03 17:16:00.998000,,,C,,E,,,,1,,,H,,C,,,,2000,,,,,,,,2004-12-09,2018-01-03,,,,,0,,
13781,02,004123638,13781,004123638,,RTCS,สมสิน มังคลาภรณ์,1928-10-21,5360990003823,,,,2,,,,,,,,,,,,,,,,,,,,,,,,,,,,2015-09-02 15:55:07,,,D,,E,,,,,,,H,,C,LHTBS6,,,2000,,,,,,,,2008-01-17,2015-09-03,,,,,0,,
13781,02,000946478,13781,000946478,,RTCS,วิบูลย์ แซ่ปึ้ง,1929-01-10,3961100153086,,,,1,,,,,,,,,,,,,,,,,,,,,,,,,,,,2019-04-03 13:50:29,,,D,,E,,,,,,,H,,C,BZLL8H,,,2000,,,,,,,,2008-03-13,2019-04-03,,,,,0,,
13781,02,004864344,11552,5791/55,,RTUC,สมเกียรติ ศรีหิรัญพัลลภ,,3101202158530,,,,1,,,,,,,,,,,,,,,,,,,,,,,,,,,,2015-01-12 10:39:59,,,,,,,,,,G,,3,,,HDD2JDSU,HD,HD,1500,,2,,,,,O,2015-01-09,,,,,,0,,
13781,02,004881523,13781,004881523,,RTCS,กิ่งฟ้า แผนสุพรรณ์,1963-11-28,3609900115782,,,,2,,,,,,,,,,,,,,,,,,,,,,,,,,,,2019-07-31 16:27:52,,,,,U,,,,,,,H,,C,HR548T,,,2000,,,,,,,,2014-06-12,2099-12-31,,,,,0,,
13781,,004442086,13781,004442086,,RTCS,ทวี จันทเพ็ชร์,1961-08-17,3101702071883,,,,1,,,,,,,,,,,,,,,,,,,,,,,,,,,,2021-12-07 09:18:24,,,D,,E,,,,,,,H,,C,GEAJUE,,,2000,,,,,,,,2010-08-09,2021-12-03,,,,,0,,
13781,02,004522783,22614,26997/49,,RTUC,ทัศนีย์ ศิริเปรม,,1100701623036,,,,2,,,,,,,,,,,,,,,,,,,,,,,,,,,,2017-05-01 16:58:31,,,C,,E,,,,,G,,3,,,HDL4IQWR,HD,HD,1500,,4,,,,,O,2015-01-15,2017-05-03,,,,,0,,
13781,02,004934688,13781,004934688,,RTCS,สุวรรณ นุดวงแก้ว,1950-05-19,3550100267513,,,,1,,,,,,,,,,,,,,,,,,,,,,,,,,,,2023-03-22 15:21:54.998000,,,D,,E,,,,,,,H,,C,A7GT3F,,,2000,,,,,,,,2014-11-05,2023-02-18,,,,,0,,
13781,02,004454450,13781,004454450,,RTCS,อนันต์ หล้าหนองไผ่,1947-01-01,3600700247962,,,,1,,,,,,,,,,,,,,,,,,,,,,,,,,,,2020-10-06 11:05:55,,,D,,E,,,,,,,H,,C,QFJ69W,,,2000,,,,,,,,2010-10-26,2020-10-03,,,,,0,,
13781,02,003990386,10685,110034572,,RTUC,บุญจิตต์ ตันสุรัตน์,1950-11-04,3101800230650,,,,2,,,,,,,,,,,,,,,,,,,,,,,,,,,,2015-03-05 15:45:44,,,D,,E,,,,,G,,3,,,HDF4B7WN,HD,HD,1500,,7,,,,,R,2015-01-21,2015-02-20,,,,,0,,
13781,,004947277,13781,004947277,,RTCS,มนชัย อภิชนังกูร,1947-01-01,3849900334369,,,,1,,,,,,,,,,,,,,,,,,,,,,,,,,,,2017-05-17 18:03:17,,,C,,E,,,,,,,H,,C,CQ72D3,,,2000,,,,,,,,2014-12-29,2017-05-18,,,,,0,,
13781,,003219641,13781,003219641,,RTCS,อำนวย พยุงพงษ์,1937-11-04,3100902721180,,,,1,,,,,,,,,,,,,,,,,,,,,,,,,,,,2022-03-21 10:14:35.999000,,,D,,E,,,,,,,H,,C,TVCE9G,,,2000,,,,,,,,2006-05-22,2022-03-18,,,,,0,,
13781,02,001670005,13781,001670005,,RTCS,พรนิภา อิทธิพรนุสนธิ์,1928-07-01,3120600274938,,,,2,,,,,,,,,,,,,,,,,,,,,,,,,,,,2018-06-21 11:35:06,,,O,,E,,,,,,,H,,C,ET9RSQ,,,2000,,,,,,,,2008-07-16,2018-06-03,,,,,0,,
13781,02,002806764,13781,002806764,,RTCS,สมศักดิ์ บัวเผื่อน,1936-02-11,3101500363395,,,,1,,,,,,,,,,,,,,,,,,,,,,,,,,,,2019-06-19 13:50:51,,,D,,E,,,,,,,H,,C,CLQ3WP,,,2000,,,,,,,,2008-01-30,2019-06-18,,,,,0,,
13781,02,004729855,13781,004729855,,RTCS,ชัยเลิศ คำสัตย์,1935-12-29,3102400284974,,,,1,,,,,,,,,,,,,,,,,,,,,,,,,,,,2016-01-04 12:26:06.998000,,,D,,E,,,,,,,H,,C,MTGC29,,,2000,,,,,,,,2013-04-04,2016-01-04,,,,,0,,
13781,02,004231977,13781,004231977,,RTSS,นิรันดร์ จันทร์ตระกูล,1979-12-15,3600500397626,,,,1,,,,,,,,,,,,,,,,,,,,,,,,,,,,2018-10-03 09:26:56,,,D,,E,,,,,G,,,,,SSFPMVKJ,HD,HD,1500,,2,,,,,,2012-10-15,2018-09-17,,,,,0,,
13781,02,003248402,13781,003248402,,RTSS,ณัฐพร อ้อนทอง,,3101700841690,,,,2,,,,,,,,,,,,,,,,,,,,,,,,,,,,2015-01-31 15:59:43.998000,,,,,,,,,,G,,,,,SSGVNLNY,HD,HD,1500,,2,,,,,,2012-10-15,,,,,,0,,
13781,,003068617,13781,003068617,,RTCS,มนตรี จำลองเนตร,1931-01-08,3101401460104,,,,1,,,,,,,,,,,,,,,,,,,,,,,,,,,,2015-02-04 09:49:49,,,,,V,,,,,,,H,,C,D3ZF2X,,,2000,,,,,,,,2007-10-18,2017-10-18,,,,,0,,
13781,02,002945668,13781,002945668,,RTCS,กุลเชษฐ์ หอมสกุล,1959-09-04,3650600764311,,,,1,,,,,,,,,,,,,,,,,,,,,,,,,,,,2019-10-11 10:13:30,,,O,,E,,,,1,,,H,,C,,,,2000,,,,,,,,2004-12-09,2019-10-03,,,,,0,,
13781,02,004963242,13781,004963242,,RTCS,สวง เจียมศรีสมสุข,1958-11-28,3100900586773,,,,1,,,,,,,,,,,,,,,,,,,,,,,,,,,,2015-06-17 16:26:11.998000,,,D,,E,,,,,,,H,,C,F3976B,,,2000,,,,,,,,2015-01-30,2015-06-18,,,,,0,,
13781,02,003998032,13781,003998032,,RTCS,สุพนธ์ เฉลยศิลป์,,3101700471540,,,,1,,,,,,,,,,,,,,,,,,,,,,,,,,,,2019-07-31 15:59:29.998000,,,D,,E,,,,,,,H,,C,QV7GZK,HD,HD,1500,,8,,,,,R,2009-01-14,2018-10-03,,,,,0,,
13781,02,004958487,13781,004958487,,RTCS,สมควร พงษ์สระพัง,1950-08-07,3361100285425,,,,2,,,,,,,,,,,,,,,,,,,,,,,,,,,,2017-08-02 15:50:33.998000,,,C,,E,,,,,,,H,,C,FEA9L8,,,2000,,,,,,,,2015-01-16,2017-08-03,,,,,0,,
13781,02,000728491,13781,000728491,,RTSS,วุฒิภัทร คชสิทธิ์,1957-04-28,3110400591654,,,,1,,,,,,,,,,,,,,,,,,,,,,,,,,,,2017-09-22 15:52:46,,,C,,E,,,,,,,,,,SSCSBY0R,HD,HD,1500,,2,,,,,,2014-10-03,2017-08-30,,,,,0,,
13781,02,004963077,13781,004963077,,RTCS,มณฑา กลิ่นหอมเลิศ,1944-07-18,3100903471667,,,,2,,,,,,,,,,,,,,,,,,,,,,,,,,,,2019-06-19 13:50:46.998000,,,D,,E,,,,,,,H,,C,F269VX,,,2000,,,,,,,,2015-01-23,2019-06-18,,,,,0,,
13781,02,004420292,13781,004420292,,RTCS,บาหยัน มนตรี,1952-01-01,3601200418394,,,,2,,,,,,,,,,,,,,,,,,,,,,,,,,,,2023-03-22 15:22:24.998000,,,O,,E,,,,,,,H,,C,LPLJZB,,,2000,,,,,,,,2010-04-01,2023-02-18,,,,,0,,
13781,02,003511739,13781,003511739,,RTSS,คมศักดิ์ รุ่งเรืองรัตน์,1972-02-14,3101400278337,,,,1,,,,,,,,,,,,,,,,,,,,,,,,,,,,2016-05-18 13:49:41.998000,,,D,,E,,,,,G,,,,,SSHUQHXN,HD,HD,1500,,2,,,,,,2012-10-15,2016-04-11,,,,,0,,
13781,02,004509406,13781,004509406,,RTCS,กชนันท์ ประทุมวงค์,1975-11-03,3660700301291,,,,2,,,,,,,,,,,,,,,,,,,,,,,,,,,,2019-07-31 16:27:53,,,,,U,,,,,,,H,,C,MTGPFM,,,2000,,,,,,,,2011-03-07,2099-12-31,,,,,0,,
13781,02,002838035,13781,002838035,,"RTSS,RTSS",ณัฐติยา ว่องไว,1968-04-13,3320400415552,,,,2,,,,,,,,,,,,,,,,,,,,,,,,,,,,2023-06-21 08:43:27.998000,,,D,,E,,,,,G,,,,,SSAQHPJK,HD,HD,1500,,2,,,,,,2012-10-15,2023-05-21,,,,,0,,
13781,02,004940041,13781,004940041,,RTSS,ศิริพงษ์ ลิกขชัย,1988-11-24,1841500060519,,,,1,,,,,,,,,,,,,,,,,,,,,,,,,,,,2021-01-21 10:50:10.998000,,,D,,E,,,,,G,,,,,SSHBKGCU,HD,HD,1500,,2,,,,,,2014-05-26,2020-07-24,,,,,0,,
13781,02,004117698,13781,004117698,,RTSS,ประกอบ ศักดิ์เจริญชัยกุล,1982-02-02,3670301224233,,,,1,,,,,,,,,,,,,,,,,,,,,,,,,,,,2026-03-31 10:00:07.999000,,,,,,,,,,G,,,,,SSMT1Y9S,KT,KT,1500,,2,,,,,,2012-10-15,,,,,,0,,
13781,02,004558013,10697,275484,,RTUC,นิภา ถาวรเจริญ,1965-08-09,3240200144572,,,,2,,,,,,,,,,,,,,,,,,,,,,,,,,,,2015-02-19 10:57:26.998000,,,,,,,,,,G,,3,,,HDD410N2,HD,HD,1500,,7,,,,,O,2015-02-13,,,,,,0,,
13781,02,002714188,13781,002714188,,RTSS,สมรรถ สุวรรณพงษ์,1964-06-01,3209900214571,,,,1,,,,,,,,,,,,,,,,,,,,,,,,,,,,2019-11-18 15:32:43,,,,,,,,,,G,,,,,SSHOUH5I,HD,HD,1500,,2,,,,,,2012-10-15,,,,,,0,,
13781,02,003430658,13781,003430658,,RTSS,อนวัช พงค์คนึง,1975-01-08,3251200420660,,,,1,,,,,,,,,,,,,,,,,,,,,,,,,,,,2021-11-03 15:52:03.998000,,,D,,E,,,,,G,,,,,SSMQY6UV,HD,HD,1500,,2,,,,,,2012-10-15,2019-04-30,,,,,0,,
13781,,004920432,13781,004920432,,RTCS,อนันต์ ชั้นศิริ,1935-03-13,3200600316869,,,,1,,,,,,,,,,,,,,,,,,,,,,,,,,,,2019-12-18 16:51:10.998000,,,D,,E,,,,,,,H,,C,BK8EUA,,,2000,,,,,,,,2014-10-13,2019-12-18,,,,,0,,
13781,02,003580310,13781,003580310,,RTSS,นิพนธ์ ฉิมคล้าย,1965-01-12,3260300283132,,,,1,,,,,,,,,,,,,,,,,,,,,,,,,,,,2016-11-21 08:48:38.998000,,,D,,E,,,,,G,,,,,SSA0KYDU,HD,HD,1500,,2,,,,,,2014-12-23,2016-10-30,,,,,0,,
13781,02,003338845,13781,003338845,,"RTSS,RTSS",วิทยา เลิศนที,1946-08-04,3120101477078,,,,1,,,,,,,,,,,,,,,,,,,,,,,,,,,,2021-06-18 09:43:01,,,D,,E,,,,,G,,,,,SSE3DMI6,HD,HD,1500,,2,,,,,,2013-09-18,2021-05-05,,,,,0,,
13781,02,004173355,13781,004173355,,RTCS,อัมพร เมฆแดง,1942-04-01,3630100498174,,,,2,,,,,,,,,,,,,,,,,,,,,,,,,,,,2017-06-02 17:36:23,,,C,,E,,,,,,,H,,C,FS5KXD,,,2000,,,,,,,,2008-06-04,2017-06-05,,,,,0,,
13781,02,004352795,23880,1105/51,,RTUC,นาวิน พันธุ์กุหลาบ,,3100300126348,,,,1,,,,,,,,,,,,,,,,,,,,,,,,,,,,2017-07-03 17:30:40,,,C,,E,,,,,G,,3,,,HDM3X3TI,HD,HD,1500,,7,,,,,O,2015-03-10,2017-07-03,,,,,0,,
13781,02,004501293,NHSO1,201596976,,RTUC,ประเสริฐ กี่สุขพันธ์,,3102002298037,,,,1,,,,,,,,,,,,,,,,,,,,,,,,,,,,2015-03-10 18:00:47.999000,,,,,,,,,,G,,H,,,UCK15MH1,HD,HD,0,,6,,,,,O,2015-02-13,,,,,,0,,
13781,02,004831007,13781,004831007,,RTCS,อดาวัลย์ วิหารทอง,1957-11-22,3102201768416,,,,2,,,,,,,,,,,,,,,,,,,,,,,,,,,,2018-10-19 11:13:24.998000,,,O,,X,,,,,,,H,,C,H98KRL,,,2000,,,,,,,,2014-02-25,2018-10-03,,,,,0,,
13781,02,003602051,28782,222257,,RTUC,ประทุมมาศ รอดประดิษฐ์,2515-04-28,3101801022287,,,,2,,,,,,,,,,,,,,,,,,,,,,,,,,,,2015-03-16 10:40:22,,,,,,,,,,G,,3,,,HDC35C23,HD,HD,1500,,7,,,,,O,2015-03-13,,,,,,0,,
13781,02,004921731,13781,004921731,,RTCS,ลำจวน สาแย้ม,1929-01-01,3102002434488,,,,2,,,,,,,,,,,,,,,,,,,,,,,,,,,,2018-02-17 16:56:13.998000,,,D,,E,,,,,,,H,,C,G432SJ,,,2000,,,,,,,,2015-03-11,2018-02-19,,,,,0,,
13781,02,004109353,13781,004109353,,RTCS,รุจน์ จตุศาสตร์,1974-05-19,3809900030459,,,,1,,,,,,,,,,,,,,,,,,,,,,,,,,,,2019-07-31 16:27:53.998000,,,,,U,,,,,,,H,,C,DLVJYT,,,2000,,,,,,,,2007-11-16,2099-12-31,,,,,0,,
13781,02,002483656,13781,002483656,,RTCS,พิชญา ดิสสรา,1975-07-15,3120101827583,,,,2,,,,,,,,,,,,,,,,,,,,,,,,,,,,2021-03-18 12:03:08.999000,,,,,U,,,,,,,H,,C,EXX2TA,,,2000,,,,,,,,2021-03-19,2099-12-31,,,,,0,,
13781,02,003113372,11621,56-13708,,RTUC,สุรชัย หัถพรสวรรค์,,3101801285385,,,,1,,,,,,,,,,,,,,,,,,,,,,,,,,,,2016-09-05 13:08:31.999000,,,D,,E,,,,,G,,3,,,HDJ329OH,HD,HD,1500,,2,,,,,R,2015-03-14,2016-08-20,,,,,0,,
13781,02,004187814,13781,004187814,,RTCS,ถวัลย์ คงฤทธิ์,1943-06-19,3180400482341,,,,1,,,,,,,,,,,,,,,,,,,,,,,,,,,,2017-05-17 18:03:17,,,C,,E,,,,,,,H,,C,HYT77E,,,2000,,,,,,,,2008-07-09,2017-05-18,,,,,0,,
13781,02,004097509,13781,004097509,,RTCS,หมั่น เนื้อทอง,1934-07-01,3450600412742,,,,2,,,,,,,,,,,,,,,,,,,,,,,,,,,,2015-03-19 10:47:50.999000,,,,,V,,,,,,,H,,C,GVVSS3,,,2000,,,,,,,,2007-06-25,2017-06-25,,,,,0,,
13781,02,004980845,13781,004980845,,RTSS,สมพงษ์ วรรณโชติ,1956-06-01,3440300988789,,,,1,,,,,,,,,,,,,,,,,,,,,,,,,,,,2024-01-02 11:19:53,,,S,,E,,,,,G,,,,,SSHHC8J2,HD,HD,1500,,2,,,,,,2012-10-15,2023-12-31,,,,,0,,
13781,02,004561335,13781,004561335,,RTCS,ยงยุทธ ศรีคำฝั้น,1953-05-05,3501500241989,,,,1,,,,,,,,,,,,,,,,,,,,,,,,,,,,2021-04-22 08:52:50.998000,,,D,,E,,,,,,,H,,C,HB9KPM,,,2000,,,,,,,,2011-09-23,2021-04-18,,,,,0,,
13781,02,002073141,13781,002073141,,RTSS,กรรณิการ์ โกยทา,,3130100087764,,,,2,,,,,,,,,,,,,,,,,,,,,,,,,,,,2015-03-26 06:39:58.999000,,,,,,,,,,G,,,,,SSFVTZG6,HD,HD,1500,,2,,,,,,2012-10-15,,,,,,0,,
13781,02,003436429,13781,003436429,,RTCS,เสริม นพฤทธิ์,1941-02-13,3240600022962,,,,2,,,,,,,,,,,,,,,,,,,,,,,,,,,,2015-03-26 09:25:32,,,,,V,,,,,,,H,,C,LG7Y7J,,,2000,,,,,,,,2013-02-11,2017-02-11,,,,,0,,
13781,02,004654595,13781,004654595,,RTCS,สัมฤทธิ์ กระต่ายนาค,1953-05-23,3100300333459,,,,1,,,,,,,,,,,,,,,,,,,,,,,,,,,,2019-07-31 16:27:54.998000,,,,,U,,,,,,,H,,C,A26HMN,,,2000,,,,,,,,2012-07-24,2099-12-31,,,,,0,,
13781,02,000278386,22179,57/08933,,RTUC,สมพิศ สุริยงค์,,3100503471911,,,,2,,,,,,,,,,,,,,,,,,,,,,,,,,,,2015-07-21 13:26:47.998000,,,D,,E,,,,,G,,3,,,HDH3ZHW0,HD,HD,1500,,2,,,,,R,2015-04-03,2015-07-03,,,,,0,,
13781,02,004921129,24191,2254/48,,RTUC,สิริวรรณ มีแสง,,3150200138425,,,,2,,,,,,,,,,,,,,,,,,,,,,,,,,,,2015-04-04 08:29:59.998000,,,,,,,,,,G,,3,,,HDM4IXYM,HD,HD,1500,,5,,,,,O,2015-04-03,,,,,,0,,
13781,02,003754098,11946,54-2290,,RTCS,เพ็ญศรี  ไชยสมทิพย์,1955-04-01,3670100330184,,,,2,,,,,,,,,,,,,,,,,,,,,,,,,,,,2015-04-04 06:33:40.999000,,,,,U,,,,2,G,1,1,,C,HEG4S5EK,,,2000,,,,,,,,2011-11-23,2015-11-23,,,,,0,,
13781,02,004854202,12033,19347-53,,RTUC,กิตติพงษ์ พิมพ์พืชน์,,3160100456981,,,,1,,,,,,,,,,,,,,,,,,,,,,,,,,,,2015-04-05 08:29:59.998000,,,,,,,,,,G,,3,,,HDA2LUI5,HD,HD,1500,,8,,,,,O,2015-04-04,,,,,,0,,
13781,,004862037,13781,004862037,,RTCS,ละ มิละโฮ,1940-01-01,3130600501942,,,,2,,,,,,,,,,,,,,,,,,,,,,,,,,,,2021-04-07 08:30:40,,,D,,E,,,,,,,H,,C,QJ9HJL,,,2000,,,,,,,,2014-04-22,2021-04-03,,,,,0,,
13781,02,001109381,13781,001109381,,RTCS,นิภา ทองเหลี่ยม,1956-01-14,3101202245513,,,,2,,,,,,,,,,,,,,,,,,,,,,,,,,,,2015-05-05 15:11:28,,,O,,E,,,,,,,H,,C,E2QFC8,,,2000,,,,,,,,2006-10-12,2015-05-06,,,,,0,,
13781,02,004635522,11743,55/13652,,RTUC,ปราณี สมใจ,,3110101956499,,,,2,,,,,,,,,,,,,,,,,,,,,,,,,,,,2015-04-08 18:00:00.998000,,,,,,,,,,G,,3,,,HDB3WKZN,HD,HD,1500,,2,,,,,O,2015-04-08,,,,,,0,,
13781,,004967475,13781,004967475,,RTCS,อำนวย โพธิยานนท์,1928-04-01,3610500092051,,,,1,,,,,,,,,,,,,,,,,,,,,,,,,,,,2016-03-02 15:47:28,,,D,,E,,,,,,,H,,C,FN45YZ,,,2000,,,,,,,,2015-02-11,2016-03-03,,,,,0,,
13781,02,003943277,13781,003943277,,RTCS,บังอร จันทร์พ่วง,1954-04-06,3180400064476,,,,2,,,,,,,,,,,,,,,,,,,,,,,,,,,,2017-11-02 16:13:30,,,C,,E,,,,,,,H,,C,E304QJ,,,2000,,,,,,,,2007-01-25,2017-11-03,,,,,0,,
13781,02,002795016,13781,002795016,,RTSS,ปรีชา ศุภผล,1960-04-10,3100202044134,,,,1,,,,,,,,,,,,,,,,,,,,,,,,,,,,2015-05-21 08:54:55.998000,,,D,,E,,,,,G,,,,,SSAL5B6P,HD,HD,1500,,2,,,,,,2012-10-15,2015-04-28,,,,,0,,
13781,02,004600828,13781,004600828,,RTCS,อารียา ตัวลือ,1977-07-07,3101300748161,,,,2,,,,,,,,,,,,,,,,,,,,,,,,,,,,2023-05-08 08:15:01.998000,,,,,E,,,,,,,H,,C,Q5ZU9D,,,2000,,,,,,,,2012-01-26,2022-09-30,,,,,0,,
13781,02,001778225,13781,001778225,,RTCS,สุนทรา เอกภูม,1928-09-12,3101202377614,,,,2,,,,,,,,,,,,,,,,,,,,,,,,,,,,2015-04-17 09:48:21.998000,,,,,V,,,,,,,H,,C,C1W4LR,,,2000,,,,,,,,2006-11-01,2017-11-01,,,,,0,,
13781,02,004046030,13781,004046030,,RTCS,แส่ จือทรวง,1937-01-01,3101701743357,,,,1,,,,,,,,,,,,,,,,,,,,,,,,,,,,2018-02-17 16:56:13.998000,,,O,,E,,,,,,,H,,C,Q57BJC,,,2000,,,,,,,,2008-10-30,2018-02-19,,,,,0,,
13781,02,002749619,13781,002749619,,RTCS,วิไลสม สถิรกุล,1935-04-03,3101400512330,,,,2,,,,,,,,,,,,,,,,,,,,,,,,,,,,2019-10-11 10:13:39,,,D,,E,,,,,,,H,,C,CMYC7H,,,2000,,,,,,,,2007-05-16,2019-10-03,,,,,0,,
13781,02,004955419,13781,004955419,,RTCS,ศิริพร คล้ายชม,1952-01-01,4101700065647,,,,2,,,,,,,,,,,,,,,,,,,,,,,,,,,,2023-05-08 08:15:41,,,,,E,,,,,,,H,,C,QS255C,,,2000,,,,,,,,2015-01-07,2022-09-30,,,,,0,,
13781,02,3942795,13781,3942795,,RTSS,พลภัทร พุกเจริญ,,3210100826108,,,,1,,,,,,,,,,,,,,,,,,,,,,,,,,,,2015-06-24 09:48:14.998000,,,,,X,,,,,G,,H,,,SSKJOCX2,HD,HD,1500,,1,,,,,,2012-10-15,2015-07-03,,,,,0,,
13781,02,004532107,13781,004532107,,RTCS,สุชาติ โกพันธุ์,1954-08-25,3110101457158,,,,1,,,,,,,,,,,,,,,,,,,,,,,,,,,,2015-04-29 09:43:04.999000,,,,,V,,,,,,,H,,C,EL9TYE,,,2000,,,,,,,,2011-06-02,2017-06-02,,,,,0,,
13781,,004689445,13781,004689445,,RTCS,เสี่ยน วิชาชาติ,1943-01-15,3341200303581,,,,2,,,,,,,,,,,,,,,,,,,,,,,,,,,,2022-10-04 10:00:13.998000,,,D,,E,,,,,,,H,,C,M28CRB,,,2000,,,,,,,,2013-05-22,2022-10-03,,,,,0,,
13781,02,002115465,13781,002115465,,RTCS,สุชาติ ตุลยาเดชานนท์,1934-04-01,3101400152635,,,,1,,,,,,,,,,,,,,,,,,,,,,,,,,,,2023-03-22 15:22:29,,,D,,E,,,,,,,H,,C,I39LBN,,,2000,,,,,,,,2015-04-07,2023-02-18,,,,,0,,
13781,02,002654293,13781,002654293,,RTCS,ชัยวัฒน์ เจตน์สว่างศรี,1925-01-01,3100700259167,,,,1,,,,,,,,,,,,,,,,,,,,,,,,,,,,2016-11-02 16:53:50,,,D,,E,,,,,,,H,,C,IACPCP,,,2000,,,,,,,,2015-04-30,2016-11-03,,,,,0,,
13781,,004530519,13781,004530519,,RTCS,คมสัน จีนสิน,1960-12-04,3100504193248,,,,1,,,,,,,,,,,,,,,,,,,,,,,,,,,,2015-07-02 15:34:04,,,D,,E,,,,,,,H,,C,I286PK,,,2000,,,,,,,,2015-04-30,2015-07-03,,,,,0,,
13781,02,004474484,13781,004474484,,RTCS,ภิรมย์ บัวแก้ว,1966-10-28,3930100689546,,,,1,,,,,,,,,,,,,,,,,,,,,,,,,,,,2016-04-17 14:02:26.999000,,,O,,E,,,,,,,H,,C,BB4GJQ,,,2000,,,,,,,,2010-10-19,2016-04-18,,,,,0,,
13781,02,004938727,13781,004938727,,RTSS,ธงชาติ เพียรทอง,1971-08-31,3760500935899,,,,1,,,,,,,,,,,,,,,,,,,,,,,,,,,,2022-09-19 16:14:35.999000,,,D,,E,,,,,G,,,,,SSDCW0PG,HD,HD,1500,,2,,,,,,2012-10-15,2022-09-01,,,,,0,,
13781,02,002947286,13781,002947286,,RTCS,จิราพร ศุกรวรรณ,1950-07-01,3100100889305,,,,2,,,,,,,,,,,,,,,,,,,,,,,,,,,,2015-05-26 09:40:34.998000,,,,,V,,,,,,,H,,C,GMS44Y,,,2000,,,,,,,,2006-10-03,2017-10-03,,,,,0,,
13781,02,004872451,13781,004872451,,RTCS,พรชัย อาจประสม,1981-06-02,3250300651492,,,,1,,,,,,,,,,,,,,,,,,,,,,,,,,,,2021-09-07 16:09:45.998000,,,D,,E,,,,,,,H,,C,HC9SPJ,,,2000,,,,,,,,2014-05-30,2021-09-03,,,,,0,,
13781,02,004773745,11560,5704907,,RTUC,ประเสริฐ หงษ์ขจร,,3100501407247,,,,1,,,,,,,,,,,,,,,,,,,,,,,,,,,,2016-09-19 16:32:36.998000,,,D,,E,,,,,G,,3,,,HDA1T0NZ,HD,HD,0,,6,,,,,O,2015-05-05,2016-09-04,,,,,0,,
13781,,000142776,13781,000142776,,RTCS,กิตติ เอี่ยมโอภาส,1941-02-07,3101401292171,,,,1,,,,,,,,,,,,,,,,,,,,,,,,,,,,2022-09-07 08:29:45.999000,,,D,,E,,,,,,,H,,C,F14CCP,,,2000,,,,,,,,2006-12-01,2022-09-03,,,,,0,,
13781,02,003406598,13781,003406598,,RTCS,บุญจันทร์ ดงแดง,1935-01-01,3100503478117,,,,1,,,,,,,,,,,,,,,,,,,,,,,,,,,,2020-11-06 10:59:59,,,D,,E,,,,,,,H,,C,G2H96W,,,2000,,,,,,,,2015-03-20,2020-11-03,,,,,0,,
13781,02,004286352,14534,39888/51,,RTUC,แหวน ทนุสัตย์,1947-02-12,3240800059576,,,,1,,,,,,,,,,,,,,,,,,,,,,,,,,,,2017-07-13 17:02:13,,,U,,E,,,,,G,,H,,,HDC3ZJFZ,PD,HD,1500,,4,,,,,R,2017-07-11,2022-12-31,,,,,0,,
13781,02,004797950,13781,004797950,,RTCS,สุภานิตย์ เพชรเสน่ห์กุล,1982-05-21,5302000001082,,,,2,,,,,,,,,,,,,,,,,,,,,,,,,,,,2019-07-31 16:27:54.998000,,,,,U,,,,,,,H,,C,HRT3SD,,,2000,,,,,,,,2013-09-20,2099-12-31,,,,,0,,
13781,02,003693779,13781,003693779,,RTCS,ประเวศ ฝึกฝน,1943-01-27,3102201778411,,,,1,,,,,,,,,,,,,,,,,,,,,,,,,,,,2020-04-07 08:57:45,,,D,,E,,,,2,,,H,,C,,,,2000,,,,,,,,2004-03-17,2020-04-03,,,,,0,,
13781,02,004180782,13781,004180782,,RTCS,วาสนา โยธินกิจโกศล,1935-07-01,3101700578972,,,,2,,,,,,,,,,,,,,,,,,,,,,,,,,,,2022-06-06 13:10:06.998000,,,D,,E,,,,,,,H,,C,K4PPBS,,,2000,,,,,,,,2008-06-18,2022-06-03,,,,,0,,
13781,,001477778,13781,001477778,,RTCS,สมจิต วัชรสินธุ์,1925-01-01,3840400023137,,,,2,,,,,,,,,,,,,,,,,,,,,,,,,,,,2022-10-04 10:00:25,,,D,,E,,,,,,,H,,C,JN5897,,,2000,,,,,,,,2015-05-07,2022-10-03,,,,,0,,
13781,02,001474626,13781,001474626,,RTCS,ปัญจะ เกสรทอง,1931-08-05,3679900188151,,,,1,,,,,,,,,,,,,,,,,,,,,,,,,,,,2015-06-04 09:55:54.998000,,,,,V,,,,1,,,H,,C,นร0701/1,,,2000,,,,,,,,2006-09-22,2017-09-22,,,,,0,,
13781,02,003312909,13781,003312909,,RTCS,ปราโมทย์ น้อยใจบุญ,1934-09-28,3240100373677,,,,1,,,,,,,,,,,,,,,,,,,,,,,,,,,,2016-01-04 12:26:06.998000,,,D,,E,,,,,,,H,,C,FTDCMK,,,2000,,,,,,,,2008-08-08,2016-01-04,,,,,0,,
13781,02,004831758,13781,004831758,,RTCS,นิพัทธ์ สระฉันทพงษ์,1960-03-11,3199900075114,,,,1,,,,,,,,,,,,,,,,,,,,,,,,,,,,2019-07-31 16:27:55.998000,,,,,U,,,,,,,H,,C,H822RB,,,2000,,,,,,,,2014-01-07,2099-12-31,,,,,0,,
13781,,004983005,13781,004983005,,RTCS,สมชาย อินทรเทศ,1942-01-15,3101701284204,,,,1,,,,,,,,,,,,,,,,,,,,,,,,,,,,2020-03-20 16:39:39.998000,,,D,,E,,,,,,,H,,C,GB95VX,,,2000,,,,,,,,2015-03-24,2020-03-18,,,,,0,,
13781,02,001053219,13781,001053219,,RTCS,ดวงเพ็ญ ผาสุข,1936-08-01,3101403056556,,,,2,,,,,,,,,,,,,,,,,,,,,,,,,,,,2025-05-20 15:37:37.999000,,,D,,E,,,,1,,,H,,C,,,,2000,,,,,,,,2004-11-12,2025-05-19,,,,,0,,
13781,02,004531529,13781,004531529,,RTCS,วีรวิชญ์ ศิริวิภาสถิตย์,1960-10-12,3180300182477,,,,1,,,,,,,,,,,,,,,,,,,,,,,,,,,,2019-05-24 13:14:26.998000,,,D,,E,,,,,,,H,,C,EK9TRJ,,,2000,,,,,,,,2013-10-28,2019-05-18,,,,,0,,
13781,02,004804463,15289,011/57,,RTUC,อับดุลมุลตาเล็บ วังเวง,,3101402311978,,,,1,,,,,,,,,,,,,,,,,,,,,,,,,,,,2015-06-02 17:00:44,,,,,,,,,,G,,3,,,HDE2ECER,HD,HD,1500,,2,,,,,O,2015-06-02,,,,,,0,,
13781,02,003955565,13781,003955565,,RTSS,ปรานอม พุกทอง,1960-08-03,3600100534766,,,,2,,,,,,,,,,,,,,,,,,,,,,,,,,,,2016-07-05 09:01:48,,,D,,E,,,,,G,,,,,SSBHG8D2,HD,HD,1500,,2,,,,,,2012-10-15,2016-06-09,,,,,0,,
13781,02,004286217,13781,004286217,,RTCS,ทองดี เหมเสถียร,1955-02-05,5100700025928,,,,2,,,,,,,,,,,,,,,,,,,,,,,,,,,,2015-10-02 17:36:42,,,O,,E,,,,,,,H,,C,ARULSH,,,2000,,,,,,,,2009-01-06,2015-10-05,,,,,0,,
13781,02,004724710,13781,004724710,,RTCS,ชัยนันท์ ฉิมแย้ม,1948-06-13,3550900218347,,,,1,,,,,,,,,,,,,,,,,,,,,,,,,,,,2025-07-18 14:49:31.998000,,,D,,E,,,,,,,H,,C,F285NS,,,2000,,,,,,,,2013-02-20,2025-07-07,,,,,0,,
13781,02,005006621,13781,005006621,,RTCS,บุญประเสริฐ ณ เชียงใหม่,1929-09-07,3100602429955,,,,1,,,,,,,,,,,,,,,,,,,,,,,,,,,,2015-09-02 15:55:07,,,D,,E,,,,,,,H,,C,KNKX6F,,,2000,,,,,,,,2015-06-09,2015-09-03,,,,,0,,
13781,02,004774053,13781,004774053,,RTCS,พงษ์ศักดิ์ เลิศบุรุษ,1960-08-10,3102000205538,,,,1,,,,,,,,,,,,,,,,,,,,,,,,,,,,2022-01-19 07:40:52,,,D,,E,,,,,,,H,,C,AWBQM2,,,2000,,,,,,,,2013-07-25,2022-01-18,,,,,0,,
13781,02,004907839,13781,004907839,,RTCS,สุรพล ครองศักดิ์ศรี,1952-04-15,3100500583106,,,,1,,,,,,,,,,,,,,,,,,,,,,,,,,,,2024-11-19 13:50:29,,,D,,E,,,,,,,H,,C,D4JUHT,,,2000,,,,,,,,2014-08-14,2024-11-11,,,,,0,,
13781,02,002694517,13781,002694517,,RTCS,เสวียง สุนทร,1937-07-01,5100700024441,,,,2,,,,,,,,,,,,,,,,,,,,,,,,,,,,2022-09-07 08:29:43.998000,,,D,,E,,,,,,,H,,C,G2POEV,,,2000,,,,,,,,2007-01-29,2022-09-03,,,,,0,,
13781,02,005002002,13781,005002002,,RTSS,สุชาต อุ้ยณรงค์,1956-02-06,3101700629992,,,,1,,,,,,,,,,,,,,,,,,,,,,,,,,,,2021-08-03 08:35:02.998000,,,D,,E,,,,,G,,,,,SSMLR86B,HD,HD,1500,,1,,,,,,2012-10-15,2021-07-07,,,,,0,,
13781,02,002158422,13781,002158422,,RTSS,พัชนี อริยกุลไชยศิลป์,1943-01-01,3100902417456,,,,2,,,,,,,,,,,,,,,,,,,,,,,,,,,,2019-01-17 13:47:48,,,D,,E,,,,,G,,,,,SSEBGUBC,HD,HD,1500,,2,,,,,,2013-01-12,2019-01-07,,,,,0,,
13781,02,002374281,13781,002374281,,RTCS,ตวง ศตสังวัตสร์,1955-06-29,3110401242254,,,,1,,,,,,,,,,,,,,,,,,,,,,,,,,,,2019-07-31 16:27:56.999000,,,,,U,,,,,,,H,,C,HU29LS,,,2000,,,,,,,,2014-06-11,2099-12-31,,,,,0,,
13781,,003942795,13781,003942795,,RTSS,พลภัทร พุกเจริญ,1982-08-24,3210100826108,,,,1,,,,,,,,,,,,,,,,,,,,,,,,,,,,2017-11-03 16:51:59,,,,,,,,,,,,H,,,SSKJOCX2,HD,HD,1500,,1,,,,,,2012-10-15,,,,,,0,,
13781,02,005015624,10736,0513132,,"RTCS,",ศิราภรณ์  ประยูรดารา,1956-11-27,3760100049531,,,,2,,,,,,,,,,,,,,,,,,,,,,,,,,,,2015-06-26 13:53:21.999000,,,,,,,,,2,G,2,2,,C,HRJ98JPP,,,2000,,,,,,,,2009-12-01,2017-12-01,,,,,0,,
13781,02,004757164,13781,004757164,,RTSS,พิภพ วิลัย,1980-07-12,3570400766817,,,,1,,,,,,,,,,,,,,,,,,,,,,,,,,,,2019-08-05 16:28:35,,,D,,E,,,,,G,,,,,SSJLX6SL,HD,HD,1500,,2,,,,,,2013-11-11,2019-06-08,,,,,0,,
13781,02,004606163,11882,0013/58,,RTUC,จิราพร ทองเพชร์,,3251200095513,,,,2,,,,,,,,,,,,,,,,,,,,,,,,,,,,2016-11-02 14:00:04.998000,,,,,,,,,,G,,H,,,HDM4BGS8,HD,HD,1500,,4,,,,,O,2016-10-30,,,,,,0,,
13781,02,003601849,13781,003601849,,RTCS,ปราณี ยอดวิมล,1960-08-02,3100202751515,,,,2,,,,,,,,,,,,,,,,,,,,,,,,,,,,2020-09-08 13:55:38.999000,,,D,,E,,,,1,,,H,,C,อก0509/2,,,2000,,,,,,,,2006-03-30,2020-09-03,,,,,0,,
13781,02,003991407,13781,003991407,,RTCS,วิสุทธิ์ ทองศรี,1963-04-17,3610400309822,,,,1,,,,,,,,,,,,,,,,,,,,,,,,,,,,2023-10-04 09:50:09,,,O,,E,,,,,,,H,,C,FDJ7V6,,,2000,,,,,,,,2007-08-21,2023-10-03,,,,,0,,
13781,02,005006718,13781,005006718,,RTCS,วรา คุณาธิมาพันธ์,1936-01-01,3770600333360,,,,1,,,,,,,,,,,,,,,,,,,,,,,,,,,,2022-03-04 08:09:56.998000,,,D,,E,,,,,G,1,H,,C,OUH65U,,,2000,,,,,,,,2015-09-04,2022-03-03,,,,,0,,
13781,02,003470385,13781,003470385,,"RTSS,RTSS",นัฐนันท์ เจริญกิจทิพกานต์,,3500900917385,,,,2,,,,,,,,,,,,,,,,,,,,,,,,,,,,2022-11-03 10:49:24.998000,,,,,,,,,,G,,,,,SSBJ6TKE,HD,HD,1500,,2,,,,,,2015-03-11,,,,,,0,,
13781,02,004326061,13781,004326061,,RTCS,ประจวบ อรุณเรือง,1934-08-01,3101401022964,,,,2,,,,,,,,,,,,,,,,,,,,,,,,,,,,2015-09-02 15:55:07,,,D,,E,,,,,,,H,,C,MG8Y5G,,,2000,,,,,,,,2009-05-07,2015-09-03,,,,,0,,
13781,02,004970367,12119,00589-58,,RTUC,วิบูลย์ อัตถาภิวัฒนพงษ์,,3102201392912,,,,1,,,,,,,,,,,,,,,,,,,,,,,,,,,,2017-12-18 17:07:03,,,C,,E,,,,,G,,3,,,HDH2LEYL,HD,HD,1500,,4,,,,,O,2015-07-07,2017-12-18,,,,,0,,
13781,02,005014702,11260,144814,,RTUC,เจตพร จูประจน,,3669700081850,,,,1,,,,,,,,,,,,,,,,,,,,,,,,,,,,2015-07-07 18:00:01.998000,,,,,,,,,,G,,3,,,HDL34G8W,HD,HD,1500,,4,,,,,O,2015-07-07,,,,,,0,,
13781,02,004754467,13781,004754467,,RTCS,วาสนา ทองกร,1955-02-10,3130100537514,,,,2,,,,,,,,,,,,,,,,,,,,,,,,,,,,2022-06-06 13:10:01.999000,,,D,,E,,,,,,,H,,C,APFFCF,,,2000,,,,,,,,2013-05-23,2022-06-03,,,,,0,,
13781,02,004757910,10736,611653,,RTUC,ยอดชาย มีวาสนา,,3760700280250,,,,1,,,,,,,,,,,,,,,,,,,,,,,,,,,,2015-07-13 18:00:00.998000,,,,,,,,,,G,,2,,,HRB3TCRX,PD,HD,1500,,4,,,,,O,2015-07-09,,,,,,0,,
13781,02,004482234,10726,000037857,,"RTCS,",ละเอียด ช่างม่วง,1947-12-12,3660100325881,,,,2,,,,,,,,,,,,,,,,,,,,,,,,,,,,2015-07-15 14:15:59.999000,,,,,,,,,2,G,2,1,,C,HEA2YP62,,,2000,,,,,,,,2007-08-22,2017-08-22,,,,,0,,
13781,02,002855314,13781,002855314,,RTCS,ฮิ้ม ลิมปรุ่งพัฒนกิจ,1935-01-01,3200200456167,,,,1,,,,,,,,,,,,,,,,,,,,,,,,,,,,2019-07-31 16:27:56.999000,,,,,U,,,,,,,H,,C,ATF2QR,,,2000,,,,,,,,2014-09-25,2099-12-31,,,,,0,,
13781,02,004404828,14588,52-03386,,RTUC,อนุชิต กิจโอสถ,2533-04-12,1141200088902,,,,1,,,,,,,,,,,,,,,,,,,,,,,,,,,,2016-01-18 13:33:32,,,D,,E,,,,,G,,3,,,HDJ3WL2Q,HD,HD,1500,,2,,,,,O,2015-07-16,2016-01-03,,,,,0,,
13781,02,004570033,13781,004570033,,RTSS,หัสพล นวลมุสิก,1980-01-01,3840300150498,,,,1,,,,,,,,,,,,,,,,,,,,,,,,,,,,2026-03-31 10:00:10,,,,,,,,,,G,,,,,SSJ5O6DK,KT,KT,1500,,2,,,,,,2012-10-15,,,,,,0,,
13781,02,003951255,13781,003951255,,RTCS,ณัฐพัชร์ อินทุภูติ,1927-06-05,3101700584557,,,,1,,,,,,,,,,,,,,,,,,,,,,,,,,,,2019-03-25 11:31:19,,,D,,E,,,,,,,H,,C,CA3JSK,,,2000,,,,,,,,2009-10-19,2019-03-18,,,,,0,,
13781,02,003768069,13781,003768069,,RTCS,สุระ โตวงค์,1954-09-07,3120100753306,,,,1,,,,,,,,,,,,,,,,,,,,,,,,,,,,2016-09-02 19:21:13,,,D,,E,,,,,,,H,,C,ADDJ3R,,,2000,,,,,,,,2010-01-25,2016-09-05,,,,,0,,
13781,02,004704653,13781,004704653,,RTCS,วิลาวรรณ์ มณีวัต,1961-02-18,3840700240818,,,,2,,,,,,,,,,,,,,,,,,,,,,,,,,,,2018-01-03 17:16:00.998000,,,C,,E,,,,,,,H,,C,MPGDQK,,,2000,,,,,,,,2013-01-02,2018-01-03,,,,,0,,
13781,02,004988421,13781,004988421,,RTSS,โรจน์ เขียวคำ,1961-03-26,3190300527598,,,,1,,,,,,,,,,,,,,,,,,,,,,,,,,,,2022-03-17 15:17:11,,,D,,E,,,,,G,,,,,SSHV59K7,HD,HD,1500,,2,,,,,,2014-08-07,2022-02-28,,,,,0,,
13781,02,004923014,22555,200904153,,RTUC,ยอดเพชร จันทะคัด,1982-02-25,3450800117680,,,,1,,,,,,,,,,,,,,,,,,,,,,,,,,,,2015-07-21 11:07:19,,,,,U,,,,2,G,,1,,,HEL3P2JB,HD,HD,1500,,7,,,,,O,2008-10-01,,,,,,0,,
13781,02,004610454,11743,47/10766,,RTUC,จิราภรณ์ สุระกำพลธร,,3119900483981,,,,2,,,,,,,,,,,,,,,,,,,,,,,,,,,,2016-09-19 16:32:35.998000,,,D,,E,,,,,G,,3,,,HDB488SX,HD,HD,1500,,2,,,,,O,2015-07-21,2016-09-08,,,,,0,,
13781,02,001812038,13781,001812038,,RTCS,ลาวัลย์ คงศิลป์,1960-12-04,3141400284744,,,,2,,,,,,,,,,,,,,,,,,,,,,,,,,,,2021-10-07 10:09:25,,,O,,E,,,,,,,H,,C,HNYHVK,,,2000,,,,,,,,2006-10-05,2021-10-03,,,,,0,,
13781,02,002794341,13781,002794341,,RTCS,ไพบูลย์ สมโสภณ,1934-01-10,3809900045081,,,,1,,,,,,,,,,,,,,,,,,,,,,,,,,,,2016-05-17 15:48:44.998000,,,D,,E,,,,,,,H,,C,WFCHLG,,,2000,,,,,,,,2006-05-23,2016-05-18,,,,,0,,
13781,02,003565836,13781,003565836,,RTUC,ยุทธนา เติมทอง,,3760200209424,,,,1,,,,,,,,,,,,,,,,,,,,,,,,,,,,2015-07-22 14:14:10.999000,,,,,,,,,,G,,H,,,UCDIGS69,HD,HD,1500,,4,,,,,O,2015-07-02,,,,,,0,,
13781,02,005018405,13781,005018405,,RTSS,ยงยุทธ กิจทวีไพศาล,1967-10-25,3759800060420,,,,1,,,,,,,,,,,,,,,,,,,,,,,,,,,,2016-01-21 09:27:39,,,D,,E,,,,,G,,,,,SSF68N1E,HD,HD,1500,,2,,,,,,2013-11-11,2016-01-12,,,,,0,,
13781,02,005025670,24923,1002830,,"RTCS,",วิทยา ยุตินทร,1929-02-08,3101700972221,,,,1,,,,,,,,,,,,,,,,,,,,,,,,,,,,2015-07-23 13:44:00.999000,,,,,,,,,2,G,1,2,,C,HRH4E32Y,,,2000,,,,,,,,2014-08-29,2016-08-29,,,,,0,,
13781,02,002843566,13781,002843566,,"RTSS,RTSS",ชุมพล ธรรมจุลสถิตย์,,3101800162662,,,,1,,,,,,,,,,,,,,,,,,,,,,,,,,,,2022-04-13 06:53:32.998000,,,,,,,,,,G,,,,,SSAVAYII,HD,HD,1500,,2,,,,,,2014-10-08,,,,,,0,,
13781,02,003354081,13781,003354081,,RTCS,ณรงค์ เดชพิทักษ์,1948-12-03,3120600810597,,,,1,,,,,,,,,,,,,,,,,,,,,,,,,,,,2026-01-06 10:19:16.998000,,,D,,E,,,,,,,H,,C,K1EOFF,,,2000,,,,,,,,2007-02-08,2025-12-22,,,,,0,,
13781,02,004697426,13781,004697426,,RTCS,สหมณฑล แสงทอง,1942-01-26,3609700150428,,,,1,,,,,,,,,,,,,,,,,,,,,,,,,,,,2017-12-17 14:21:34.998000,,,C,,E,,,,,,,H,,C,EMZWXB,,,2000,,,,,,,,2012-12-03,2017-12-18,,,,,0,,
13781,02,004546349,10663,323198,,RTUC,พัชรี เกษแก้ว,1972-09-16,3210300159768,,,,2,,,,,,,,,,,,,,,,,,,,,,,,,,,,2015-07-28 17:00:45,,,,,,,,,,G,,3,,,HDJ2Z3EA,HD,HD,1500,,7,,,,,O,2015-07-28,,,,,,0,,
13781,02,004966923,13781,004966923,,RTCS,สมปอง ฤทธิเกษร,1968-04-28,3920600106442,,,,1,,,,,,,,,,,,,,,,,,,,,,,,,,,,2015-09-17 16:48:46,,,O,,E,,,,,,,H,,C,Q4ZQZQ,,,2000,,,,,,,,2015-02-03,2015-09-18,,,,,0,,
13781,02,003571926,13781,003571926,,RTCS,อาภรณ์ ไวยเนตร์,1971-08-18,3920100344549,,,,2,,,,,,,,,,,,,,,,,,,,,,,,,,,,2023-11-15 10:37:40.998000,,,,,U,,,,,,,H,,C,J3VKQJ,,,2000,,,,,,,,2023-11-14,2099-12-31,,,,,0,,
13781,02,004767011,13781,004767011,,RTCS,บุญเรือง ปิ่นเพชร,1959-10-12,3311000812911,,,,1,,,,,,,,,,,,,,,,,,,,,,,,,,,,2020-05-28 14:01:08,,,D,,E,,,,,,,H,,C,FSQ4UW,,,2000,,,,,,,,2013-06-24,2020-05-18,,,,,0,,
13781,02,004571909,23869,1005/9-5-,,RTUC,วิไล อาวัง,,3101000374932,,,,2,,,,,,,,,,,,,,,,,,,,,,,,,,,,2015-12-03 16:54:08.998000,,,D,,E,,,,,G,,3,,,HDL2BTAQ,HD,HD,1500,,2,,,,,O,2015-08-04,2015-11-23,,,,,0,,
13781,,004072027,13781,004072027,,RTCS,จตุพร เจริญธรรม,1956-04-29,3100601190053,,,,1,,,,,,,,,,,,,,,,,,,,,,,,,,,,2023-01-04 13:16:52,,,D,,E,,,,,,,H,,C,HHSG5U,,,2000,,,,,,,,2007-02-16,2023-01-03,,,,,0,,
13781,02,003136813,13781,003136813,,RTSS,ณัฐชยา พนมชัยสว่าง,1961-09-04,3710900048156,,,,2,,,,,,,,,,,,,,,,,,,,,,,,,,,,2019-08-19 15:51:40,,,,,,,,,,G,,,,,SSKEN2MA,KT,KT,1500,,2,,,,,,2012-10-15,,,,,,0,,
13781,02,004009749,13781,004009749,,RTCS,นฤมล ศรีอัครนนท์,1958-11-10,3529900351037,,,,2,,,,,,,,,,,,,,,,,,,,,,,,,,,,2022-06-06 13:10:01.999000,,,D,,E,,,,,,,H,,C,M2QN4U,,,2000,,,,,,,,2007-02-08,2022-06-03,,,,,0,,
13781,02,005025595,10698,201252484,,RTUC,รักเกียรติ ศรีตะปัญญะ,,3269900069148,,,,1,,,,,,,,,,,,,,,,,,,,,,,,,,,,2015-08-14 12:57:54.999000,,,,,,,,,2,G,,1,,,HEF4B83P,PD,HD,1500,,4,,,,,O,2012-05-04,,,,,,0,,
13781,02,003874924,13781,003874924,,RTCS,วสันต์ ตันเจริญ,1971-11-20,3240100776763,,,,1,,,,,,,,,,,,,,,,,,,,,,,,,,,,2016-09-18 14:58:23,,,D,,E,,,,,,,H,,C,KHWFYS,,,2000,,,,,,,,2008-06-11,2016-09-19,,,,,0,,
13781,02,005008852,10680,0599187,,RTUC,เอนกพงศ์ จงเกื้อ,,3800100181381,,,,1,,,,,,,,,,,,,,,,,,,,,,,,,,,,2015-08-20 12:00:00.998000,,,,,,,,,,G,,3,,,HDK24SKU,HD,HD,1500,,2,,,,,O,2015-08-20,,,,,,0,,
13781,02,002649407,11471,53/56,,RTUC,คำพล แป้นอินทร์,1965-05-31,3600800655825,,,,1,,,,,,,,,,,,,,,,,,,,,,,,,,,,2019-06-18 14:00:04.998000,,,U,,E,,,,,G,,3,,,HDA2WL9Y,HD,HD,1500,,7,,,,,O,2019-06-18,2022-12-31,,,,,0,,
13781,,004744902,13781,004744902,,RTCS,สุจิตรา เฉลิมชัยกิจ,1950-07-06,3101300589586,,,,2,,,,,,,,,,,,,,,,,,,,,,,,,,,,2024-08-20 14:14:40.999000,,,D,,E,,,,,,,H,,C,GTX5DC,,,2000,,,,,,,,2013-04-25,2024-08-19,,,,,0,,
13781,02,003963708,11311,5505709,,RTUC,ยวน รูปสวย,,3760500714477,,,,1,,,,,,,,,,,,,,,,,,,,,,,,,,,,2018-12-19 10:58:30,,,C,,E,,,,,G,,3,,,HDC223EL,HD,HD,1500,,7,,,,,O,2015-08-23,2018-12-18,,,,,0,,
13781,02,005038217,12042,160132,,RTUC,ปรีชา คล้ายป้อม,,3600200313001,,,,1,,,,,,,,,,,,,,,,,,,,,,,,,,,,2015-08-26 14:00:03.998000,,,,,,,,,,G,,3,,,HDK26J67,HD,HD,1500,,4,,,,,R,2015-08-26,,,,,,0,,
13781,02,004398265,13781,004398265,,RTSS,พิมพ์วดี ครุธเคลือ,1963-04-28,3501700073541,,,,2,,,,,,,,,,,,,,,,,,,,,,,,,,,,2021-11-03 15:52:07,,,D,,E,,,,,G,,,,,SSB5S4R9,HD,HD,1500,,2,,,,,,2013-10-13,2017-02-28,,,,,0,,
13781,02,004311603,11722,57-21083,,RTUC,อรอำไพ รุ่งรางแสง,,3100504122944,,,,2,,,,,,,,,,,,,,,,,,,,,,,,,,,,2015-08-26 14:00:03.998000,,,,,,,,,,G,,3,,,HDJ8TPWK,HD,HD,1500,,2,,,,,R,2015-08-26,,,,,,0,,
13781,02,004285762,13781,004285762,,RTCS,กมลรัตน์ อายุวัฒน์,1970-08-06,3609900637801,,,,2,,,,,,,,,,,,,,,,,,,,,,,,,,,,2016-01-17 13:49:27.999000,,,O,,E,,,,,,,H,,C,MBT6KM,,,2000,,,,,,,,2009-01-13,2016-01-18,,,,,0,,
13781,,004953770,13781,004953770,,RTCS,หยุน แซ่จุง,1921-01-01,3100900332674,,,,2,,,,,,,,,,,,,,,,,,,,,,,,,,,,2019-03-25 11:31:20.998000,,,D,,E,,,,,,,H,,C,NFM994,,,2000,,,,,,,,2015-08-21,2019-03-18,,,,,0,,
13781,02,003452466,13781,003452466,,RTCS,นรินทร์ ซื่อสัตย์,1954-03-09,3100200208911,,,,1,,,,,,,,,,,,,,,,,,,,,,,,,,,,2019-07-31 16:27:58,,,,,U,,,,1,,,H,,C,กห0611.3,,,2000,,,,,,,,2006-09-07,2099-12-31,,,,,0,,
13781,,004247536,13781,004247536,,RTCS,ระเบียบ รอดจันทร์,1958-07-11,3801300540114,,,,2,,,,,,,,,,,,,,,,,,,,,,,,,,,,2017-07-17 17:35:01,,,C,,E,,,,,,,H,,C,KCTLDX,,,2000,,,,,,,,2008-11-12,2017-07-18,,,,,0,,
13781,02,005037614,13781,005037614,,RTSS,ประเสริฐ อินทะสุข,1965-09-10,3411000139591,,,,1,,,,,,,,,,,,,,,,,,,,,,,,,,,,2024-10-02 18:27:57.998000,,,S,,E,,,,,G,,,,,SSHCNE2A,HD,HD,1500,,2,,,,,,2012-10-15,2024-09-29,,,,,0,,
13781,02,004753249,10686,4115139,,RTCS,ลมัย  อาหมัด,1956-04-01,3120600681517,,,,2,,,,,,,,,,,,,,,,,,,,,,,,,,,,2015-08-31 19:47:58.999000,,,,,,,,,2,G,1,2,,C,HRH4FUQ7,,,2000,,,,,,,,2007-02-16,2017-02-16,,,,,0,,
13781,02,004794654,13781,004794654,,RTCS,ฉวีวรรณ แสงจำรูญ,1932-12-10,3100200301679,,,,2,,,,,,,,,,,,,,,,,,,,,,,,,,,,2016-04-03 13:13:23,,,D,,E,,,,,,,H,,C,H7JEKN,,,2000,,,,,,,,2013-09-09,2016-04-04,,,,,0,,
13781,,005025880,13781,005025880,,RTCS,มุ้ยเช็ง แซ่อั๊ง,1929-01-01,3609900417266,,,,2,,,,,,,,,,,,,,,,,,,,,,,,,,,,2024-02-05 10:52:14,,,D,,E,,,,,,,H,,C,MKYCK2,,,2000,,,,,,,,2020-07-04,2024-01-22,,,,,0,,
13781,02,004851646,13781,004851646,,RTCS,สันติภาพ บุญสร้อย,1958-11-01,3480500407097,,,,1,,,,,,,,,,,,,,,,,,,,,,,,,,,,2024-06-18 15:01:53.999000,,,D,,E,,,,,,,H,,C,HUH6HR,,,2000,,,,,,,,2014-03-17,2024-06-10,,,,,0,,
13781,02,004166071,13781,004166071,,RTCS,สมบูรณ์ โด่งดัง,1951-06-17,3540400750236,,,,1,,,,,,,,,,,,,,,,,,,,,,,,,,,,2025-12-04 09:26:43.998000,,,D,,E,,,,,,,H,,C,DN47MN,,,2000,,,,,,,,2008-05-06,2025-12-01,,,,,0,,
13781,02,003498441,13781,003498441,,RTCS,วิเชียร ทสะสังคินทร์,1958-06-14,3669700101401,,,,1,,,,,,,,,,,,,,,,,,,,,,,,,,,,2019-07-31 16:27:58,,,,,U,,,,,,,H,,C,E9UABT,,,2000,,,,,,,,2007-12-17,2099-12-31,,,,,0,,
13781,02,004773049,13781,004773049,,RTCS,ชลัทธิ์ พัฒโนทัย,1939-09-12,3100602288324,,,,1,,,,,,,,,,,,,,,,,,,,,,,,,,,,2018-01-03 17:16:00.998000,,,C,,E,,,,,,,H,,C,MJNL9M,,,2000,,,,,,,,2013-07-09,2018-01-03,,,,,0,,
13781,02,004451964,23928,211403467,,RTUC,ณัฐวรรณ เนตวงษ์,,1309900941433,,,,2,,,,,,,,,,,,,,,,,,,,,,,,,,,,2015-09-04 14:00:03.998000,,,,,,,,,,G,,3,,,HDF2E5FS,HD,HD,1500,,2,,,,,O,2015-09-03,,,,,,0,,
13781,02,004099232,11812,560021586,,RTUC,นงนุช ชนะภัย,,3160100730152,,,,2,,,,,,,,,,,,,,,,,,,,,,,,,,,,2015-09-08 14:00:04.998000,,,,,,,,,,G,,3,,,HDG2B5H9,HD,HD,1500,,2,,,,,O,2015-09-08,,,,,,0,,
13781,02,004832016,13781,004832016,,RTCS,ภคิน ธนากูลวุฒิพร,1952-01-28,3170500132902,,,,1,,,,,,,,,,,,,,,,,,,,,,,,,,,,2021-01-20 17:09:34.998000,,,D,,E,,,,,,,H,,C,Q5WX4Q,,,2000,,,,,,,,2014-01-22,2021-01-18,,,,,0,,
13781,,002348154,13781,002348154,,RTCS,เยาวดี ตั้งคำ,1958-02-12,3929900434435,,,,2,,,,,,,,,,,,,,,,,,,,,,,,,,,,2019-07-31 16:27:58,,,,,U,,,,,,,H,,C,HF86Q7,,,2000,,,,,,,,2008-04-23,2099-12-31,,,,,0,,
13781,02,004893942,13781,004893942,,RTCS,ณัฐธพงษ์ บัวบาล,1958-09-01,3160100949235,,,,1,,,,,,,,,,,,,,,,,,,,,,,,,,,,2025-01-03 08:08:38,,,D,,E,,,,,,,H,,C,H98HT3,,,2000,,,,,,,,2014-07-04,2024-12-23,,,,,0,,
13781,02,005024458,12064,57-01009,,RTUC,ดำรงค์ ศรีคร้าม,,1659900248743,,,,1,,,,,,,,,,,,,,,,,,,,,,,,,,,,2015-09-10 14:00:03.998000,,,,,,,,,,G,,3,,,HDJ3FB66,PD,HD,1500,,4,,,,,O,2015-09-10,,,,,,0,,
13781,02,004024906,13781,004024906,,RTCS,รัศมี ต่างมงคล,1933-12-05,3100502769886,,,,1,,,,,,,,,,,,,,,,,,,,,,,,,,,,2015-09-11 09:28:49.998000,,,,,V,,,,,,,H,,C,DLFPZW,,,2000,,,,,,,,2008-01-29,2017-01-29,,,,,0,,
13781,02,003307722,13781,003307722,,RTCS,ประนอม สายทอง,1947-01-01,3600700046487,,,,2,,,,,,,,,,,,,,,,,,,,,,,,,,,,2022-12-21 08:12:10.998000,,,,,E,,,,,,,H,,C,QBXYZT,,,2000,,,,,,,,2009-02-17,2022-12-03,,,,,0,,
13781,02,004217712,13781,004217712,,RTCS,สุวิมล บัวสุริยะ,1963-04-25,3769900300821,,,,2,,,,,,,,,,,,,,,,,,,,,,,,,,,,2015-10-02 17:36:42,,,O,,E,,,,,,,H,,C,KCHPML,,,2000,,,,,,,,2008-12-13,2015-10-05,,,,,0,,
13781,02,004262467,13781,004262467,,RTCS,ไพทัศน์ ฐิติธนาวนิช,1950-11-13,3120600306279,,,,1,,,,,,,,,,,,,,,,,,,,,,,,,,,,2023-07-04 11:38:15.998000,,,D,,E,,,,,,,H,,C,JXJCAG,,,2000,,,,,,,,2008-10-08,2023-07-03,,,,,0,,
13781,,004708560,13781,004708560,,RTCS,ชม้าย โตสอย,1940-01-01,5100200065751,,,,1,,,,,,,,,,,,,,,,,,,,,,,,,,,,2021-10-07 10:09:43.998000,,,D,,E,,,,,,,H,,C,EQZSNP,,,2000,,,,,,,,2013-06-27,2021-09-18,,,,,0,,
13781,02,004487126,12064,57-00979,,RTUC,พัชรีวรรณ ทรัพย์ทิม,,3659900012282,,,,2,,,,,,,,,,,,,,,,,,,,,,,,,,,,2015-09-20 08:29:59.998000,,,,,,,,,,G,,3,,,HDHTEKBG,PD,HD,1500,,4,,,,,O,2015-09-18,,,,,,0,,
13781,,003256871,13781,003256871,,RTCS,ก๊กจง แซ่อึ้ง,1938-07-01,3100800434432,,,,1,,,,,,,,,,,,,,,,,,,,,,,,,,,,2016-02-17 17:24:08,,,D,,E,,,,,,,H,,C,I2VSHC,,,2000,,,,,,,,2007-02-02,2016-02-18,,,,,0,,
13781,02,005023162,13781,005023162,,RTCS,เกื้อจิต นามประยงค์,1948-01-16,3100203128056,,,,1,,,,,,,,,,,,,,,,,,,,,,,,,,,,2024-11-05 08:13:30.998000,,,D,,E,,,,,,,H,,C,OUK43T,,,2000,,,,,,,,2015-09-03,2024-10-28,,,,,0,,
13781,02,003367269,10690,0344239,,RTUC,สิริลักษณ์ วงษ์กุหลาบ,,3160300296774,,,,2,,,,,,,,,,,,,,,,,,,,,,,,,,,,2015-09-23 17:00:42.999000,,,,,,,,,,G,,3,,,HDJH3RWM,HD,HD,1500,,2,,,,,O,2015-09-23,,,,,,0,,
13781,02,003898952,11697,5001068,,RTUC,ชิ้น แซ่ตั้ง,1930-01-01,3620100169430,,,,2,,,,,,,,,,,,,,,,,,,,,,,,,,,,2016-01-05 15:33:20,,,D,,E,,,,,G,,3,,,HDLL4LPW,HD,HD,1500,,7,,,,,R,2015-09-23,2015-12-19,,,,,0,,
13781,02,004492206,13781,004492206,,RTCS,สายศร คล้ายทับทิม,1972-04-20,3659900694332,,,,2,,,,,,,,,,,,,,,,,,,,,,,,,,,,2015-09-28 09:38:12,,,,,V,,,,,,,H,,C,C2DATU,,,2000,,,,,,,,2011-05-26,2017-05-26,,,,,0,,
13781,02,004854572,13781,004854572,,RTCS,ประดิษฐ์ ถาวรยิ่ง,1960-02-05,3251200188554,,,,1,,,,,,,,,,,,,,,,,,,,,,,,,,,,2020-08-04 08:59:54.998000,,,,,U,,,,,,,H,,C,HF92QS,,,2000,,,,,,,,2020-08-04,2099-12-31,,,,,0,,
13781,02,004264482,13781,004264482,,RTCS,จำเริญ สว่างไสว,1944-10-07,3200700781181,,,,1,,,,,,,,,,,,,,,,,,,,,,,,,,,,2015-09-28 09:38:12,,,,,V,,,,,,,H,,C,L9P5R2,,,2000,,,,,,,,2008-10-20,2017-10-20,,,,,0,,
13781,02,004540006,13781,004540006,,RTCS,ธนิสรา กัณฑวงษ์,1977-06-25,3770200259260,,,,2,,,,,,,,,,,,,,,,,,,,,,,,,,,,2019-07-31 16:27:58,,,,,U,,,,,,,H,,C,A4HWDJ,,,2000,,,,,,,,2011-07-05,2099-12-31,,,,,0,,
13781,02,004493902,13781,004493902,,RTCS,กิตติ รสมณี,1950-09-18,3101402389799,,,,1,,,,,,,,,,,,,,,,,,,,,,,,,,,,2021-10-07 10:09:34,,,D,,E,,,,,,,H,,C,A9RSEW,,,2000,,,,,,,,2011-01-07,2021-10-03,,,,,0,,
13781,02,004740256,13781,004740256,,"RTSS,RTSS",บุญเกื้อ แสนกาสา,,5311400052791,,,,1,,,,,,,,,,,,,,,,,,,,,,,,,,,,2015-09-28 14:56:25.998000,,,,,,,,,,G,,,,,SSIN8S9Q,HD,HD,1500,,2,,,,,,2014-11-21,,,,,,0,,
13781,02,004526586,13781,004526586,,RTCS,สหวุฒิ บัณฑิต,1953-01-01,3102002536884,,,,1,,,,,,,,,,,,,,,,,,,,,,,,,,,,2016-09-02 19:21:13,,,D,,E,,,,,,,H,,C,GENM9E,,,2000,,,,,,,,2011-05-11,2016-09-05,,,,,0,,
13781,,004150709,13781,004150709,,RTCS,สมหมาย ดิษคุ้ม,1949-07-05,3101402371164,,,,2,,,,,,,,,,,,,,,,,,,,,,,,,,,,2021-06-23 09:55:38.998000,,,D,,E,,,,,,,H,,C,J7JYGR,,,2000,,,,,,,,2008-02-29,2021-06-18,,,,,0,,
13781,02,004780521,13781,004780521,,RTCS,ปนัสยา รัตนพันธุ์,1959-04-14,3830100141495,,,,2,,,,,,,,,,,,,,,,,,,,,,,,,,,,2019-07-31 16:27:58,,,,,U,,,,,,,H,,C,D5FNSM,,,2000,,,,,,,,2013-08-05,2099-12-31,,,,,0,,
13781,02,004377240,13781,004377240,,RTCS,พัชนี เยาว์ฤทธิกร,1940-09-05,3100502831875,,,,2,,,,,,,,,,,,,,,,,,,,,,,,,,,,2017-10-02 14:32:24,,,C,,E,,,,,,,H,,C,Q4T245,,,2000,,,,,,,,2009-10-15,2017-10-03,,,,,0,,
13781,02,005042889,13781,005042889,,RTCS,สว่าง ศรีอ่อนนวล,1939-01-01,3810100648581,,,,1,,,,,,,,,,,,,,,,,,,,,,,,,,,,2016-01-17 13:49:27.999000,,,D,,E,,,,,,,H,,C,O6737L,,,2000,,,,,,,,2015-09-03,2016-01-18,,,,,0,,
13781,02,002652901,13781,002652901,,RTCS,บวรศักดิ์ ทองหลิม,1957-05-29,3101501315742,,,,1,,,,,,,,,,,,,,,,,,,,,,,,,,,,2019-07-31 16:27:58,,,,,,,,,,G,,H,,C,E67D2F,,,2000,,,,,,,O,2018-04-04,2099-12-31,,,,,0,,
13781,02,003260348,13781,003260348,,RTSS,อัมรินทร์ ไกรถาวร,1977-06-09,3120400170152,,,,2,,,,,,,,,,,,,,,,,,,,,,,,,,,,2018-03-19 13:48:25.998000,,,D,,E,,,,,G,,,,,SSK5KNK4,HD,HD,1500,,2,,,,,,2012-10-15,2018-01-28,,,,,0,,
13781,,004167894,13781,004167894,,RTCS,ทรงพล มีชำนาญ,1958-06-07,3120500289704,,,,1,,,,,,,,,,,,,,,,,,,,,,,,,,,,2023-11-15 10:35:48,,,D,,E,,,,,,,H,,C,O3Q2QC,,,2000,,,,,,,,2015-09-23,2023-11-03,,,,,0,,
13781,02,002534763,23866,51-0022,,RTUC,ยีม่อย แซ่จุ้ง,,3901000326248,,,,2,,,,,,,,,,,,,,,,,,,,,,,,,,,,2015-10-14 14:16:33,,,,,,,,,,G,,3,,,HDB6PHWB,HD,HD,1500,,7,,,,,O,2015-10-06,,,,,,0,,
13781,02,004282794,13781,004282794,,RTCS,อุทัย เชื้อบุญ,1966-12-28,3150500230602,,,,1,,,,,,,,,,,,,,,,,,,,,,,,,,,,2023-05-08 08:15:29,,,,,E,,,,,,,H,,C,Q4EAJM,,,2000,,,,,,,,2008-12-13,2022-09-30,,,,,0,,
13781,02,004968423,13781,004968423,,RTCS,ชญาดา พันธ์ยาว,1983-05-20,3160400263703,,,,2,,,,,,,,,,,,,,,,,,,,,,,,,,,,2019-07-31 16:27:58,,,,,U,,,,,,,H,,C,F98MZN,,,2000,,,,,,,,2015-02-10,2099-12-31,,,,,0,,
13781,,002552622,13781,002552622,,RTCS,ปรุง โกมารทัต,1932-11-12,3229900101319,,,,2,,,,,,,,,,,,,,,,,,,,,,,,,,,,2023-05-19 12:33:59,,,,,E,,,,,,,H,,C,O2S4UP,,,2000,,,,,,,,2015-10-06,2023-05-18,,,,,0,,
13781,,004476368,13781,004476368,,RTCS,ไพบูลย์ อินทร์ขาว,1958-04-01,3660100223612,,,,1,,,,,,,,,,,,,,,,,,,,,,,,,,,,2015-11-02 17:09:55,,,D,,E,,,,,,,H,,C,B425UB,,,2000,,,,,,,,2012-09-05,2015-11-03,,,,,0,,
13781,02,002864262,13781,002864262,,RTCS,นิรมล นิธยายน,1938-06-20,3102200327840,,,,2,,,,,,,,,,,,,,,,,,,,,,,,,,,,2018-10-31 09:57:36,,,D,,E,,,,,,,H,,C,JPD8A8,,,2000,,,,,,,,2013-01-16,2018-09-18,,,,,0,,
13781,02,004799624,13781,004799624,,RTCS,ละเมียด มานะชีพ,1945-01-01,3101500553291,,,,1,,,,,,,,,,,,,,,,,,,,,,,,,,,,2016-05-17 15:48:44.998000,,,D,,E,,,,,,,H,,C,MXG4FS,,,2000,,,,,,,,2013-09-27,2016-05-18,,,,,0,,
13781,02,004693177,12042,160003,,RTUC,เนตรนภา ทองหล่อ,,1601100225377,,,,2,,,,,,,,,,,,,,,,,,,,,,,,,,,,2019-03-18 13:50:24.998000,,,D,,E,,,,,G,,3,,,HDKE3Q5U,HD,HD,1500,,4,,,,,O,2015-10-14,2019-03-18,,,,,0,,
13781,02,002525717,13781,002525717,,RTCS,ประดิษฐ์ น้อยทวี,1938-04-10,3101700099691,,,,1,,,,,,,,,,,,,,,,,,,,,,,,,,,,2020-08-19 16:54:27,,,D,,E,,,,,,,H,,C,J12TE6,,,2000,,,,,,,,2006-10-30,2020-08-18,,,,,0,,
13781,02,002910632,13781,002910632,,RTCS,วันดี ศรีทอง,1946-08-03,3760500153785,,,,2,,,,,,,,,,,,,,,,,,,,,,,,,,,,2022-10-19 12:41:38,,,,,U,,,,,,,H,,C,CBE2DN,,,2000,,,,,,,,2022-10-19,2099-12-31,,,,,0,,
13781,02,004572546,13781,004572546,,RTCS,ระเบียบ พาเจริญ,1931-04-01,3110100615213,,,,1,,,,,,,,,,,,,,,,,,,,,,,,,,,,2015-12-02 15:18:25.998000,,,D,,E,,,,,,,H,,C,AWKVBL,,,2000,,,,,,,,2011-11-08,2015-12-03,,,,,0,,
13781,02,005030703,13781,005030703,,RTSS,จิราพร ทือเกาะ,,3309901848336,,,,2,,,,,,,,,,,,,,,,,,,,,,,,,,,,2015-10-19 15:20:47.998000,,,,,,,,,,G,,,,,SSM6HX4Y,KT,KT,1500,,2,,,,,,2012-10-15,,,,,,0,,
13781,02,004154717,13781,004154717,,RTSS,ปรีชา พลกล้า,1978-09-30,3460600458653,,,,1,,,,,,,,,,,,,,,,,,,,,,,,,,,,2019-03-04 11:44:20.999000,,,D,,E,,,,,G,,,,,SSGL53B0,KT,KT,1500,,2,,,,,,2012-10-15,2019-02-13,,,,,0,,
13781,,003909905,13781,003909905,,RTCS,ดรุณี เจษฎาถาวรวงศ์,1950-07-01,3101700344581,,,,,,,,,,,,,,,,,,,,,,,,,,,,,,,,2020-08-19 16:54:27,,,D,,E,,,,,,,H,,C,HFQYBM,,,2000,,,,,,,,2007-06-29,2020-08-18,,,,,0,,
13781,,005051674,13781,005051674,,RTCS,บุญธรรม สุดาทิพย์,1949-01-01,3710500063492,,,,2,,,,,,,,,,,,,,,,,,,,,,,,,,,,2022-10-04 10:00:18,,,D,,E,,,,,,,H,,C,OPYUXS,,,2000,,,,,,,,2015-10-05,2022-09-18,,,,,0,,
13781,02,005059836,13781,005059836,,RTSS,เรณู ทัพรังษี,1972-07-14,3760400067151,,,,2,,,,,,,,,,,,,,,,,,,,,,,,,,,,2016-01-21 09:27:39,,,D,,E,,,,,G,,,,,SSIU4P58,KT,KT,1500,,2,,,,,,2012-10-15,2015-11-29,,,,,0,,
13781,02,002833254,13781,002833254,,"RTSS,RTSS",ธนันต์ธรญ์ ปิ่นทองทิพย์,,5350100014346,,,,2,,,,,,,,,,,,,,,,,,,,,,,,,,,,2022-08-22 08:50:57,,,,,,,,,,G,,,,,SSLIX5R6,KT,KT,1500,,2,,,,,,2012-10-15,,,,,,0,,
13781,02,003256207,13781,003256207,,"RTSS,RTSS",ยุทธนา เอี่ยมสอาด,1969-09-08,3101100410612,,,,1,,,,,,,,,,,,,,,,,,,,,,,,,,,,2021-10-06 14:15:35,,,D,,E,,,,,G,,,,,SSBXP1HC,KT,KT,1500,,2,,,,,,2012-10-15,2021-08-15,,,,,0,,
13781,02,004376335,13781,004376335,,RTCS,ประคอง พลลุน,1959-11-12,3120600055322,,,,2,,,,,,,,,,,,,,,,,,,,,,,,,,,,2016-11-02 16:53:50,,,D,,E,,,,,,,H,,C,KJ7VC9,,,2000,,,,,,,,2009-10-13,2016-11-03,,,,,0,,
13781,02,002361952,13781,002361952,,RTCS,จำเนียร ถนัดไร่,1938-08-09,3100200088991,,,,2,,,,,,,,,,,,,,,,,,,,,,,,,,,,2015-10-28 09:52:35.999000,,,,,V,,,,1,,,H,,C,พบ0027.2,,,2000,,,,,,,,2006-04-27,2017-04-27,,,,,0,,
13781,02,004816899,13781,004816899,,RTCS,สมศรี ไกรสังเกตุ,1952-01-25,3140600187733,,,,2,,,,,,,,,,,,,,,,,,,,,,,,,,,,2015-10-28 09:52:35.999000,,,,,V,,,,,,,H,,C,H4Q26J,,,2000,,,,,,,,2013-11-18,2017-11-18,,,,,0,,
13781,02,004582062,13781,004582062,,RTCS,วดี นภาอรุณชัย,1946-10-01,3100201390942,,,,2,,,,,,,,,,,,,,,,,,,,,,,,,,,,2016-07-20 13:21:50,,,D,,E,,,,,,,H,,C,G6WEYZ,,,2000,,,,,,,,2012-04-18,2016-07-21,,,,,0,,
13781,,005061254,13781,005061254,,RTCS,บุญช่วย นาคเอก,1937-01-01,3102201629645,,,,1,,,,,,,,,,,,,,,,,,,,,,,,,,,,2020-01-07 11:33:05.999000,,,D,,E,,,,,,,H,,C,QW4W9J,,,2000,,,,,,,,2015-10-20,2020-01-03,,,,,0,,
13781,,003836942,13781,003836942,,RTCS,สากล อัตตปัญโญ,1919-03-06,3509900533356,,,,1,,,,,,,,,,,,,,,,,,,,,,,,,,,,2019-06-19 13:50:50,,,D,,E,,,,,,,H,,C,G2H6YY,,,2000,,,,,,,,2007-01-15,2019-06-18,,,,,0,,
13781,02,003576887,13781,003576887,,RTCS,อนงค์ แสงอินทร์,1949-01-01,3101700108534,,,,2,,,,,,,,,,,,,,,,,,,,,,,,,,,,2016-09-18 14:58:23,,,O,,E,,,,,,,H,,C,QQF4QA,,,2000,,,,,,,,2010-05-19,2016-09-19,,,,,0,,
13781,,004826074,13781,004826074,,RTCS,ไพบูลย์ พูนสุขวัฒนา,1926-01-01,3100300401021,,,,2,,,,,,,,,,,,,,,,,,,,,,,,,,,,2015-12-17 15:31:16,,,D,,E,,,,,,,H,,C,HEVQ2C,,,2000,,,,,,,,2014-01-07,2015-12-18,,,,,0,,
13781,02,004387410,13781,004387410,,RTCS,ชูศักดิ์ นาคจู,1953-01-08,3770600858551,,,,1,,,,,,,,,,,,,,,,,,,,,,,,,,,,2017-03-02 18:19:54,,,C,,E,,,,,,,H,,C,Q7A5HU,,,2000,,,,,,,,2014-08-21,2017-03-03,,,,,0,,
13781,02,003367145,13781,003367145,,RTCS,กาญจนา พนัสอัมพร,1949-07-17,3100201268861,,,,2,,,,,,,,,,,,,,,,,,,,,,,,,,,,2022-11-22 09:11:58,,,D,,E,,,,1,,,H,,C,นร0103/2,,,2000,,,,,,,,2006-04-27,2022-11-18,,,,,0,,
13781,02,005050048,13781,005050048,,RTCS,พิพัฒน์ ถนอมกุล,1929-05-06,3100500376712,,,,1,,,,,,,,,,,,,,,,,,,,,,,,,,,,2019-12-18 16:51:01.998000,,,D,,E,,,,,,,H,,C,CQD24C,,,2000,,,,,,,,2015-11-04,2019-12-18,,,,,0,,
13781,02,004475321,14534,47265/52,,RTUC,วารี แสงสว่าง,,3869900122914,,,,2,,,,,,,,,,,,,,,,,,,,,,,,,,,,2017-04-10 13:31:16.999000,,,,,U,,,,,G,,3,,,HDCX892Q,HD,HD,1500,,2,,,,,O,2015-11-02,,,,,,0,,
13781,02,004372360,13781,004372360,,RTCS,บัญชา ฮาดทักษ์วงศ์,1972-08-02,3470200249151,,,,1,,,,,,,,,,,,,,,,,,,,,,,,,,,,2019-07-31 16:27:59,,,,,U,,,,,,,H,,C,AKYGDX,,,2000,,,,,,,,2009-09-30,2099-12-31,,,,,0,,
13781,02,004028621,13781,004028621,,RTSS,วุฒินันท์ นวทรานนท์,1983-07-22,5100399002715,,,,1,,,,,,,,,,,,,,,,,,,,,,,,,,,,2021-11-22 10:11:24,,,D,,E,,,,,G,,,,,SSKUJI4W,HD,HD,1500,,2,,,,,,2012-10-15,2021-10-09,,,,,0,,
13781,,004147253,13781,004147253,,RTCS,หงษ์ โพธิ์ศรี,1943-02-04,3100903770338,,,,2,,,,,,,,,,,,,,,,,,,,,,,,,,,,2023-05-08 08:16:26,,,,,E,,,,,,,H,,C,Q56SGC,,,2000,,,,,,,,2015-10-20,2022-09-30,,,,,0,,
13781,02,003165601,13781,003165601,,RTCS,สมจิตร เกิดเรียน,1968-01-05,3730600466491,,,,2,,,,,,,,,,,,,,,,,,,,,,,,,,,,2019-07-31 16:27:59,,,,,U,,,,,,,H,,C,HDW23Q,,,2000,,,,,,,,2014-02-19,2099-12-31,,,,,0,,
13781,02,003907835,13781,003907835,,RTCS,มานัส   มุนินทวีณากุล,1948-11-22,3100200436426,,,,1,,,,,,,,,,,,,,,,,,,,,,,,,,,,2021-10-07 10:09:33,,,D,,E,,,,,,,H,,C,B2QJCG,,,2000,,,,,,,,2006-12-07,2021-09-18,,,,,0,,
13781,02,004324660,13781,004324660,,RTCS,ดับ แก้วแดง,1941-01-01,3670101075285,,,,2,,,,,,,,,,,,,,,,,,,,,,,,,,,,2018-03-02 16:29:36,,,D,,E,,,,,,,H,,C,FH6ZET,,,2000,,,,,,,,2009-05-04,2018-03-05,,,,,0,,
13781,02,003467392,13781,003467392,,RTCS,ศรีนวล อ่ำแก้ว,1966-01-30,3720100997986,,,,2,,,,,,,,,,,,,,,,,,,,,,,,,,,,2019-07-18 14:48:21,,,O,,E,,,,,,,H,,C,HXVSVA,,,2000,,,,,,,,2010-05-10,2019-07-18,,,,,0,,
13781,02,004140898,12033,726-52,,RTUC,อาภากร เมืองไผ่,1986-10-05,1600400104850,,,,2,,,,,,,,,,,,,,,,,,,,,,,,,,,,2015-11-19 17:00:44,,,,,,,,,,G,,3,,,HDM25M6B,HD,HD,1500,,2,,,,,O,2015-11-19,,,,,,0,,
13781,02,004559011,27972,017,,RTUC,เข็ม สีขาว,1944-01-01,3210100279794,,,,2,,,,,,,,,,,,,,,,,,,,,,,,,,,,2015-11-25 10:08:07.999000,,,,,,,,,2,G,,1,,,HEJ2UXD6,HD,HD,1500,,7,,,,,R,2013-11-02,,,,,,0,,
13781,,005039446,13781,005039446,,RTCS,เสียงพิณ ธีระกาญจน์,1937-08-08,3102001139571,,,,2,,,,,,,,,,,,,,,,,,,,,,,,,,,,2022-04-05 10:41:19,,,D,,E,,,,,,,H,,C,QA8VLT,,,2000,,,,,,,,2015-09-08,2022-04-03,,,,,0,,
13781,,004385409,13781,004385409,,RTCS,ชาตรี ศรีถาพร,1949-10-14,3100200098792,,,,1,,,,,,,,,,,,,,,,,,,,,,,,,,,,2021-05-05 11:35:33.999000,,,D,,E,,,,,,,H,,C,GHA9Q3,,,2000,,,,,,,,2015-03-10,2021-05-03,,,,,0,,
13781,,004569770,13781,004569770,,RTCS,สมชาย อหิงสโก,1961-01-02,3102001990603,,,,1,,,,,,,,,,,,,,,,,,,,,,,,,,,,2023-05-08 08:15:49,,,,,E,,,,,,,H,,C,JHN4XA,,,2000,,,,,,,,2012-01-17,2023-05-03,,,,,0,,
13781,02,003998420,11722,58-30981,,RTUC,นวพร เจียมเจริญวุฒิ,,3100500168044,,,,2,,,,,,,,,,,,,,,,,,,,,,,,,,,,2015-12-04 17:00:44,,,,,,,,,,G,,3,,,HDE8EHTW,HD,HD,1500,,2,,,,,R,2015-12-04,,,,,,0,,
13781,02,004977801,13781,004977801,,RTCS,แสวง เทียนชัย,1956-01-01,3220300701023,,,,1,,,,,,,,,,,,,,,,,,,,,,,,,,,,2019-07-31 16:27:59,,,,,U,,,,,,,H,,C,G32SDX,,,2000,,,,,,,,2015-03-11,2099-12-31,,,,,0,,
13781,,004615524,13781,004615524,,RTCS,สุรีย์ วรรณภิญโญ,1950-04-01,3100600644743,,,,2,,,,,,,,,,,,,,,,,,,,,,,,,,,,2019-07-31 16:28:00,,,,,U,,,,,,,H,,C,G6UG22,,,2000,,,,,,,,2012-04-18,2099-12-31,,,,,0,,
13781,02,004440067,13781,004440067,,RTCS,เบ็ญจรัตน์ คงเพ็ชร,1941-01-01,3120100744447,,,,2,,,,,,,,,,,,,,,,,,,,,,,,,,,,2023-05-08 08:16:05,,,,,E,,,,,,,H,,C,Q3UMW3,,,2000,,,,,,,,2010-08-04,2022-09-30,,,,,0,,
13781,02,005078544,11535,530026536,,RTCS,นวล วงศ์สุริยา,1948-10-10,3410400212430,,,,2,,,,,,,,,,,,,,,,,,,,,,,,,,,,2015-12-15 16:33:12,,,,,U,,,,2,G,1,1,,C,HEMMRFZG,,,2000,,,,,,,,2010-07-08,2017-07-08,,,,,0,,
13781,02,005080524,11484,10127/51,,"RTCS,",มะลิ  ศีลกุล,1944-07-01,3670600130354,,,,2,,,,,,,,,,,,,,,,,,,,,,,,,,,,2015-12-18 14:21:40.999000,,,,,,,,,2,G,1,2,,C,HRB2S6XR,,,2000,,,,,,,,2006-10-31,2016-10-31,,,,,0,,
13781,02,003816117,13781,003816117,,RTCS,จิรภา เลียงกลกิจ,1948-06-05,3101201547061,,,,2,,,,,,,,,,,,,,,,,,,,,,,,,,,,2021-11-22 08:42:09,,,D,,E,,,,,,,H,,C,G21J0A,,,2000,,,,,,,,2007-01-12,2021-11-18,,,,,0,,
13781,02,004743287,22525,44000074,,RTUC,ทองมี ข่วนกระโทก,1944-01-01,3300700113721,,,,2,,,,,,,,,,,,,,,,,,,,,,,,,,,,2015-12-19 12:00:00,,,,,,,,,,G,,3,,,HDH2TXVA,HD,HD,1500,,7,,,,,O,2015-12-19,,,,,,0,,
13781,02,004907355,12226,9074-48,,RTUC,สุรศักดิ์ เพชรช่วย,,3801100201243,,,,1,,,,,,,,,,,,,,,,,,,,,,,,,,,,2015-12-22 17:00:44,,,,,,,,,,G,,3,,,HDD2NJFL,HD,HD,1500,,2,,,,,O,2015-12-22,,,,,,0,,
13781,02,004574572,28878,002/57,,RTUC,สมศรี นิยมสมบัติ,,3102100201241,,,,2,,,,,,,,,,,,,,,,,,,,,,,,,,,,2015-12-31 08:30:00.999000,,,,,,,,,,G,,3,,,HDKNQG4X,HD,HD,1500,,7,,,,,O,2015-12-29,,,,,,0,,
13781,,003745102,13781,003745102,,RTCS,นพดล ช่วยนุกิจ,1977-04-19,3100501353970,,,,1,,,,,,,,,,,,,,,,,,,,,,,,,,,,2019-07-31 16:28:00,,,,,U,,,,,,,H,,C,KPKDCB,,,2000,,,,,,,,2009-12-25,2099-12-31,,,,,0,,
13781,02,004632689,13781,004632689,,RTCS,ธงชัย อนุรักษ์ชนะชัย,1960-12-18,3100202291883,,,,1,,,,,,,,,,,,,,,,,,,,,,,,,,,,2019-07-31 16:28:00,,,,,U,,,,,,,H,,C,CGN3EA,,,2000,,,,,,,,2012-07-05,2099-12-31,,,,,0,,
13781,02,005085504,27972,028,,RTUC,เดชา แสงประพาฬ,,3260100538234,,,,1,,,,,,,,,,,,,,,,,,,,,,,,,,,,2016-01-07 08:30:00.999000,,,,,,,,,,G,,3,,,HDA3T9TY,PD,HD,1500,,4,,,,,O,2016-01-06,,,,,,0,,
13781,02,003723734,40735,010/58,,RTUC,เจาไกว แซ่เจา,,3110401033396,,,,2,,,,,,,,,,,,,,,,,,,,,,,,,,,,2016-03-17 16:55:28.998000,,,D,,E,,,,,G,,3,,,HDLCZLM6,HD,HD,1500,,2,,,,,O,2016-01-06,2016-03-04,,,,,0,,
13781,02,004990634,13781,004990634,,RTSS,สุรวิทย์ คล่องสารา,,3102000826052,,,,1,,,,,,,,,,,,,,,,,,,,,,,,,,,,2016-01-07 12:34:51,,,,,,,,,,G,,,,,SSL3K12P,HD,HD,1500,,2,,,,,,2014-09-19,,,,,,0,,
13781,02,004909411,24037,56-012618,,RTUC,ละเมียด การพงค์ศรี,,3110400915883,,,,2,,,,,,,,,,,,,,,,,,,,,,,,,,,,2017-12-18 17:07:03,,,C,,E,,,,,G,,3,,,HDK2LMUE,HD,HD,1500,,2,,,,,O,2016-01-08,2017-12-08,,,,,0,,
13781,02,004200850,13781,004200850,,RTCS,นิดาวรรณ บำรุงศิลป์,1983-07-09,3230400223883,,,,2,,,,,,,,,,,,,,,,,,,,,,,,,,,,2019-07-31 16:28:00,,,,,V,,,,,,,H,,C,G69H7Y,,,2000,,,,,,,,2008-10-13,2099-12-31,,,,,0,,
13781,,005039532,13781,005039532,,RTCS,ณรงค์ สายประสิทธิ์ผล,1965-01-14,3730101215060,,,,1,,,,,,,,,,,,,,,,,,,,,,,,,,,,2023-10-19 08:19:32,,,D,,E,,,,,,,H,,C,ONPLUP,,,2000,,,,,,,,2015-09-18,2023-10-18,,,,,0,,
13781,02,005078678,11743,48/13560,,RTUC,พรชัย เพียรธรรมเจริญ,,3110102248501,,,,1,,,,,,,,,,,,,,,,,,,,,,,,,,,,2017-11-18 11:27:44.998000,,,C,,E,,,,,G,,3,,,HDH3NNHZ,HD,HD,1500,,2,,,,,O,2016-01-14,2017-11-15,,,,,0,,
13781,02,005067471,10690,0381544,,RTUC,วันเพ็ญ แสงคำ,,3160100770987,,,,2,,,,,,,,,,,,,,,,,,,,,,,,,,,,2017-06-19 17:05:36,,,C,,E,,,,,G,,3,,,HDH4DX8Q,HD,HD,1500,,2,,,,,R,2016-01-15,2017-06-09,,,,,0,,
13781,02,003732590,10675,124441,,RTCS,เตียง ชั้นประดับ,1947-01-01,3620400214759,,,,2,,,,,,,,,,,,,,,,,,,,,,,,,,,,2016-01-15 16:43:53.999000,,,,,U,,,,2,G,1,2,,C,HRHSLLF2,,,2000,,,,,,,,2010-03-24,2016-03-24,,,,,0,,
13781,02,004210864,11560,5620517,,RTUC,พรทิพย์ จรัสวิโรจน์,1946-07-17,3100503090429,,,,2,,,,,,,,,,,,,,,,,,,,,,,,,,,,2019-07-03 14:13:41.999000,,,D,,E,,,,,G,,3,,,HDD263UA,HD,HD,1500,,7,,,,,R,2016-01-15,2019-06-27,,,,,0,,
13781,02,004458520,13781,004458520,,RTCS,สุริพงศ์ สังข์ชัย,1954-04-22,3860800013589,,,,1,,,,,,,,,,,,,,,,,,,,,,,,,,,,2023-07-04 11:37:54.999000,,,D,,E,,,,,,,H,,C,MR2FC2,,,2000,,,,,,,,2010-10-12,2023-07-03,,,,,0,,
13781,,004183338,13781,004183338,,RTCS,วินัย ไวยเนตร,1954-12-22,3540100628460,,,,1,,,,,,,,,,,,,,,,,,,,,,,,,,,,2022-05-05 09:27:05.998000,,,D,,E,,,,,,,H,,C,E4BHUJ,,,2000,,,,,,,,2008-07-25,2022-05-03,,,,,0,,
13781,,004782905,13781,004782905,,RTCS,ส่งแสง สุดหอม,1939-09-20,3100602092535,,,,2,,,,,,,,,,,,,,,,,,,,,,,,,,,,2016-05-17 15:48:44.998000,,,D,,E,,,,,,,H,,C,KRBJBW,,,2000,,,,,,,,2013-09-18,2016-05-18,,,,,0,,
13781,,004714460,13781,004714460,,RTCS,ผัดมา สมัครไทย,1932-08-15,5570100032890,,,,2,,,,,,,,,,,,,,,,,,,,,,,,,,,,2018-10-31 09:57:41,,,D,,E,,,,,,,H,,C,AJB67X,,,2000,,,,,,,,2013-01-22,2018-08-18,,,,,0,,
13781,02,004595291,10660,1085457,,RTUC,อุมาพร กันเกตุแก้ว,,3140300143561,,,,2,,,,,,,,,,,,,,,,,,,,,,,,,,,,2016-01-18 14:00:02.998000,,,,,,,,,,G,,3,,,HDA43RNR,HD,HD,1500,,8,,,,,O,2016-01-18,,,,,,0,,
13781,02,003062772,13781,003062772,,RTSS,วันชัย มกรพันธ์,1947-05-29,3102400390227,,,,1,,,,,,,,,,,,,,,,,,,,,,,,,,,,2019-06-06 09:51:28.999000,,,D,,E,,,,,G,,,,,SSE6DD0S,HD,HD,1500,,2,,,,,,2012-10-15,2019-02-01,,,,,0,,
13781,02,000079530,13781,000079530,,RTCS,ทวี กลีบบัว,1926-02-02,3102201969861,,,,1,,,,,,,,,,,,,,,,,,,,,,,,,,,,2016-03-17 17:42:38,,,D,,E,,,,,,,H,,C,F4C2AE,,,2000,,,,,,,,2007-03-15,2016-03-18,,,,,0,,
13781,,002635492,13781,002635492,,RTCS,สมบุญ หวังบำรุง,1941-01-01,3101701755673,,,,2,,,,,,,,,,,,,,,,,,,,,,,,,,,,2021-10-07 10:09:51.998000,,,D,,E,,,,,,,H,,C,QRNV5S,,,2000,,,,,,,,2009-11-12,2021-10-03,,,,,0,,
13781,02,002330043,13781,002330043,,RTCS,อายวก แซ่อึ้ง,1933-07-01,3100905158125,,,,1,,,,,,,,,,,,,,,,,,,,,,,,,,,,2019-12-18 16:51:08.998000,,,D,,E,,,,,,,H,,C,G35PWT,,,2000,,,,,,,,2006-11-08,2019-12-18,,,,,0,,
13781,02,004601226,23880,1353/58,,RTUC,ณัฐพลิน รักปถพีสุวรรณ,,3100400562506,,,,2,,,,,,,,,,,,,,,,,,,,,,,,,,,,2016-01-23 18:00:00.998000,,,,,,,,,,G,,3,,,HDD2GN28,HD,HD,1500,,8,,,,,O,2016-01-23,,,,,,0,,
13781,02,002544929,13781,002544929,,RTCS,เอกฤทธิ์ แก้วอุไร,1966-03-05,3209900184010,,,,1,,,,,,,,,,,,,,,,,,,,,,,,,,,,2024-10-03 14:21:18,,,D,,E,,,,,,,H,,C,C1D2EE,,,2000,,,,,,,,2007-02-15,2024-09-23,,,,,0,,
13781,02,002184325,13781,002184325,,RTCS,จิตตรา นิคม,1936-07-01,3110102152130,,,,2,,,,,,,,,,,,,,,,,,,,,,,,,,,,2016-01-27 09:33:13,,,,,V,,,,,,,H,,C,C198BY,,,2000,,,,,,,,2006-12-08,2018-12-08,,,,,0,,
13781,02,004816892,25035,95,,RTUC,จุฑาทิพย์ ตุ่นแก้ว,,1102000622281,,,,2,,,,,,,,,,,,,,,,,,,,,,,,,,,,2016-10-03 11:36:23.998000,,,D,,E,,,,,G,,3,,,HDF4GQS4,HD,HD,1500,,8,,,,,O,2016-01-23,2016-10-03,,,,,0,,
13781,02,003956144,13781,003956144,,RTCS,บำเพ็ญพร มูลวณิชย์,1942-04-17,3309901253456,,,,2,,,,,,,,,,,,,,,,,,,,,,,,,,,,2021-06-10 13:54:27,,,D,,E,,,,,,,H,,C,WEWPLC,,,2000,,,,,,,,2006-03-20,2021-06-03,,,,,0,,
13781,,005081584,13781,005081584,,RTCS,พิศมัย พันธ์วงศา,1959-11-16,3120101176167,,,,2,,,,,,,,,,,,,,,,,,,,,,,,,,,,2019-03-25 11:31:19,,,O,,E,,,,,,,H,,C,E7727L,,,2000,,,,,,,,2015-12-15,2019-03-18,,,,,0,,
13781,02,004955074,11771,570701236,,RTUC,อภิวัฒน์ ศรีวิไล,,1102700492860,,,,1,,,,,,,,,,,,,,,,,,,,,,,,,,,,2018-08-03 14:21:39,,,D,,E,,,,,G,,3,,,HDD35F7Z,HD,HD,1500,,2,,,,,O,2016-01-27,2018-08-03,,,,,0,,
13781,02,003658396,13781,003658396,,RTCS,ธรรมรงค์ ศรีทอง,1973-03-07,3760500153793,,,,1,,,,,,,,,,,,,,,,,,,,,,,,,,,,2021-10-07 10:10:22.998000,,,,,U,,,,,,,H,,C,H396LN,,,2000,,,,,,,,2021-10-04,2099-12-31,,,,,0,,
13781,02,001337552,22525,13520/47,,"RTCS,",อัมพร   พิราชัย,1940-10-01,3101702186800,,,,2,,,,,,,,,,,,,,,,,,,,,,,,,,,,2016-01-30 13:36:37,,,,,,,,,2,G,2,2,,C,HRM3N9YJ,,,2000,,,,,,,,2014-12-04,2016-12-04,,,,,0,,
13781,02,004909200,13781,004909200,,RTCS,รวิพัชญ์ แสนสุข,1974-09-03,3440600593046,,,,1,,,,,,,,,,,,,,,,,,,,,,,,,,,,2016-03-02 15:47:28,,,O,,E,,,,,,,H,,C,QU4HAX,,,2000,,,,,,,,2014-08-20,2016-03-03,,,,,0,,
13781,02,004271520,11879,510013351,,RTUC,ธานินทร์ รัตนชน,,3250600299611,,,,1,,,,,,,,,,,,,,,,,,,,,,,,,,,,2017-04-10 13:31:16.999000,,,,,U,,,,,G,,3,,,HDA3P4SJ,HD,HD,1500,,7,,,,,O,2016-02-03,,,,,,0,,
13781,,004165445,13781,004165445,,RTCS,สุมล บุญอนันต์,1931-04-01,3800700024503,,,,2,,,,,,,,,,,,,,,,,,,,,,,,,,,,2016-03-17 17:42:38,,,D,,E,,,,,,,H,,C,DYLGPH,,,2000,,,,,,,,2008-05-02,2016-03-18,,,,,0,,
13781,02,004408261,13781,004408261,,RTCS,วรรณี บัวตัน,1935-03-01,3240900196401,,,,2,,,,,,,,,,,,,,,,,,,,,,,,,,,,2019-05-24 13:14:24,,,D,,E,,,,,,,H,,C,HQVUW8,,,2000,,,,,,,,2010-03-10,2019-05-18,,,,,0,,
13781,02,004993353,14972,48-005950,,RTUC,สายขิม แจ่มใส,,3659900816225,,,,2,,,,,,,,,,,,,,,,,,,,,,,,,,,,2016-03-17 16:55:29.998000,,,D,,E,,,,,G,,3,,,HDJ2SEF8,HD,HD,1500,,4,,,,,O,2016-02-09,2016-03-18,,,,,0,,
13781,02,005067975,13781,005067975,,RTSS,จุ๋มจิ๋ม มณีสม,1971-12-20,3350100110764,,,,2,,,,,,,,,,,,,,,,,,,,,,,,,,,,2016-05-03 17:03:27,,,D,,E,,,,,G,,,,,SSFVCI52,KT,KT,1500,,2,,,,,,2012-10-15,2016-04-12,,,,,0,,
13781,02,004171418,11379,0048841,,RTUC,วรรณดี รุ่งโรจน์,1947-07-06,3860400348745,,,,2,,,,,,,,,,,,,,,,,,,,,,,,,,,,2018-04-17 18:57:50,,,,,U,,,,,G,,3,,,HDC572R3,HD,HD,1500,,2,,,,,R,2016-02-10,,,,,,0,,
13781,,004946644,13781,004946644,,RTCS,จุฑาพร เอื้อนครินทร์,1947-05-16,3101801173579,,,,2,,,,,,,,,,,,,,,,,,,,,,,,,,,,2022-10-04 09:59:58.998000,,,D,,E,,,,,,,H,,C,AFE9AD,,,2000,,,,,,,,2014-12-04,2022-09-18,,,,,0,,
13781,02,004784117,13781,004784117,,RTSS,หนึ่งฤดี สุดประเสริฐ,,3210300427207,,,,2,,,,,,,,,,,,,,,,,,,,,,,,,,,,2016-02-11 17:09:46,,,,,,,,,,G,,,,,SSDFOAER,HD,HD,1500,,2,,,,,,2013-01-07,,,,,,0,,
13781,02,001902815,13781,001902815,,RTSS,กัญญ์ณณัฏฐ์ ทักศินาวรรณ,,3249900232286,,,,2,,,,,,,,,,,,,,,,,,,,,,,,,,,,2016-02-12 06:46:29,,,,,,,,,,G,,,,,SSBKTNID,HD,HD,1500,,2,,,,,,2012-10-15,,,,,,0,,
13781,02,004442194,13781,004442194,,RTCS,วันดี บุญราช,1944-11-20,3330900834538,,,,2,,,,,,,,,,,,,,,,,,,,,,,,,,,,2020-05-08 14:49:14,,,D,,E,,,,,,,H,,C,GF9MDD,,,2000,,,,,,,,2010-06-28,2020-05-03,,,,,0,,
13781,02,004388736,13781,004388736,,RTCS,ธนาศักดิ์ แซ่จันทร์,1986-02-22,1730200039204,,,,1,,,,,,,,,,,,,,,,,,,,,,,,,,,,2019-07-31 16:28:01,,,,,U,,,,,,,H,,C,LYTETD,,,2000,,,,,,,,2012-06-20,2099-12-31,,,,,0,,
13781,02,004541385,13781,004541385,,RTCS,นันทพันธ์ อนันตรักษ์,1957-03-08,3601101080247,,,,2,,,,,,,,,,,,,,,,,,,,,,,,,,,,2021-01-06 08:46:15,,,D,,E,,,,,,,H,,C,BVR2RN,,,2000,,,,,,,,2011-07-13,2021-01-03,,,,,0,,
13781,,004467717,13781,004467717,,RTCS,ทองหยิบ สิยาโน,1939-01-01,3200700152655,,,,2,,,,,,,,,,,,,,,,,,,,,,,,,,,,2019-12-18 16:51:08,,,D,,E,,,,,,,H,,C,AVMT8F,,,2000,,,,,,,,2010-10-05,2019-12-18,,,,,0,,
13781,,003411421,13781,003411421,,RTCS,เยื้อนจิตต์ อารีย์พงศา,1923-10-16,3100800583209,,,,2,,,,,,,,,,,,,,,,,,,,,,,,,,,,2017-03-17 17:44:00,,,C,,E,,,,,,,H,,C,A5P7FR,,,2000,,,,,,,,2010-10-12,2017-03-20,,,,,0,,
13781,02,003735040,13781,003735040,,RTCS,ชโลธร วัฒนจงกล,1956-05-22,3102002543091,,,,1,,,,,,,,,,,,,,,,,,,,,,,,,,,,2016-11-17 18:36:19,,,D,,E,,,,,,,H,,C,F9SGY8,,,2000,,,,,,,,2007-11-16,2016-11-18,,,,,0,,
13781,02,004828285,23869,1093/6256,,RTUC,เจียงศักดิ์ พิลุน,,3102100021234,,,,1,,,,,,,,,,,,,,,,,,,,,,,,,,,,2016-02-20 12:00:00,,,,,,,,,,G,,3,,,HDD4GXHR,HD,HD,1500,,2,,,,,O,2016-02-20,,,,,,0,,
13781,02,003929086,21708,71/51,,RTUC,วิมลรัตน์ ทรัพย์สิน,,1100200083543,,,,2,,,,,,,,,,,,,,,,,,,,,,,,,,,,2017-04-10 13:31:16.999000,,,,,U,,,,,G,,3,,,HDD2SDBL,HD,HD,1500,,7,,,,,O,2016-02-21,,,,,,0,,
13781,02,003759210,13781,003759210,,RTCS,จักรพันธ์ พิจิตร์,1965-08-09,3560500553220,,,,1,,,,,,,,,,,,,,,,,,,,,,,,,,,,2023-05-08 08:15:12,,,,,E,,,,,,,H,,C,Q6JP9D,,,2000,,,,,,,,2008-07-30,2022-09-30,,,,,0,,
13781,02,004917052,28860,5644,,RTUC,เบญญาพร ชุมวิจิตรกุล,1950-09-26,3129900135893,,,,2,,,,,,,,,,,,,,,,,,,,,,,,,,,,2016-02-25 10:38:41.999000,,,,,,,,,,G,,3,,,HDK3WLQY,HD,HD,1500,,7,,,,,R,2016-02-25,,,,,,0,,
13781,02,004795855,13781,004795855,,RTCS,สอิ้ง แถววีระชน,1926-09-10,3101700163632,,,,2,,,,,,,,,,,,,,,,,,,,,,,,,,,,2020-04-07 08:57:46.998000,,,D,,E,,,,,,,H,,C,O3662E,,,2000,,,,,,,,2015-09-02,2020-04-03,,,,,0,,
13781,,005099713,13781,005099713,,RTCS,โสภณ ชนะชัย,1958-12-09,3930100195748,,,,1,,,,,,,,,,,,,,,,,,,,,,,,,,,,2019-07-31 16:28:01.998000,,,,,U,,,,,,,H,,C,QD7D2X,,,2000,,,,,,,,2016-02-02,2099-12-31,,,,,0,,
13781,02,003520709,13781,003520709,,RTCS,พรรณทิพา คำเมืองไสย์,1941-11-07,3429900172788,,,,2,,,,,,,,,,,,,,,,,,,,,,,,,,,,2018-01-17 16:54:28.998000,,,D,,E,,,,,,,H,,C,DH6TZC,,,2000,,,,,,,,2010-05-10,2018-01-18,,,,,0,,
13781,02,005028408,12033,4463-55,,RTUC,ทรงพล เกษพานิช,,3609900932276,,,,1,,,,,,,,,,,,,,,,,,,,,,,,,,,,2016-03-17 16:55:29.998000,,,D,,E,,,,,G,,3,,,HDDZR7JP,HD,HD,1500,,8,,,,,O,2016-03-02,2016-03-14,,,,,0,,
13781,02,004974535,13781,004974535,,RTCS,สุคนธ์ อาจยาทา,1989-02-17,1350100146428,,,,1,,,,,,,,,,,,,,,,,,,,,,,,,,,,2019-07-31 16:28:01.998000,,,,,U,,,,,,,H,,C,G9677Z,,,2000,,,,,,,,2015-02-25,2099-12-31,,,,,0,,
13781,,004330053,13781,004330053,,RTCS,อำพันทอง มุสิกสุต,1940-06-20,3102101621308,,,,1,,,,,,,,,,,,,,,,,,,,,,,,,,,,2024-12-03 08:41:58.998000,,,D,,E,,,,,,,H,,C,LYCS3E,,,2000,,,,,,,,2009-05-21,2024-11-25,,,,,0,,
13781,02,002417147,13781,002417147,,RTCS,อุบลรัตน์ นาคะมา,1983-05-10,3101701655598,,,,2,,,,,,,,,,,,,,,,,,,,,,,,,,,,2023-03-22 15:22:22,,,,,E,,,,,,,H,,C,QFEEGV,,,2000,,,,,,,,2011-01-21,2023-03-03,,,,,0,,
13781,02,005105189,11879,500008076,,RTUC,ศุภางค์ บุญสิน,,3249900076039,,,,2,,,,,,,,,,,,,,,,,,,,,,,,,,,,2016-03-11 12:00:02.999000,,,,,,,,,,G,,3,,,HDG2722Y,HD,HD,1500,,8,,,,,O,2016-03-09,,,,,,0,,
13781,02,005113936,10916,69511,,RTCS,ประยูร  งามชื่น,1941-09-02,3320300296888,,,,2,,,,,,,,,,,,,,,,,,,,,,,,,,,,2016-03-14 07:28:50,,,,,,,,,2,G,1,2,,C,HRD4GG6T,,,2000,,,,,,,,2015-03-17,2017-03-17,,,,,0,,
13781,02,004759589,13781,004759589,,"RTSS,RTSS",เอี่ยม ตั้งใจสนอง,1935-01-01,3100700961945,,,,1,,,,,,,,,,,,,,,,,,,,,,,,,,,,2019-04-02 16:06:01.998000,,,D,,E,,,,,,,,,,SSLWWWHD,HD,HD,1500,,2,,,,,,2012-10-15,2019-01-27,,,,,0,,
13781,02,002644163,13781,002644163,,RTCS,อนันต์ อินดี,1964-02-02,3539800031049,,,,1,,,,,,,,,,,,,,,,,,,,,,,,,,,,2019-07-31 16:28:01.998000,,,,,V,,,,,,,H,,C,J37ODG,,,2000,,,,,,,,2006-10-31,2099-12-31,,,,,0,,
13781,02,003845845,13781,003845845,,RTCS,นวลอนงค์ สุณาวงษ์,1960-11-24,3130700120479,,,,2,,,,,,,,,,,,,,,,,,,,,,,,,,,,2019-07-31 16:28:01.998000,,,,,V,,,,,,,H,,C,DFNGT8,,,2000,,,,,,,,2008-11-01,2099-12-31,,,,,0,,
13781,02,004819375,13781,004819375,,RTCS,ลัดดา เจริญเกตุ,1965-11-07,3710200144756,,,,2,,,,,,,,,,,,,,,,,,,,,,,,,,,,2019-07-31 16:28:01.998000,,,,,V,,,,,,,H,,C,H7VBY3,,,2000,,,,,,,,2013-11-21,2099-12-31,,,,,0,,
13781,02,004546390,11722,52-12442,,RTUC,จงจิต มีทรัพย์สมบัติ,1939-01-01,3720100043648,,,,2,,,,,,,,,,,,,,,,,,,,,,,,,,,,2017-09-19 17:26:49,,,C,,E,,,,,G,,3,,,HDL4GETX,HD,HD,1500,,7,,,,,R,2016-03-17,2017-09-16,,,,,0,,
13781,,005019124,13781,005019124,,RTCS,กิมเฮียะ กอปรกิจงาม,1940-06-01,3320100196499,,,,1,,,,,,,,,,,,,,,,,,,,,,,,,,,,2021-06-23 09:55:42,,,D,,E,,,,,,,H,,C,KSYCG8,,,2000,,,,,,,,2015-06-29,2021-06-18,,,,,0,,
13781,02,003140648,13781,003140648,,RTCS,นวลนิตย์ แก้ววิเศษ,1935-11-11,3639900134035,,,,2,,,,,,,,,,,,,,,,,,,,,,,,,,,,2016-05-17 15:48:44.998000,,,D,,E,,,,,,,H,,C,CXDGWC,,,2000,,,,,,,,2007-09-14,2016-05-18,,,,,0,,
13781,02,004130822,12159,57-505503,,RTUC,อ๋า เทพอยู่,1955-01-01,3760500690977,,,,1,,,,,,,,,,,,,,,,,,,,,,,,,,,,2016-03-18 14:00:03.998000,,,,,,,,,,G,,2,,,HRLRQAZ9,HD,HD,1500,,7,,,,,O,2016-03-18,,,,,,0,,
13781,02,002681129,13781,002681129,,RTCS,วิมล ฝั่งชลจิตต์,1954-04-06,3801200613012,,,,2,,,,,,,,,,,,,,,,,,,,,,,,,,,,2016-04-17 14:02:26.999000,,,D,,E,,,,,,,H,,C,G73VXT,,,2000,,,,,,,,2015-04-07,2016-04-18,,,,,0,,
13781,02,005023451,12033,15878-54,,RTUC,สมศักดิ์ ทีนคร,,3610500078253,,,,1,,,,,,,,,,,,,,,,,,,,,,,,,,,,2018-09-03 15:43:44,,,,,U,,,,,G,,3,,,HDK43SSS,HD,HD,1500,,2,,,,,R,2016-03-20,,,,,,0,,
13781,02,005062878,13781,005062878,,RTSS,สายัณต์ ปานเจริญ,,3120500091831,,,,1,,,,,,,,,,,,,,,,,,,,,,,,,,,,2016-03-23 12:33:14,,,,,,,,,,G,,,,,SSH8IV3S,HD,HD,1500,,2,,,,,,2012-10-15,,,,,,0,,
13781,02,004963339,23893,56-001,,RTUC,วารี ดอกเตย,,3700400574002,,,,2,,,,,,,,,,,,,,,,,,,,,,,,,,,,2016-03-24 14:00:04.998000,,,,,,,,,,G,,3,,,HDJQA7BT,HD,HD,1500,,2,,,,,O,2016-03-22,,,,,,0,,
13781,02,004944217,13781,004944217,,RTCS,ศรีไพร เจริญเรืองสกุล,1944-01-01,3760500246007,,,,2,,,,,,,,,,,,,,,,,,,,,,,,,,,,2020-12-18 12:06:11.998000,,,D,,E,,,,,,,H,,C,A3QHJJ,,,2000,,,,,,,,2014-11-24,2020-12-18,,,,,0,,
13781,02,003799296,40731,580086,,RTUC,ฝน รุ่งเรือง,,3101501727765,,,,1,,,,,,,,,,,,,,,,,,,,,,,,,,,,2016-11-18 13:59:09,,,D,,E,,,,,G,,3,,,HDM2BJKR,PD,HD,1500,,2,,,,,O,2016-08-30,2016-11-12,,,,,0,,
13781,02,004702243,13781,004702243,,RTCS,สุชัญญา โชว์ปัญญา,,1709901170798,,,,2,,,,,,,,,,,,,,,,,,,,,,,,,,,,2018-06-18 14:53:07.999000,,,D,,E,,,,,,,H,,C,JRCENG,HD,HD,1500,,2,,,,,O,2013-01-16,2018-06-18,,,,,0,,
13781,02,004034558,13781,004034558,,RTCS,วิมลวรรณ มีลักษณ์,1952-02-01,3100905779481,,,,2,,,,,,,,,,,,,,,,,,,,,,,,,,,,2018-01-17 16:54:28.998000,,,D,,E,,,,,,,H,,C,C1QKQB,,,2000,,,,,,,,2006-10-20,2018-01-18,,,,,0,,
13781,02,002126411,22283,119412356,,RTUC,อาภรณ์พรรณ นันทมงคลกุล,,5101400034183,,,,2,,,,,,,,,,,,,,,,,,,,,,,,,,,,2016-03-30 08:30:00.999000,,,,,,,,,,G,,3,,,HDB3M6NM,HD,HD,1500,,2,,,,,O,2016-03-29,,,,,,0,,
13781,02,003724945,10737,51013089,,RTUC,ไพบูลย์ รุ่งศรีบรรณ,,3110102128654,,,,1,,,,,,,,,,,,,,,,,,,,,,,,,,,,2016-03-30 08:30:02,,,,,,,,,,G,,3,,,HDD2QX92,HD,HD,1500,,4,,,,,O,2016-03-14,,,,,,0,,
13781,02,001566558,22179,52/04806,,RTUC,สุรัตน์ ศรีจาด,,3120100110235,,,,1,,,,,,,,,,,,,,,,,,,,,,,,,,,,2016-11-04 09:34:28,,,D,,E,,,,,G,,3,,,HDD35DFX,HD,HD,1500,,2,,,,,R,2016-03-30,2016-10-26,,,,,0,,
13781,02,004560265,10870,54-2671,,RTUC,อาภรณ์ จันทร์คลาย,,3251100206275,,,,2,,,,,,,,,,,,,,,,,,,,,,,,,,,,2016-04-05 07:21:50,,,,,,,,,2,G,,1,,,HEH2RTED,PD,HD,1500,,2,,,,,O,2015-09-02,,,,,,0,,
13781,02,004081866,10720,000266930,,RTUC,สุดาดวง แก้วพวง,,3330300221641,,,,2,,,,,,,,,,,,,,,,,,,,,,,,,,,,2019-03-04 16:57:07.999000,,,D,,E,,,,,G,,3,,,HDG3NSF9,HD,HD,1500,,4,,,,,O,2016-04-05,2019-02-21,,,,,0,,
13781,02,004370220,12204,18630,,RTUC,อ้อมน้อย สะทองเผือก,,3749800063976,,,,2,,,,,,,,,,,,,,,,,,,,,,,,,,,,2016-09-05 13:08:30.998000,,,D,,E,,,,,G,,3,,,HDMJGM8C,HD,HD,1500,,7,,,,,O,2016-04-06,2016-08-17,,,,,0,,
13781,,004684560,13781,004684560,,RTCS,บุญเลี้ยง นิยมตรง,1938-02-03,3320900429633,,,,1,,,,,,,,,,,,,,,,,,,,,,,,,,,,2016-07-20 13:21:50,,,D,,E,,,,,,,H,,C,FV2LW8,,,2000,,,,,,,,2012-10-22,2016-07-21,,,,,0,,
13781,,003249285,13781,003249285,,RTCS,บุญเยื้อ รัตนศิลา,1941-12-20,3860700424986,,,,1,,,,,,,,,,,,,,,,,,,,,,,,,,,,2016-04-17 14:02:26.999000,,,D,,E,,,,1,,,H,,C,WTYG67,,,2000,,,,,,,,2005-12-29,2016-04-18,,,,,0,,
13781,02,003385817,24923,1014873,,RTCS,ฐานิตา นพฤทธิ์,1968-04-10,3240600022997,,,,2,,,,,,,,,,,,,,,,,,,,,,,,,,,,2016-04-07 19:31:13,,,,,,,,,2,G,1,2,,C,HRDZ6N89,,,2000,,,,,,,,2016-02-12,2018-02-12,,,,,0,,
13781,02,004271066,13781,004271066,,RTCS,สุทิน หนองใหญ่,1930-04-27,3210500493009,,,,,,,,,,,,,,,,,,,,,,,,,,,,,,,,2022-03-04 08:09:46,,,D,,E,,,,,,,H,,C,C7WGT3,,,2000,,,,,,,,2009-01-13,2022-03-03,,,,,0,,
13781,02,005127840,11560,99390,,RTUC,ทรงพล เพชรเกษม,,3100500341820,,,,1,,,,,,,,,,,,,,,,,,,,,,,,,,,,2018-05-21 10:55:45.999000,,,D,,E,,,,,G,,3,,,HDJVQ424,HD,HD,1500,,4,,,,,O,2016-04-11,2018-05-10,,,,,0,,
13781,02,004687538,25030,210257,,RTUC,สุพจน์ เกียรติศรีฟุ้ง,,3110300606153,,,,1,,,,,,,,,,,,,,,,,,,,,,,,,,,,2017-04-10 13:31:15.998000,,,,,U,,,,,G,,3,,,HDH2L9UR,HD,HD,1500,,4,,,,,O,2016-04-12,,,,,,0,,
13781,02,004424793,11768,510902180,,RTUC,ชนาภา ชื่นเกษม,1968-06-07,3100900927554,,,,2,,,,,,,,,,,,,,,,,,,,,,,,,,,,2016-08-19 16:24:46,,,D,,E,,,,,G,,3,,,HDK3H2HC,HD,HD,1500,,7,,,,,O,2016-04-15,2016-08-02,,,,,0,,
13781,02,005001405,10678,000007587,,RTCS,สมจิตต์ รื่นโพธิ์วงศ์,1944-07-01,3720100728292,,,,2,,,,,,,,,,,,,,,,,,,,,,,,,,,,2016-04-16 12:37:34.999000,,,,,,,,,2,G,1,2,,C,HRH44V9F,,,2000,,,,,,,,2005-09-07,2017-09-07,,,,,0,,
13781,02,004397035,13781,004397035,,RTCS,โชคชัย แซ่คู,1960-10-15,3100900231720,,,,1,,,,,,,,,,,,,,,,,,,,,,,,,,,,2017-12-03 13:20:57,,,C,,E,,,,,,,H,,C,CKCUKM,,,2000,,,,,,,,2009-12-28,2017-12-04,,,,,0,,
13781,02,004060415,13781,004060415,,RTSS,ดำรงค์ ชูชื่น,1966-05-04,3760600077533,,,,1,,,,,,,,,,,,,,,,,,,,,,,,,,,,2024-01-02 11:19:53,,,S,,E,,,,,G,,,,,SSECX9YE,KT,KT,1500,,2,,,,,,2012-10-15,2023-12-29,,,,,0,,
13781,,003199804,13781,003199804,,RTCS,วันเพ็ญ ไวทยานุวัตติ,1935-07-01,3100200756480,,,,2,,,,,,,,,,,,,,,,,,,,,,,,,,,,2023-04-24 09:33:07,,,D,,E,,,,,,,H,,C,A5DKQC,,,2000,,,,,,,,2007-05-24,2023-04-03,,,,,0,,
13781,02,001836769,15289,033/49,,RTUC,นันทนา มาลาอี,,1100400026292,,,,2,,,,,,,,,,,,,,,,,,,,,,,,,,,,2017-04-10 13:31:16.999000,,,,,U,,,,,G,,H,,,HDD2SZKC,HD,HD,1500,,7,,,,,O,2016-12-14,,,,,,0,,
13781,02,004463897,27972,019,,RTUC,อุษณี พึ่งพา,,3210100860608,,,,2,,,,,,,,,,,,,,,,,,,,,,,,,,,,2016-04-25 17:00:44,,,,,,,,,,G,,3,,,HDC2BEZB,HD,HD,1500,,2,,,,,O,2016-04-23,,,,,,0,,
13781,02,004938210,13781,004938210,,RTCS,ทองหยิบ สุขารมย์,1951-05-11,3619900113992,,,,2,,,,,,,,,,,,,,,,,,,,,,,,,,,,2021-11-22 08:42:18,,,D,,E,,,,,,,H,,C,AW2JS3,,,2000,,,,,,,,2014-11-06,2021-11-18,,,,,0,,
13781,02,004965183,10690,0260577,,RTUC,วรรณนิษา ยี่ภู่พันธุ์,,1160100320241,,,,2,,,,,,,,,,,,,,,,,,,,,,,,,,,,2017-04-10 13:31:15.998000,,,,,U,,,,,G,,3,,,HDJ2V4NN,HD,HD,1500,,4,,,,,O,2016-04-27,,,,,,0,,
13781,02,004551494,13781,004551494,,RTSS,ปิยะบุตร กมล,,1201000039362,,,,1,,,,,,,,,,,,,,,,,,,,,,,,,,,,2016-04-27 17:07:58.998000,,,,,,,,,,G,,,,,SSAP96PS,HD,HD,1500,,2,,,,,,2012-10-15,,,,,,0,,
13781,02,004649485,13781,004649485,,"RTSS,RTSS",ขวัญเรือน เดชพิพัฒน์,,3240900058954,,,,2,,,,,,,,,,,,,,,,,,,,,,,,,,,,2021-12-25 17:51:36.998000,,,,,,,,,,G,,,,,SSMK4XE8,HD,HD,1500,,2,,,,,,2012-10-15,,,,,,0,,
13781,,004169896,13781,004169896,,RTCS,สำลี ศิวะกุล,1931-02-20,3100602760589,,,,2,,,,,,,,,,,,,,,,,,,,,,,,,,,,2016-09-18 14:58:23,,,D,,E,,,,,,,H,,C,KQ9CDF,,,2000,,,,,,,,2008-05-14,2016-09-19,,,,,0,,
13781,,002838507,13781,002838507,,RTCS,พเยาว์ สุขสวัสดิ์,1929-07-01,3240300083851,,,,2,,,,,,,,,,,,,,,,,,,,,,,,,,,,2021-12-07 09:18:32,,,D,,E,,,,,,,H,,C,DJZ57D,,,2000,,,,,,,,2007-07-09,2021-12-03,,,,,0,,
13781,,000250869,13781,000250869,,RTCS,พรรณี เนียมพฤกษ์,1952-04-07,3101401791747,,,,2,,,,,,,,,,,,,,,,,,,,,,,,,,,,2016-05-02 10:42:31.999000,,,,,V,,,,,,,H,,C,EMKGUT,,,2000,,,,,,,,2007-05-15,2018-05-15,,,,,0,,
13781,,004298382,13781,004298382,,RTCS,เสรี จำปา,1924-05-16,3330900758009,,,,1,,,,,,,,,,,,,,,,,,,,,,,,,,,,2016-07-20 13:21:50,,,D,,E,,,,,,,H,,C,MU26ER,,,2000,,,,,,,,2009-02-19,2016-07-21,,,,,0,,
13781,02,004605816,13781,004605816,,RTCS,เชวง ชัยรัตน์,1949-08-05,3660600332437,,,,1,,,,,,,,,,,,,,,,,,,,,,,,,,,,2019-11-26 14:35:30,,,D,,E,,,,,,,H,,C,HT32HH,,,2000,,,,,,,,2014-02-27,2019-11-18,,,,,0,,
13781,02,004516577,13781,004516577,,RTCS,ชัยวัฒน์ ขุราษี,1958-11-16,3100601576491,,,,1,,,,,,,,,,,,,,,,,,,,,,,,,,,,2019-07-31 16:28:03.999000,,,,,U,,,,,,,H,,C,MA93SA,,,2000,,,,,,,,2011-04-04,2099-12-31,,,,,0,,
13781,02,004045052,13781,004045052,,RTUC,สงวน ทองสุขดี,,3100501684542,,,,2,,,,,,,,,,,,,,,,,,,,,,,,,,,,2016-05-04 09:46:39.999000,,,,,,,,,,G,,H,,,UCL1120C,HD,HD,1500,,4,,,,,O,2016-04-21,,,,,,0,,
13781,02,004542983,10744,415519,,RTUC,ไวพจน์ พิริยะสงวนพงษ์,,3770300048643,,,,1,,,,,,,,,,,,,,,,,,,,,,,,,,,,2017-04-10 13:31:15.998000,,,,,U,,,,,G,,3,,,HDJ4GYDZ,HD,HD,1500,,2,,,,,O,2016-05-04,,,,,,0,,
13781,02,000624966,13781,000624966,,RTCS,นิตยา สินธวรัตน์,1955-09-14,3101600405090,,,,2,,,,,,,,,,,,,,,,,,,,,,,,,,,,2020-07-22 17:05:33,,,D,,E,,,,,,,H,,C,J3HZE7,,,2000,,,,,,,,2006-11-22,2020-07-18,,,,,0,,
13781,02,000244567,13781,000244567,,RTCS,ชุลียล ศรีจันทราพันธุ์,1938-02-21,3100601439604,,,,2,,,,,,,,,,,,,,,,,,,,,,,,,,,,2016-06-17 17:15:15.998000,,,D,,E,,,,,,,H,,C,HCPJK3,,,2000,,,,,,,,2006-10-02,2016-06-20,,,,,0,,
13781,02,005061067,13781,005061067,,RTCS,ศศิกานต์ จันทร์โต,1969-04-13,3520800259700,,,,2,,,,,,,,,,,,,,,,,,,,,,,,,,,,2019-05-07 13:38:32.998000,,,D,,E,,,,,,,H,,C,B26XTT,,,2000,,,,,,,,2015-10-17,2019-05-03,,,,,0,,
13781,02,004302459,13781,004302459,,RTCS,สุเทพ สวยศรี,1947-01-01,5100200074245,,,,1,,,,,,,,,,,,,,,,,,,,,,,,,,,,2020-10-21 08:50:29.998000,,,D,,E,,,,,,,H,,C,Q2HX5Z,,,2000,,,,,,,,2013-10-04,2020-10-18,,,,,0,,
13781,02,002697903,10737,550028314,,RTUC,วีระศักดิ์ ชูเชิด,,1770200046855,,,,1,,,,,,,,,,,,,,,,,,,,,,,,,,,,2017-11-16 17:35:46.999000,,,,,,,,,2,G,,1,,,HEL2P53E,HD,HD,1500,,2,,,,,O,2013-03-26,,,,,,0,,
13781,02,005138020,11775,11201-55,,RTUC,อนงค์ เทียมเสวก,,3110401025318,,,,2,,,,,,,,,,,,,,,,,,,,,,,,,,,,2018-02-05 14:41:39,,,D,,E,,,,,G,,3,,,HDM4EDFQ,HD,HD,1500,,2,,,,,O,2016-05-10,2018-01-27,,,,,0,,
13781,,003858790,13781,003858790,,RTCS,สุภาพร หนูจีน,1954-01-02,3860700236403,,,,2,,,,,,,,,,,,,,,,,,,,,,,,,,,,2019-07-31 16:28:03.999000,,,,,U,,,,,,,H,,C,M3QCQD,,,2000,,,,,,,,2007-01-29,2099-12-31,,,,,0,,
13781,02,003904346,13781,003904346,,RTCS,กัมพล ยิ้มแย้ม,1963-09-28,3721000171661,,,,1,,,,,,,,,,,,,,,,,,,,,,,,,,,,2023-10-04 09:50:12.998000,,,O,,E,,,,1,,,H,,C,กค0710/1,,,2000,,,,,,,,2005-12-07,2023-10-03,,,,,0,,
13781,02,005139870,13781,005139870,,RTSS,สุคนธา อมรรัตน์ชัย,1955-07-10,3101702247833,,,,2,,,,,,,,,,,,,,,,,,,,,,,,,,,,2017-03-21 18:30:56.998000,,,,,,,,,,G,,,,,SSFQAJ3I,HD,HD,1500,,2,,,,,,2013-02-03,,,,,,0,,
13781,02,004396183,11946,53-1869,,RTUC,เอี้ยวโป้ยลก แซ่เอี้,,3670700189865,,,,1,,,,,,,,,,,,,,,,,,,,,,,,,,,,2016-05-12 18:00:00.998000,,,,,,,,,,G,,3,,,HDBDFZZY,PD,HD,1500,,4,,,,,O,2016-05-12,,,,,,0,,
13781,02,004051909,13781,004051909,,RTCS,บุญลาภ ทิพย์จันทร์,1962-12-13,3959900530558,,,,1,,,,,,,,,,,,,,,,,,,,,,,,,,,,2019-07-31 16:28:03.999000,,,,,U,,,,,,,H,,C,D5KG6A,,,2000,,,,,,,,2014-08-13,2099-12-31,,,,,0,,
13781,,002798480,13781,002798480,,RTCS,นิตย์ จัตุวงศ์,1924-07-01,3101200991463,,,,1,,,,,,,,,,,,,,,,,,,,,,,,,,,,2016-11-02 16:53:50,,,D,,E,,,,,,,H,,C,H45BJ5,,,2000,,,,,,,,2006-12-18,2016-11-03,,,,,0,,
13781,02,004642655,13781,004642655,,RTCS,พรชนก สุภาวะไตร,1974-06-03,3909900469794,,,,2,,,,,,,,,,,,,,,,,,,,,,,,,,,,2019-07-31 16:28:03.999000,,,,,U,,,,,,,H,,C,KDVYDT,,,2000,,,,,,,,2012-06-19,2099-12-31,,,,,0,,
13781,02,004076704,13781,004076704,,RTCS,ลำละ คชาไพร,1939-01-01,3100602626386,,,,2,,,,,,,,,,,,,,,,,,,,,,,,,,,,2016-05-23 10:44:27,,,,,V,,,,,,,H,,C,KQBBR4,,,2000,,,,,,,,2007-07-03,2018-07-03,,,,,0,,
13781,,003888832,13781,003888832,,RTCS,ธีรพล ดิษฐศิริ,1941-09-09,3240100754301,,,,1,,,,,,,,,,,,,,,,,,,,,,,,,,,,2025-06-18 14:57:37,,,D,,E,,,,,,,H,,C,V721F9,,,2000,,,,,,,,2006-02-14,2025-06-16,,,,,0,,
13781,02,003040005,13781,003040005,,RTCS,ทองคำ อรัณยกานนท์,1929-04-09,3259900191571,,,,2,,,,,,,,,,,,,,,,,,,,,,,,,,,,2016-07-03 12:28:09,,,D,,E,,,,,,,H,,C,K3W8HR,,,2000,,,,,,,,2007-02-19,2016-07-04,,,,,0,,
13781,02,004980122,13781,004980122,,RTSS,มยุรี กังเล,1990-10-24,1160300137769,,,,2,,,,,,,,,,,,,,,,,,,,,,,,,,,,2023-05-18 20:24:41.999000,,,,,,,,,,G,,,,,SSD8IXRK,HD,HD,1500,,2,,,,,,2014-07-17,,,,,,0,,
13781,02,005143875,10694,0283067,,RTCS,หล่อง กัลยา,1933-11-05,3180600438663,,,,2,,,,,,,,,,,,,,,,,,,,,,,,,,,,2016-05-25 19:07:00,,,,,,,,,2,G,2,2,,C,HRDGSU8L,,,2000,,,,,,,,2007-02-14,2017-02-14,,,,,0,,
13781,02,004883815,13781,004883815,,RTCS,ซอย คงประสพ,1950-09-27,3760200226094,,,,2,,,,,,,,,,,,,,,,,,,,,,,,,,,,2024-10-03 14:21:40,,,D,,E,,,,,,,H,,C,HDX4DD,,,2000,,,,,,,,2014-06-09,2024-09-30,,,,,0,,
13781,02,004257828,13781,004257828,,RTCS,จิตติ กิตติปาโลรัตน์,1932-05-01,3601100521495,,,,1,,,,,,,,,,,,,,,,,,,,,,,,,,,,2016-07-20 13:21:50,,,D,,E,,,,,,,H,,C,ELDCXX,,,2000,,,,,,,,2008-09-23,2016-07-21,,,,,0,,
13781,02,001318602,13781,001318602,,RTSS,ณัฐจิตรา ทองกวาว,1965-08-23,3141400284779,,,,2,,,,,,,,,,,,,,,,,,,,,,,,,,,,2020-04-03 16:12:34.998000,,,D,,E,,,,,G,,,,,SSC2GAB9,HD,HD,1500,,2,,,,,,2012-10-15,2020-02-18,,,,,0,,
13781,02,004215624,13781,004215624,,RTSS,บุญโฮม พิศพาร,1965-08-22,3450700268023,,,,2,,,,,,,,,,,,,,,,,,,,,,,,,,,,2021-11-03 15:52:10.998000,,,D,,E,,,,,G,,,,,SSJJ09EQ,HD,HD,1500,,2,,,,,,2012-10-15,2022-03-31,,,,,0,,
13781,02,004573886,13781,004573886,,RTCS,วารุณี มาหาญ,1979-07-22,3450400085659,,,,2,,,,,,,,,,,,,,,,,,,,,,,,,,,,2019-07-31 16:28:04.999000,,,,,V,,,,,,,H,,C,MUBE96,,,2000,,,,,,,,2011-10-05,2099-12-31,,,,,0,,
13781,02,269,27972,269,,RTUC,ปริศนา ชลวานิช,,1201000053993,,,,2,,,,,,,,,,,,,,,,,,,,,,,,,,,,2016-06-09 08:53:59.999000,,,,,X,,,,,G,,3,,,HDA3C8C2,HD,HD,1500,,4,,,,,O,2016-06-07,2016-06-20,,,,,0,,
13781,02,004592116,10675,358213,,RTCS,อุเทน ปรางวิเศษ,1978-05-16,3600400262125,,,,1,,,,,,,,,,,,,,,,,,,,,,,,,,,,2016-06-08 14:22:14,,,,,U,,,,2,G,1,2,,C,HRD3MDN9,,,2000,,,,,,,,2007-02-28,2018-02-28,,,,,0,,
13781,02,004427506,22190,226/12-3/,,RTUC,สุณีย์ จันทร์เยี่ยม,,3700700381722,,,,2,,,,,,,,,,,,,,,,,,,,,,,,,,,,2017-04-10 13:31:15.998000,,,,,U,,,,,G,,3,,,HDD3P6QN,HD,HD,1500,,4,,,,,O,2016-06-09,,,,,,0,,
13781,02,004446744,27972,269,,RTUC,ปริศนา ชลวานิช,,1201000053993,,,,2,,,,,,,,,,,,,,,,,,,,,,,,,,,,2016-06-09 08:53:59.999000,,,,,V,,,,,,,3,,,HDA3C8C2,HD,HD,1500,,4,,,,,O,2016-06-07,,,,,,0,,
13781,02,004269459,10930,000625765,,RTUC,ธนพล ศรีแก้ว,,1339900323837,,,,1,,,,,,,,,,,,,,,,,,,,,,,,,,,,2016-06-09 18:16:27.999000,,,,,,,,,2,G,,1,,,HEG3AYQ3,PD,HD,1500,,2,,,,,O,2014-10-20,,,,,,0,,
13781,02,004385442,12204,54267,,RTUC,องอาจ เฟื่องศิลา,1958-02-07,3869900013201,,,,1,,,,,,,,,,,,,,,,,,,,,,,,,,,,2016-08-19 16:24:47,,,D,,E,,,,,G,,3,,,HDM3FTL4,PD,HD,1500,,4,,,,,O,2016-06-11,2016-08-12,,,,,0,,
13781,02,001967501,13781,001967501,,RTCS,กมล เรี่ยวเดชะ,1941-07-01,3101202009020,,,,1,,,,,,,,,,,,,,,,,,,,,,,,,,,,2020-10-21 08:50:30.998000,,,D,,E,,,,,,,H,,C,D2RTYU,,,2000,,,,,,,,2006-11-02,2020-10-18,,,,,0,,
13781,,003932237,13781,003932237,,RTCS,ดารัตน์ ยศศรียา,,3120600088964,,,,2,,,,,,,,,,,,,,,,,,,,,,,,,,,,2019-08-05 15:37:36.998000,,,D,,E,,,,,,,H,,C,C1844P,HD,HD,1500,,8,,,,,O,2007-01-24,2019-07-16,,,,,0,,
13781,02,002147009,13781,002147009,,RTCS,เพ็ชรี นิลลาภานนท์,1937-08-06,3240200275405,,,,2,,,,,,,,,,,,,,,,,,,,,,,,,,,,2018-04-17 19:02:34.998000,,,D,,E,,,,,,,H,,C,FSBW26,,,2000,,,,,,,,2007-05-25,2018-04-18,,,,,0,,
13781,02,003987157,13781,003987157,,"RTSS,RTSS",อัมพร สุทธิกานต์,1951-01-01,4160600003908,,,,1,,,,,,,,,,,,,,,,,,,,,,,,,,,,2017-08-03 08:08:58.998000,,,C,,E,,,,,G,,,,,SSAFYHY0,HD,HD,1500,,2,,,,,,2016-01-14,2017-07-16,,,,,0,,
13781,02,005137076,13781,005137076,,RTSS,อุทิศ ทองวงษ์,1960-01-03,3349900390212,,,,1,,,,,,,,,,,,,,,,,,,,,,,,,,,,2021-11-03 15:52:10.998000,,,D,,E,,,,,G,,,,,SSCZU9NG,HD,HD,1500,,2,,,,,,2012-10-15,2020-07-27,,,,,0,,
13781,,005131484,13781,005131484,,RTCS,บุญสม สดายุรัตน์,1941-09-10,3569900126165,,,,1,,,,,,,,,,,,,,,,,,,,,,,,,,,,2016-12-18 13:47:02,,,D,,E,,,,,,,H,,C,J4K2U2,,,2000,,,,,,,,2016-04-25,2016-12-19,,,,,0,,
13781,02,005153276,10946,201493253,,RTUC,แสงระวี ยศบุญ,,1349900550710,,,,2,,,,,,,,,,,,,,,,,,,,,,,,,,,,2016-06-21 11:41:58.999000,,,,,,,,,2,G,,1,,,HED3LBPR,HD,HD,1500,,4,,,,,O,2014-10-26,,,,,,0,,
13781,,004362930,13781,004362930,,RTCS,ทวี อิสมาแอล,1936-11-15,3100800515033,,,,1,,,,,,,,,,,,,,,,,,,,,,,,,,,,2020-01-21 08:41:47,,,D,,E,,,,,,,H,,C,LFY7CR,,,2000,,,,,,,,2009-09-04,2020-01-18,,,,,0,,
13781,02,004813524,13781,004813524,,RTCS,ทัศนียา เกษมมงคล,1929-09-30,3129900231655,,,,2,,,,,,,,,,,,,,,,,,,,,,,,,,,,2018-10-31 09:57:43,,,D,,E,,,,,,,H,,C,A7544V,,,2000,,,,,,,,2014-09-24,2018-08-03,,,,,0,,
13781,,001872499,13781,001872499,,RTCS,ทองดี สิริรัตน์เรขา,1942-07-01,3100503159348,,,,1,,,,,,,,,,,,,,,,,,,,,,,,,,,,2019-07-31 16:28:06,,,,,U,,,,1,,,H,,C,สธ0820.2,,,2000,,,,,,,,2006-05-31,2099-12-31,,,,,0,,
13781,02,004451438,13781,004451438,,RTCS,ปัญญา ขำบางยาง,1950-07-02,3671000382124,,,,1,,,,,,,,,,,,,,,,,,,,,,,,,,,,2019-08-20 09:59:34,,,D,,E,,,,,,,H,,C,G2PSBM,,,2000,,,,,,,,2010-08-03,2019-08-18,,,,,0,,
13781,02,004256397,13781,004256397,,RTCS,ประเทือง ศรีสวัสดิ์,1942-05-04,5721000001801,,,,1,,,,,,,,,,,,,,,,,,,,,,,,,,,,2018-03-02 16:29:36,,,D,,E,,,,,,,H,,C,MKJNZ3,,,2000,,,,,,,,2008-10-10,2018-03-05,,,,,0,,
13781,02,001856567,13781,001856567,,RTCL,ภัทรา สุวรรณรัณย์,1937-12-22,3101400425755,,,,2,,,,,,,,,,,,,,,,,,,,,,,,,,,,2019-07-31 15:59:27,,,D,,E,,,,1,,,H,,C,,,,2000,,,,,,,,2005-08-22,2019-01-18,,,,,0,,
13781,02,000175823,13781,000175823,,"RTSS,RTSS",สมจินต์ บัวดิลก,,3100501470321,,,,1,,,,,,,,,,,,,,,,,,,,,,,,,,,,2020-04-25 09:44:35,,,,,,,,,,G,,,,,SSCPFC17,HD,HD,1500,,2,,,,,,2016-05-11,,,,,,0,,
13781,,004420142,13781,004420142,,RTCS,สารัตถ์ ไพรินทร์,1921-07-24,3100905655722,,,,1,,,,,,,,,,,,,,,,,,,,,,,,,,,,2018-10-31 09:57:37.998000,,,D,,E,,,,,,,H,,C,MZ4MKJ,,,2000,,,,,,,,2015-08-11,2018-08-18,,,,,0,,
13781,02,005156971,11305,011956A53,,"RTCS,",สอิ้ง สกุลทอง,1949-01-01,3749900020756,,,,2,,,,,,,,,,,,,,,,,,,,,,,,,,,,2016-07-15 15:54:23.999000,,,,,U,,,,2,G,1,3,,C,HDL3DE7P,,,2000,,,,,,,,2010-06-04,2018-06-04,,,,,0,,
13781,02,002361110,13781,002361110,,RTCS,นวลอนงค์ กรุณา,1942-01-01,3240100218175,,,,2,,,,,,,,,,,,,,,,,,,,,,,,,,,,2020-01-21 08:41:49.998000,,,D,,E,,,,1,,,H,,C,ทส1620.1,,,2000,,,,,,,,2006-04-25,2020-01-18,,,,,0,,
13781,02,003208573,13781,003208573,,"RTCS,",บุญมา เย็นผาสุข,1932-07-01,3101900111890,,,,1,,,,,,,,,,,,,,,,,,,,,,,,,,,,2016-07-06 09:29:50.999000,,,,,V,,,,,,,H,,C,DYH2LA,,,2000,,,,,,,,2007-10-01,2018-10-01,,,,,0,,
13781,,004035527,13781,004035527,,"RTCS,",เซียมเกียว แซ่เฮ้ง,1931-07-01,3102002159894,,,,2,,,,,,,,,,,,,,,,,,,,,,,,,,,,2023-03-22 15:22:23.998000,,,D,,E,,,,,,,H,,C,M4AJUV,,,2000,,,,,,,,2006-11-14,2023-02-18,,,,,0,,
13781,02,004776411,12119,09844-56,,RTUC,ศิรินันท์ สุบุญสันต์,,3102400574883,,,,2,,,,,,,,,,,,,,,,,,,,,,,,,,,,2016-07-07 08:30:00.999000,,,,,,,,,,G,,3,,,HDD9YKXG,HD,HD,1500,,2,,,,,O,2016-07-07,,,,,,0,,
13781,02,002709510,13781,002709510,,"RTCS,",อิศรา เลี่ยนศิริ,1955-05-20,4101400005126,,,,2,,,,,,,,,,,,,,,,,,,,,,,,,,,,2018-10-31 09:57:41,,,D,,E,,,,,,,H,,C,F2KGQ2,,,2000,,,,,,,,2007-01-19,2018-09-03,,,,,0,,
13781,02,000927658,13781,000927658,,RTCS,วันชัย เศวตนันทิกุล,1946-11-14,5720500060040,,,,1,,,,,,,,,,,,,,,,,,,,,,,,,,,,2018-02-17 16:56:13.998000,,,O,,E,,,,,,,H,,C,B45AYF,,,2000,,,,,,,,2017-05-19,2018-02-19,,,,,0,,
13781,02,003471903,24191,3323/57,,RTUC,ลี่เกียง แซ่อั้ง,,3102002343229,,,,2,,,,,,,,,,,,,,,,,,,,,,,,,,,,2018-12-19 10:39:19.999000,,,D,,E,,,,,G,,3,,,HDM2U9RH,HD,HD,1500,,2,,,,,R,2016-07-08,2018-12-03,,,,,0,,
13781,,003214551,13781,003214551,,"RTCS,",เดชศักดิ์ สนธิไชย,1955-02-22,3140700183331,,,,1,,,,,,,,,,,,,,,,,,,,,,,,,,,,2019-07-31 16:28:06,,,,,U,,,,,,,H,,C,E1ZQXQ,,,2000,,,,,,,,2007-03-02,2099-12-31,,,,,0,,
13781,02,005041505,13781,005041505,,RTCS,นันทา อาจแก้ว,1960-10-01,3200200097825,,,,2,,,,,,,,,,,,,,,,,,,,,,,,,,,,2016-12-02 17:11:44,,,O,,E,,,,,,,H,,C,MK5Z4P,,,2000,,,,,,,,2015-08-26,2016-12-06,,,,,0,,
13781,02,004093895,13781,004093895,,RTCS,เสวก ทองขาว,1939-04-30,3101701254674,,,,1,,,,,,,,,,,,,,,,,,,,,,,,,,,,2017-04-02 14:05:24.999000,,,C,,E,,,,,,,H,,C,O6WUWC,,,2000,,,,,,,,2015-08-28,2017-04-03,,,,,0,,
13781,02,005080837,77664,62562-49,,RTUC,บาง สงวนไว้,,3102200363684,,,,2,,,,,,,,,,,,,,,,,,,,,,,,,,,,2016-07-11 17:00:45,,,,,,,,,,G,,3,,,HDJ425AT,HD,HD,1500,,4,,,,,R,2016-07-09,,,,,,0,,
13781,02,004765605,13781,004765605,,RTCS,ชรัตน์ พรมนิยม,1960-04-03,3200900107459,,,,1,,,,,,,,,,,,,,,,,,,,,,,,,,,,2019-07-31 16:28:06,,,,,U,,,,,,,H,,C,MMVF5S,,,2000,,,,,,,,2013-06-20,2099-12-31,,,,,0,,
13781,02,002917934,13781,002917934,,RTCS,ประสงค์ สายเที่ยงธรรม,1941-07-08,3102200061548,,,,1,,,,,,,,,,,,,,,,,,,,,,,,,,,,2019-08-06 10:20:18,,,D,,E,,,,,,,H,,C,HU6U3K,,,2000,,,,,,,,2014-04-02,2019-08-03,,,,,0,,
13781,02,002374867,13781,002374867,,"RTCS,",ไพรินทร์ พงษ์พานิช,1942-01-10,3101701499774,,,,1,,,,,,,,,,,,,,,,,,,,,,,,,,,,2022-11-08 15:02:11,,,D,,E,,,,,,,H,,C,H2WR8K,,,2000,,,,,,,,2007-04-19,2022-11-03,,,,,0,,
13781,02,004437367,13781,004437367,,RTSS,ธงชัย พรงาม,1970-12-14,3200200647906,,,,1,,,,,,,,,,,,,,,,,,,,,,,,,,,,2018-05-03 08:49:37.998000,,,,,,,,,,G,,,,,SSJYKI2H,HD,HD,1500,,1,,,,,,2012-10-15,,,,,,0,,
13781,02,005049521,10737,56013736,,RTUC,วัชรินทร์ อยู่โยง,,1779900106671,,,,1,,,,,,,,,,,,,,,,,,,,,,,,,,,,2016-07-21 17:00:40.998000,,,,,,,,,,G,,2,,,HRE28QTZ,HD,HD,1500,,2,,,,,O,2016-07-19,,,,,,0,,
13781,02,004707651,13781,004707651,,"RTCS,",สมเกียรติ พงษ์รัตนกูล,1951-12-12,3101600148321,,,,1,,,,,,,,,,,,,,,,,,,,,,,,,,,,2021-10-07 10:09:38.999000,,,D,,E,,,,,,,H,,C,B94LLM,,,2000,,,,,,,,2013-01-09,2021-09-18,,,,,0,,
13781,02,004483240,27972,223,,RTUC,สุนีย์ จินวิเศษ,1964-03-19,3210500141676,,,,2,,,,,,,,,,,,,,,,,,,,,,,,,,,,2016-07-22 17:00:42.999000,,,,,,,,,,G,,3,,,HDGE3UT2,HD,HD,1500,,7,,,,,O,2016-07-22,,,,,,0,,
13781,02,004143982,28836,125/57,,RTUC,อำนวย ศรีทอง,1938-01-01,3200700140347,,,,2,,,,,,,,,,,,,,,,,,,,,,,,,,,,2016-12-20 17:26:09.998000,,,D,,E,,,,,G,,3,,,HDF44R8X,HD,HD,1500,,7,,,,,O,2016-07-26,2016-12-04,,,,,0,,
13781,02,002892708,13781,002892708,,"RTCL,",สุธาดา จันตรีกุล,1949-10-16,3540400611287,,,,2,,,,,,,,,,,,,,,,,,,,,,,,,,,,2023-05-08 08:16:08.998000,,,,,E,,,,,,,H,,,QZNV2K,,,2000,,,,,,,,2009-04-08,2022-09-30,,,,,0,,
13781,02,005172583,22555,58-1161,,RTUC,กิจ ทรัพย์ธำรงค์,,3101900014771,,,,1,,,,,,,,,,,,,,,,,,,,,,,,,,,,2016-07-27 17:00:44,,,,,,,,,,G,,3,,,HDC3KQGR,HD,HD,1500,,2,,,,,R,2016-07-27,,,,,,0,,
13781,02,004074207,28824,59-008,,RTUC,บังอร ยุวชาติ,,3100501445408,,,,2,,,,,,,,,,,,,,,,,,,,,,,,,,,,2016-07-28 10:38:27.999000,,,,,,,,,,G,,3,,,HDD3Y2LL,HD,HD,1500,,2,,,,,O,2016-07-28,,,,,,0,,
13781,02,004320429,13781,004320429,,"RTCS,",จรูญ เพิ่มพูล,1945-08-14,3900300355587,,,,1,,,,,,,,,,,,,,,,,,,,,,,,,,,,2019-07-18 14:48:13,,,D,,E,,,,,,,H,,C,CCKS7B,,,2000,,,,,,,,2009-04-23,2019-07-18,,,,,0,,
13781,02,002482954,13781,002482954,,RTCS,วัลลภ ชาติวุฒินันนท์,1936-01-01,3149900548373,,,,1,,,,,,,,,,,,,,,,,,,,,,,,,,,,2017-04-02 14:05:24.999000,,,C,,E,,,,,,,H,,C,E1VLFO,,,2000,,,,,,,,2006-11-17,2017-04-03,,,,,0,,
13781,,003164930,13781,003164930,,RTCS,สมถวิล สุดประเสริฐ,1930-05-11,3100601251257,,,,2,,,,,,,,,,,,,,,,,,,,,,,,,,,,2017-12-17 14:21:34.998000,,,C,,E,,,,1,,,H,,C,ศธ0201.5,,,2000,,,,,,,,2006-06-14,2017-12-18,,,,,0,,
13781,02,004712963,13781,004712963,,RTCS,วัลลดา ขำทวี,1957-06-01,3760200005195,,,,2,,,,,,,,,,,,,,,,,,,,,,,,,,,,2019-07-31 16:28:07,,,,,U,,,,,,,H,,C,AT6TMB,,,2000,,,,,,,,2013-01-16,2099-12-31,,,,,0,,
13781,02,004881080,13781,004881080,,RTCS,สุเมธ ผลชอบ,1935-01-25,3100904815084,,,,1,,,,,,,,,,,,,,,,,,,,,,,,,,,,2018-03-02 16:29:36,,,D,,E,,,,,,,H,,C,HT7W5V,,,2000,,,,,,,,2014-06-16,2018-03-05,,,,,0,,
13781,02,004524354,13781,004524354,,RTSS,ณัฐพงศ์ คงบรรจง,1985-10-16,1160300032207,,,,1,,,,,,,,,,,,,,,,,,,,,,,,,,,,2026-03-31 10:00:14.999000,,,,,,,,,,G,,,,,SSAJJQTS,HD,HD,1500,,1,,,,,O,2012-10-15,,,,,,0,,
13781,02,002513190,22127,70908,,RTUC,วิไล มานะวิริยะกุล,,3100600627571,,,,2,,,,,,,,,,,,,,,,,,,,,,,,,,,,2018-01-03 17:20:28.998000,,,D,,E,,,,,G,,3,,,HDJ3EL3P,HD,HD,1500,,7,,,,,R,2016-08-04,2017-12-21,,,,,0,,
13781,02,004841989,10687,1015784,,RTUC,พะเยาว์ พาณิชกุลเจริญสุข,,3101400685471,,,,2,,,,,,,,,,,,,,,,,,,,,,,,,,,,2016-08-04 18:00:00.998000,,,,,,,,,,G,,3,,,HDE5EE2T,HD,HD,1500,,2,,,,,R,2016-08-04,,,,,,0,,
13781,02,004571787,13781,004571787,,RTCS,จำรัส โคเวียง,1938-10-06,3101701760651,,,,1,,,,,,,,,,,,,,,,,,,,,,,,,,,,2017-02-17 17:28:50,,,C,,E,,,,,,,H,,C,BHFTAS,,,2000,,,,,,,,2011-10-05,2017-02-20,,,,,0,,
13781,02,003609795,13781,003609795,,RTSS,พิศมัย โดวเนส,1965-08-10,3430700298020,,,,2,,,,,,,,,,,,,,,,,,,,,,,,,,,,2026-03-31 10:00:14.999000,,,D,,E,,,,,G,,,,,SSAVCY06,KT,KT,1500,,2,,,,,,2012-10-15,2023-10-17,,,,,0,,
13781,02,003356468,13781,003356468,,"RTCS,",ชวน มั่นคง,1941-08-04,3100200037343,,,,1,,,,,,,,,,,,,,,,,,,,,,,,,,,,2019-07-31 16:28:07,,,,,U,,,,,,,H,,C,MW72G8,,,2000,,,,,,,,2010-05-25,2099-12-31,,,,,0,,
13781,02,004745021,13781,004745021,,"RTCS,",รินดา พรมรินทร์,1965-11-30,3510200013122,,,,2,,,,,,,,,,,,,,,,,,,,,,,,,,,,2019-07-31 16:28:07,,,,,U,,,,,,,H,,C,EY3B38,,,2000,,,,,,,,2013-04-29,2099-12-31,,,,,0,,
13781,02,002303554,13781,002303554,,RTCS,ประยงค์ สุดใจ,1932-01-26,3100905545544,,,,1,,,,,,,,,,,,,,,,,,,,,,,,,,,,2017-09-17 16:15:18.998000,,,C,,E,,,,,,,H,,C,U7EFL1,,,2000,,,,,,,,2005-10-31,2017-09-18,,,,,0,,
13781,02,004196398,13781,004196398,,RTSS,กันตา อัครปทุมวงศ์,1962-06-02,3100400120775,,,,2,,,,,,,,,,,,,,,,,,,,,,,,,,,,2017-01-18 14:59:44,,,C,,E,,,,,G,,,,,SSG2ZAKQ,HD,HD,1500,,1,,,,,,2012-10-15,2017-01-02,,,,,0,,
13781,02,004560359,13781,004560359,,"RTCS,",อำนวย มงคลปัญญาเลิศ,1930-09-17,3100100548168,,,,1,,,,,,,,,,,,,,,,,,,,,,,,,,,,2018-11-20 14:21:05.998000,,,D,,E,,,,,,,H,,C,GEPUGS,,,2000,,,,,,,,2011-11-02,2018-11-18,,,,,0,,
13781,,003905981,13781,003905981,,"RTCS,",ณรงค์ ศุภฤกษ์คุณ,1937-07-01,3100900718734,,,,1,,,,,,,,,,,,,,,,,,,,,,,,,,,,2021-07-19 11:34:04.999000,,,D,,E,,,,,,,H,,C,J33EHR,,,2000,,,,,,,,2007-01-16,2021-07-18,,,,,0,,
13781,02,004674896,13781,004674896,,"RTCS,",วรมน เหรียญสุวรรณ,1947-11-17,3449900160151,,,,2,,,,,,,,,,,,,,,,,,,,,,,,,,,,2021-05-18 16:06:48.999000,,,D,,E,,,,,,,H,,C,BZC4YV,,,2000,,,,,,,,2012-09-25,2021-05-18,,,,,0,,
13781,02,004946221,11703,17815/55,,RTUC,อุมาภรณ์ แฉ่งสมุทร,,3102000623623,,,,2,,,,,,,,,,,,,,,,,,,,,,,,,,,,2016-08-17 17:00:44,,,,,,,,,,G,,3,,,HDA3JTJ7,HD,HD,1500,,2,,,,,O,2016-08-17,,,,,,0,,
13781,02,005074391,13781,005074391,,RTCS,ศิริเพ็ญ มังคละ,1959-10-03,3100504479001,,,,2,,,,,,,,,,,,,,,,,,,,,,,,,,,,2016-11-17 18:36:19,,,D,,E,,,,,,,H,,C,C386C5,,,2000,,,,,,,,2015-11-23,2016-11-18,,,,,0,,
13781,02,004600946,13781,004600946,,RTCS,ประทีป อาทิตย์เที่ยง,1936-02-07,3140100476108,,,,1,,,,,,,,,,,,,,,,,,,,,,,,,,,,2017-07-17 17:35:01,,,C,,E,,,,,,,H,,C,GD3USK,,,2000,,,,,,,,2012-01-27,2017-07-18,,,,,0,,
13781,02,004040207,13781,004040207,,RTSS,ธนภัทร หลำพงษ์,,3209600131158,,,,1,,,,,,,,,,,,,,,,,,,,,,,,,,,,2016-08-23 07:26:52,,,,,,,,,,G,,,,,SSMWOMFR,HD,HD,1500,,2,,,,,,2012-10-15,,,,,,0,,
13781,02,005180672,11668,39544-51,,RTUC,ธนิตศักดิ์ ยูรประสิทธิ์,,3200900452679,,,,1,,,,,,,,,,,,,,,,,,,,,,,,,,,,2018-06-01 14:50:38.999000,,,D,,E,,,,,G,,2,,,HRM2T6W8,PD,HD,1500,,4,,,,,R,2016-08-23,2018-05-30,,,,,0,,
13781,02,004738494,10700,000022149,,RTUC,กิตติชัย จึงจริยาวิวัฒน์,1974-08-05,3490500239089,,,,1,,,,,,,,,,,,,,,,,,,,,,,,,,,,2016-08-24 08:29:59.998000,,,,,,,,,,G,,3,,,HDL3WKBB,HD,HD,1500,,7,,,,,O,2016-08-22,,,,,,0,,
13781,02,003947467,11560,5630905,,RTUC,ไพรัช ตันติสุข,,3169900164931,,,,1,,,,,,,,,,,,,,,,,,,,,,,,,,,,2016-08-24 14:00:04.998000,,,,,,,,,,G,,3,,,HDL4HH4F,HD,HD,1500,,7,,,,,R,2016-08-24,,,,,,0,,
13781,02,005013307,13781,005013307,,RTCS,สุนทร จิตรโสภา,1941-08-31,3101202011792,,,,1,,,,,,,,,,,,,,,,,,,,,,,,,,,,2017-06-02 17:36:23,,,C,,E,,,,,,,H,,C,K74VKX,,,2000,,,,,,,,2015-06-15,2017-06-05,,,,,0,,
13781,02,005021251,13781,005021251,,RTCS,คมสัณห์ กันภัย,1935-11-27,3219900311305,,,,1,,,,,,,,,,,,,,,,,,,,,,,,,,,,2020-11-06 11:00:02,,,D,,E,,,,,,,H,,C,OTM2N9,,,2000,,,,,,,,2015-09-21,2020-11-03,,,,,0,,
13781,02,004800360,13781,004800360,,"RTCS,",พงศนาท รสภาธร,1962-12-07,3710100373290,,,,1,,,,,,,,,,,,,,,,,,,,,,,,,,,,2019-07-31 16:28:07,,,,,U,,,,,,,H,,C,H3NM7F,,,2000,,,,,,,,2013-09-26,2099-12-31,,,,,0,,
13781,02,005179249,11835,5715009,,RTUC,พัชรี กังขอนนอก,,3620600261441,,,,2,,,,,,,,,,,,,,,,,,,,,,,,,,,,2016-09-01 08:29:59.998000,,,,,,,,,,G,,3,,,HDG29PXL,HD,HD,1500,,2,,,,,O,2016-08-31,,,,,,0,,
13781,02,003410397,13781,003410397,,"RTCS,",สละ จีระวัฒนะ,1933-02-22,3179900002991,,,,1,,,,,,,,,,,,,,,,,,,,,,,,,,,,2018-08-23 12:59:42.998000,,,D,,E,,,,,,,H,,C,OAWIKA,,,2000,,,,,,,,2006-02-22,2018-07-03,,,,,0,,
13781,02,005100860,13781,005100860,,RTSS,กนกนิษถ์ ธรรมเจริญ,,1219900125327,,,,2,,,,,,,,,,,,,,,,,,,,,,,,,,,,2016-09-02 06:56:31.998000,,,,,,,,,,G,,,,,SSDBDVVU,HD,HD,1500,,2,,,,,,2015-11-13,,,,,,0,,
13781,02,004881611,13781,004881611,,RTSS,รมิดา ปัญญารุ่งศักดิ์,1972-03-11,3100701237442,,,,2,,,,,,,,,,,,,,,,,,,,,,,,,,,,2017-06-06 14:34:37,,,C,,E,,,,,G,,,,,SSIRVY2O,HD,HD,1500,,2,,,,,,2014-07-18,2016-12-17,,,,,0,,
13781,02,004072957,11722,58-31134,,RTUC,ฉวี โชคประสพ,,3100904881591,,,,2,,,,,,,,,,,,,,,,,,,,,,,,,,,,2018-08-03 14:21:39,,,D,,E,,,,,G,,3,,,HDC38Q3Q,HD,HD,1500,,2,,,,,R,2016-09-06,2018-07-19,,,,,0,,
13781,,002050229,13781,002050229,,RTSS,อรพิมพ์ วงศ์ศรีวงศ์,1964-03-27,3100400500438,,,,2,,,,,,,,,,,,,,,,,,,,,,,,,,,,2017-04-18 17:30:10,,,,,,,,,,,,,,,SSKHXFYY,HD,HD,1500,,2,,,,,,2016-06-02,,,,,,0,,
13781,,003539733,13781,003539733,,RTCS,สามารถ ปริ่มผล,1957-08-21,3220100556381,,,,1,,,,,,,,,,,,,,,,,,,,,,,,,,,,2019-07-31 16:28:08,,,,,V,,,,,,,H,,C,LIJLFZ,,,2000,,,,,,,,2006-12-21,2099-12-31,,,,,0,,
13781,02,003851356,13781,003851356,,RTCS,สวงค์ พลอยสุกใส,1940-01-01,3720500530694,,,,2,,,,,,,,,,,,,,,,,,,,,,,,,,,,2022-05-20 14:08:13.998000,,,D,,E,,,,1,,,H,,C,กห0512.1,,,2000,,,,,,,,2006-02-21,2022-05-18,,,,,0,,
13781,02,005189437,10743,00033505,,RTUC,จงจิตต์ มากเฟื่องฟู,,3859900087990,,,,2,,,,,,,,,,,,,,,,,,,,,,,,,,,,2016-10-20 13:27:31,,,D,,E,,,,,G,,2,,,HRJ7N4KV,HD,HD,1500,,4,,,,,O,2016-09-13,2016-10-11,,,,,0,,
13781,02,004523179,11885,55606,,RTUC,ยุทธพงษ์ มุ่งกลาง,,1301000093048,,,,1,,,,,,,,,,,,,,,,,,,,,,,,,,,,2017-04-10 13:31:15.998000,,,,,U,,,,,G,,3,,,HDM3CYDR,HD,HD,1500,,2,,,,,O,2016-09-13,,,,,,0,,
13781,02,003618602,13781,003618602,,RTCS,บรรเทิง ผ่องแผ้ว,1959-06-17,3101800519269,,,,1,,,,,,,,,,,,,,,,,,,,,,,,,,,,2019-07-31 16:28:08,,,,,V,,,,,,,H,,C,C1HXKJ,,,2000,,,,,,,,2006-11-27,2099-12-31,,,,,0,,
13781,02,003896785,13781,003896785,,RTCS,ดาวุธ อิดซา,1950-02-20,3240100389891,,,,1,,,,,,,,,,,,,,,,,,,,,,,,,,,,2021-08-19 16:21:58.998000,,,D,,E,,,,,,,H,,C,AA75YF,,,2000,,,,,,,,2021-04-19,2021-08-18,,,,,0,,
13781,02,004024135,13781,004024135,,RTCS,สมบัติ ชลภิญโญสกุล,1970-06-25,3180600189094,,,,1,,,,,,,,,,,,,,,,,,,,,,,,,,,,2023-07-04 11:37:45.998000,,,D,,E,,,,,,,H,,C,ETVN6X,,,2000,,,,,,,,2008-03-18,2023-07-03,,,,,0,,
13781,02,002724243,13781,002724243,,RTCS,อรวรรณ ท้าวเนาว์,1978-01-08,3230100532287,,,,2,,,,,,,,,,,,,,,,,,,,,,,,,,,,2019-07-31 16:28:08,,,,,U,,,,,,,H,,C,dxgjur,,,2000,,,,,,,,2008-07-24,2099-12-31,,,,,0,,
13781,02,003349864,23870,54-0039,,RTUC,สาคร ง่วนสว่าง,,3100603578946,,,,2,,,,,,,,,,,,,,,,,,,,,,,,,,,,2016-10-20 13:27:31.998000,,,D,,E,,,,,G,,3,,,HDC2S3D3,HD,HD,1500,,2,,,,,O,2016-09-23,2016-10-11,,,,,0,,
13781,02,004307050,13781,004307050,,RTSS,สมหมาย หวังบุญเกิด,,3249900352681,,,,1,,,,,,,,,,,,,,,,,,,,,,,,,,,,2016-09-27 06:21:20,,,,,,,,,,G,,,,,SSBISGX6,HD,HD,1500,,2,,,,,,2012-10-15,,,,,,0,,
13781,02,004869413,12044,006851-49,,RTUC,ลำภู เพียรเจริญ,,3600500014573,,,,2,,,,,,,,,,,,,,,,,,,,,,,,,,,,2016-10-20 13:27:34.999000,,,,,U,,,,,G,,3,,,HDH2SECU,HD,HD,1500,,4,,,,,R,2016-09-28,,,,,,0,,
13781,02,003103629,77664,59/000169,,RTUC,สุรศักดิ์ อำนาจมงคล,,3101801310215,,,,1,,,,,,,,,,,,,,,,,,,,,,,,,,,,2016-10-01 18:00:00.998000,,,,,,,,,,G,,3,,,HDHC7QGN,HD,HD,1500,,2,,,,,O,2016-10-01,,,,,,0,,
13781,02,004562865,13781,004562865,,RTCS,เลื่อม แตงทรัพย์,1944-01-01,3100501908718,,,,2,,,,,,,,,,,,,,,,,,,,,,,,,,,,2017-09-03 11:59:03.999000,,,C,,E,,,,,,,H,,C,Q5USLQ,,,2000,,,,,,,,2011-10-13,2017-09-04,,,,,0,,
13781,,004076842,13781,004076842,,RTCS,กัลยา ชูแสง,1943-01-27,3900800021084,,,,2,,,,,,,,,,,,,,,,,,,,,,,,,,,,2019-07-31 16:28:08,,,,,U,,,,,,,H,,C,I24J21,,,2000,,,,,,,,2007-03-06,2099-12-31,,,,,0,,
13781,,005183904,13781,005183904,,RTCS,ทวิช สงค์ประเทศ,1963-05-18,3190900131105,,,,1,,,,,,,,,,,,,,,,,,,,,,,,,,,,2020-03-06 08:46:16,,,D,,E,,,,,,,H,,C,B42YDH,,,2000,,,,,,,,2016-08-18,2020-03-03,,,,,0,,
13781,02,004771721,13781,004771721,,RTCS,สมยศ แพทย์รักษ์,1954-01-01,3140300037027,,,,1,,,,,,,,,,,,,,,,,,,,,,,,,,,,2023-08-04 13:09:53.999000,,,D,,E,,,,,,,H,,C,LU8KPC,,,2000,,,,,,,,2013-09-13,2023-08-03,,,,,0,,
13781,02,004862163,10694,143023,,RTUC,มะลิ ทิพย์สิงห์,,3180600032535,,,,2,,,,,,,,,,,,,,,,,,,,,,,,,,,,2016-10-08 12:00:00,,,,,,,,,,G,,2,,,HRG2GGW8,PD,HD,1500,,2,,,,,R,2016-10-07,,,,,,0,,
13781,02,002410525,13781,002410525,,RTCS,จำลอง เทพช่วย,1930-09-11,3100500435930,,,,2,,,,,,,,,,,,,,,,,,,,,,,,,,,,2017-03-17 17:44:00,,,C,,E,,,,,,,H,,C,M3DFED,,,2000,,,,,,,,2006-12-19,2017-03-20,,,,,0,,
13781,,005054984,13781,005054984,,RTCS,ยา เลาะมะ,1925-12-31,3100905031877,,,,1,,,,,,,,,,,,,,,,,,,,,,,,,,,,2020-06-19 16:51:44,,,D,,E,,,,,,,H,,C,BW4G6V,,,2000,,,,,,,,2015-10-07,2020-06-18,,,,,0,,
13781,02,005150733,13781,005150733,,RTCS,ณฐพร สิงห์โตทอง,1985-08-19,1100200139085,,,,2,,,,,,,,,,,,,,,,,,,,,,,,,,,,2019-07-31 16:28:08,,,,,U,,,,,,,H,,C,K92F4Z,,,2000,,,,,,,,2016-06-03,2099-12-31,,,,,0,,
13781,,000728011,13781,000728011,,RTCS,นิวัตร พฤกษาชีวะ,1954-01-26,5102199009114,,,,1,,,,,,,,,,,,,,,,,,,,,,,,,,,,2018-10-31 09:57:41,,,D,,E,,,,1,,,H,,C,,,,2000,,,,,,,,2004-06-07,2018-10-03,,,,,0,,
13781,02,003999663,13781,003999663,,RTCS,ธารวรรษ วัชโรภาส,1955-04-09,3102200788014,,,,1,,,,,,,,,,,,,,,,,,,,,,,,,,,,2023-05-08 08:15:54.999000,,,,,E,,,,,,,H,,C,QX4GGM,,,2000,,,,,,,,2008-12-03,2022-09-30,,,,,0,,
13781,02,003152097,13781,003152097,,RTCS,วิลาศ ซังเพชรแก้ว,1940-06-01,3102101497666,,,,1,,,,,,,,,,,,,,,,,,,,,,,,,,,,2023-08-21 14:10:05.999000,,,D,,E,,,,,,,H,,C,KUU6G4,,,2000,,,,,,,,2015-06-29,2023-08-18,,,,,0,,
13781,02,004345635,13781,004345635,,RTSS,จำรัส เทียนเผือก,1956-11-10,3100501774801,,,,1,,,,,,,,,,,,,,,,,,,,,,,,,,,,2018-07-18 13:36:10,,,D,,E,,,,,G,,,,,SSE8ZHPX,HD,HD,1500,,2,,,,,,2012-10-15,2018-06-04,,,,,0,,
13781,,003386300,13781,003386300,,RTCS,เทียนทอง นรเศรษฐโสภณ,1934-01-12,3100902587092,,,,2,,,,,,,,,,,,,,,,,,,,,,,,,,,,2022-05-20 14:08:18,,,D,,E,,,,,,,H,,C,FMOBNR,,,2000,,,,,,,,2006-12-21,2022-05-18,,,,,0,,
13781,02,004568218,13781,004568218,,RTCS,ยกหล่าน แซ่ด่าน,1932-01-01,3100200950740,,,,2,,,,,,,,,,,,,,,,,,,,,,,,,,,,2016-11-02 16:53:50,,,D,,E,,,,,,,H,,C,LJLBKQ,,,2000,,,,,,,,2011-10-04,2016-11-03,,,,,0,,
13781,02,004803489,13781,004803489,,RTCS,ทองสุข หอมจันทน์,1942-01-01,3140100340176,,,,2,,,,,,,,,,,,,,,,,,,,,,,,,,,,2023-04-24 09:32:53.998000,,,D,,E,,,,,,,H,,C,FP3HRS,,,2000,,,,,,,,2013-10-11,2023-04-03,,,,,0,,
13781,02,004455362,22183,79/1-4/51,,RTUC,สมจิตร์ เลาหภารากร,,3240300554101,,,,2,,,,,,,,,,,,,,,,,,,,,,,,,,,,2017-04-10 13:31:16.999000,,,,,U,,,,,G,,3,,,HDE3846D,HD,HD,1500,,7,,,,,O,2016-10-18,,,,,,0,,
13781,,004524608,13781,004524608,,RTCS,พล สุภาพ,1924-05-01,3209700003399,,,,1,,,,,,,,,,,,,,,,,,,,,,,,,,,,2020-08-04 09:50:11.998000,,,O,,E,,,,,,,H,,C,E67ASR,,,2000,,,,,,,,2016-10-06,2020-02-18,,,,,0,,
13781,02,003982933,24037,57-012288,,RTUC,จา เย็นสถิตย์,,3101000009185,,,,1,,,,,,,,,,,,,,,,,,,,,,,,,,,,2017-12-04 09:41:37,,,C,,E,,,,,G,,3,,,HDF4G6AQ,HD,HD,1500,,8,,,,,O,2016-10-21,2017-11-21,,,,,0,,
13781,,003111220,13781,003111220,,RTCS,สิริบุญ วงศ์สันติวนิช,1942-07-01,3101700131609,,,,1,,,,,,,,,,,,,,,,,,,,,,,,,,,,2017-04-17 14:34:05.999000,,,C,,E,,,,,,,H,,C,E1T5Y6,,,2000,,,,,,,,2007-01-29,2017-04-18,,,,,0,,
13781,,002968190,13781,002968190,,RTCS,ม่วย กลิ่นเกษมพงษ์,1938-07-01,5302000034002,,,,2,,,,,,,,,,,,,,,,,,,,,,,,,,,,2022-10-04 10:00:15.999000,,,O,,E,,,,,,,H,,C,J18IIG,,,2000,,,,,,,,2006-12-07,2022-10-03,,,,,0,,
13781,02,004023217,11747,09-001090,,RTUC,อรทัย ปัทมปราณี,1960-03-22,3110100528060,,,,2,,,,,,,,,,,,,,,,,,,,,,,,,,,,2016-10-28 08:29:59.998000,,,,,,,,,,G,,H,,,HDKKT333,PD,HD,1500,,4,,,,,O,2016-10-25,,,,,,0,,
13781,,005107901,13781,005107901,,RTCS,เทียมใจ วงษา,1953-08-01,3520800236386,,,,2,,,,,,,,,,,,,,,,,,,,,,,,,,,,2019-07-31 16:28:08.998000,,,,,U,,,,,,,H,,C,E775TN,,,2000,,,,,,,,2016-10-25,2099-12-31,,,,,0,,
13781,02,003954270,13781,003954270,,RTCS,สมบูรณ์ จันทิมาโพธิ์พงษ์,2010-08-30,3100500572970,,,,1,,,,,,,,,,,,,,,,,,,,,,,,,,,,2020-03-06 08:46:17.998000,,,D,,E,,,,,,,H,,C,JBYEJB,,,2000,,,,,,,,2010-08-30,2020-03-03,,,,,0,,
13781,,003553434,13781,003553434,,RTCS,ประดิษฐ์ เศรษฐวิทยา,1939-12-13,3720300059114,,,,1,,,,,,,,,,,,,,,,,,,,,,,,,,,,2026-01-21 08:04:19,,,D,,E,,,,,,,H,,C,CYKQNB,,,2000,,,,,,,,2009-08-11,2026-01-12,,,,,0,,
13781,,002107863,13781,002107863,,RTCS,อารีย์ ชวนประสงค์,1941-04-01,3101702071620,,,,2,,,,,,,,,,,,,,,,,,,,,,,,,,,,2018-10-31 09:57:44,,,D,,E,,,,,,,H,,C,F17LRX,,,2000,,,,,,,,2007-02-26,2018-10-18,,,,,0,,
13781,02,004928016,13781,004928016,,RTCS,โอ ปักกาโถ,1939-07-04,3310200342861,,,,2,,,,,,,,,,,,,,,,,,,,,,,,,,,,2021-08-19 16:22:03,,,D,,E,,,,,,,H,,C,DZ8772,,,2000,,,,,,,,2014-11-21,2021-08-18,,,,,0,,
13781,02,004320581,13781,004320581,,RTCS,ฮาลิหม๊ะ ศรีเพชร,1966-08-17,3930600211653,,,,2,,,,,,,,,,,,,,,,,,,,,,,,,,,,2019-07-31 16:28:08.998000,,,,,U,,,,,,,H,,C,BSKZR4,,,2000,,,,,,,,2009-04-24,2099-12-31,,,,,0,,
13781,02,003989821,13781,003989821,,RTCS,สมชาย คงแสง,1957-07-21,3180500080368,,,,1,,,,,,,,,,,,,,,,,,,,,,,,,,,,2024-09-18 11:00:34.999000,,,D,,E,,,,,,,H,,C,DDU4YD,,,2000,,,,,,,,2009-02-11,2024-09-09,,,,,0,,
13781,,004830210,13781,004830210,,RTCS,บุญธรรม เอื้อเฟื้อ,1943-05-02,3250200688670,,,,2,,,,,,,,,,,,,,,,,,,,,,,,,,,,2024-08-07 09:27:35.998000,,,D,,E,,,,,,,H,,C,H9U8BB,,,2000,,,,,,,,2017-04-04,2024-07-22,,,,,0,,
13781,,004623816,13781,004623816,,RTCS,ศิริธร ชมศรี,1959-05-12,3120200212692,,,,2,,,,,,,,,,,,,,,,,,,,,,,,,,,,2019-07-31 16:28:08.998000,,,,,U,,,,,,,H,,C,FBRKZ2,,,2000,,,,,,,,2012-05-01,2099-12-31,,,,,0,,
13781,02,002928167,24923,1018627,,RTCS,เบ็ญจวรรณ แซ่หลิ่ม,1932-08-05,3100202983246,,,,2,,,,,,,,,,,,,,,,,,,,,,,,,,,,2016-11-02 17:43:02,,,,,,,,,2,G,2,3,,C,HDD2WTKT,,,2000,,,,,,,,2016-10-08,2018-10-08,,,,,0,,
13781,02,003019073,14354,54/08489,,RTUC,มั่น ทองอร่าม,,3260300230608,,,,1,,,,,,,,,,,,,,,,,,,,,,,,,,,,2017-05-01 16:58:32,,,C,,E,,,,,G,,3,,,HDFANDZF,PD,HD,1500,,4,,,,,O,2016-11-05,2017-05-03,,,,,0,,
13781,,001128797,13781,001128797,,RTCS,กมล เย็นบุตร,1922-10-14,3100202133447,,,,1,,,,,,,,,,,,,,,,,,,,,,,,,,,,2017-07-17 17:35:01,,,C,,E,,,,,,,H,,C,EUVV4Z,,,2000,,,,,,,,2016-10-25,2017-07-18,,,,,0,,
13781,,004888808,13781,004888808,,RTCS,รณกฤต อาจณรงค์,1978-07-05,3101701071057,,,,1,,,,,,,,,,,,,,,,,,,,,,,,,,,,2019-07-31 16:28:08.998000,,,,,U,,,,,,,H,,C,HCSMW5,,,2000,,,,,,,,2014-06-25,2099-12-31,,,,,0,,
13781,02,002553902,13781,002553902,,RTCS,ริ่น นราพงศ์,1930-07-01,3809900388574,,,,2,,,,,,,,,,,,,,,,,,,,,,,,,,,,2022-03-04 08:09:56.998000,,,D,,E,,,,,,,H,,C,F4Y43R,,,2000,,,,,,,,2008-07-16,2022-03-03,,,,,0,,
13781,02,005054130,13781,005054130,,RTCS,สุทธิชัย นัครา,1968-04-27,3100504251809,,,,1,,,,,,,,,,,,,,,,,,,,,,,,,,,,2019-07-31 16:28:08.998000,,,,,U,,,,,,,H,,C,OUW4VJ,,,2000,,,,,,,,2015-09-28,2099-12-31,,,,,0,,
13781,02,000350800,13781,000350800,,"RTSS,RTSS",แฉล้ม ศรีสุขโข,1940-01-01,3120101535698,,,,2,,,,,,,,,,,,,,,,,,,,,,,,,,,,2023-04-04 22:35:02,,,D,,E,,,,,G,,,,,SSH9IDJB,HD,HD,1500,,2,,,,,,2012-10-15,2023-03-16,,,,,0,,
13781,02,004582456,13781,004582456,,RTSS,น้ำฝน สุขหอม,,3920100275792,,,,2,,,,,,,,,,,,,,,,,,,,,,,,,,,,2016-11-15 14:50:14.998000,,,,,,,,,,G,,,,,SSEC72TV,KT,KT,1500,,2,,,,,,2012-10-15,,,,,,0,,
13781,02,002340845,13781,002340845,,RTCS,จำเนียน กฐินสมิต,1926-07-01,3100501657022,,,,2,,,,,,,,,,,,,,,,,,,,,,,,,,,,2018-10-31 09:57:37.998000,,,D,,E,,,,1,,,H,,C,กห0445/6,,,2000,,,,,,,,2006-02-17,2018-08-18,,,,,0,,
13781,02,003612410,13781,003612410,,RTCS,สายหยุด นาคผ่อง,1932-01-01,3220500261710,,,,1,,,,,,,,,,,,,,,,,,,,,,,,,,,,2019-10-22 15:31:36,,,D,,E,,,,,,,H,,C,CEZBSN,,,2000,,,,,,,,2014-09-02,2019-10-18,,,,,0,,
13781,02,003954003,13781,003954003,,RTCS,ศิลป์ชัย ยอยยิ้ม,1963-05-21,3650800525298,,,,1,,,,,,,,,,,,,,,,,,,,,,,,,,,,2017-02-17 17:28:50,,,C,,E,,,,,,,H,,C,IQY9F9,,,2000,,,,,,,,2015-04-27,2017-02-20,,,,,0,,
13781,02,002815516,13781,002815516,,RTCS,เฉลิม อุไทยพจน์,1932-07-01,3100603041985,,,,2,,,,,,,,,,,,,,,,,,,,,,,,,,,,2017-02-02 17:18:44.998000,,,C,,E,,,,1,,,H,,C,กห0403/8,,,2000,,,,,,,,2006-07-18,2017-02-03,,,,,0,,
13781,02,004595035,13781,004595035,,RTCS,ประสาท บุดดานอก,1954-02-02,3410500556696,,,,1,,,,,,,,,,,,,,,,,,,,,,,,,,,,2019-07-31 16:28:09.998000,,,,,U,,,,,,,H,,C,B2ETFG,,,2000,,,,,,,,2012-01-18,2099-12-31,,,,,0,,
13781,02,002644852,28860,5806,,RTUC,วลัยพร กรีถาวร,,3100500655948,,,,2,,,,,,,,,,,,,,,,,,,,,,,,,,,,2017-02-06 13:52:01.998000,,,C,,E,,,,,G,,3,,,HDF2XX35,HD,HD,1500,,2,,,,,O,2016-11-18,2017-01-23,,,,,0,,
13781,02,000235138,13781,000235138,,RTCS,ธนัญญา ประชาบาล,1937-08-12,3101800221588,,,,2,,,,,,,,,,,,,,,,,,,,,,,,,,,,2017-11-18 12:15:05.998000,,,C,,E,,,,1,,,H,,C,,,,2000,,,,,,,,2005-08-31,2017-11-20,,,,,0,,
13781,,004759600,13781,004759600,,RTCS,อุดม มีอนันต์,1950-04-01,3102100370000,,,,2,,,,,,,,,,,,,,,,,,,,,,,,,,,,2019-07-31 16:28:09.998000,,,,,U,,,,,,,H,,C,E78BS4,,,2000,,,,,,,,2013-06-10,2099-12-31,,,,,0,,
13781,02,005191656,13781,005191656,,RTCS,ธีระพล รักษาจิตร,1966-06-12,5100299081354,,,,1,,,,,,,,,,,,,,,,,,,,,,,,,,,,2024-02-19 10:10:20.998000,,,D,,E,,,,,,,H,,C,EC57H3,,,2000,,,,,,,,2016-09-12,2024-02-05,,,,,0,,
13781,02,004855080,13781,004855080,,"RTSS,RTSS",อุดร ศรีจำพลัง,1960-12-05,3460500571474,,,,1,,,,,,,,,,,,,,,,,,,,,,,,,,,,2021-03-03 14:57:16,,,,,,,,,,G,,,,,SSM0TOXA,HD,HD,1500,,2,,,,,,2012-10-15,,,,,,0,,
13781,02,000425536,13781,000425536,,RTCS,ทองเรือง หงษ์ทอง,1952-01-01,3100203190151,,,,2,,,,,,,,,,,,,,,,,,,,,,,,,,,,2019-07-31 16:28:09.998000,,,,,U,,,,,,,H,,C,KCDWKN,,,2000,,,,,,,,2007-03-30,2099-12-31,,,,,0,,
13781,02,005215016,11882,0620/56,,RTUC,มยุรี แสงใสแก้ว,,3350100841556,,,,2,,,,,,,,,,,,,,,,,,,,,,,,,,,,2016-12-03 12:00:00,,,,,,,,,,G,,3,,,HDE2U9WR,HD,HD,1500,,2,,,,,O,2016-12-03,,,,,,0,,
13781,02,005039669,13781,005039669,,RTSS,ศรชัย กล้าหาญ,1963-10-06,3210300743664,,,,1,,,,,,,,,,,,,,,,,,,,,,,,,,,,2022-01-18 09:55:40.999000,,,D,,E,,,,,G,,,,,SSGWCOPZ,HD,HD,1500,,2,,,,,,2016-11-02,2021-09-09,,,,,0,,
13781,02,004612034,13781,004612034,,RTCS,สมเพชร เพ็ญวงษ์,1959-01-12,3220500079857,,,,2,,,,,,,,,,,,,,,,,,,,,,,,,,,,2020-08-04 09:50:12.998000,,,O,,E,,,,,,,H,,C,G97PUW,,,2000,,,,,,,,2012-03-01,2020-02-18,,,,,0,,
13781,02,003688970,13781,003688970,,RTCS,กิตติ ศิริคะรินทร์,1961-09-15,3100502213837,,,,1,,,,,,,,,,,,,,,,,,,,,,,,,,,,2021-10-19 09:49:51.999000,,,,,U,,,,,,,H,,C,J8J75H,,,2000,,,,,,,,2021-10-19,2099-12-31,,,,,0,,
13781,02,005165376,13781,005165376,,RTSS,อรวรรณ จันทร์ขอนแก่น,,3350200057873,,,,2,,,,,,,,,,,,,,,,,,,,,,,,,,,,2016-12-10 09:06:43.999000,,,,,,,,,,G,,,,,SSJL32H6,HD,HD,1500,,2,,,,,,2016-08-06,,,,,,0,,
13781,02,004785091,13781,004785091,,RTCS,องอาจ ตรีปัญญา,1951-10-07,3191100620811,,,,1,,,,,,,,,,,,,,,,,,,,,,,,,,,,2017-01-03 15:44:10.999000,,,C,,E,,,,,,,H,,C,G9Z4NH,,,2000,,,,,,,,2013-08-20,2017-01-04,,,,,0,,
13781,02,003981208,13781,003981208,,RTCS,สำเนียง คชโมกข์,1928-02-14,3100503815644,,,,2,,,,,,,,,,,,,,,,,,,,,,,,,,,,2025-07-04 10:40:53.998000,,,O,,E,,,,,,,H,,C,J7YNF3,,,2000,,,,,,,,2009-06-09,2025-06-30,,,,,0,,
13781,02,005204425,13781,005204425,,RTCS,ชาญ พวงศรี,1960-04-10,5331000012105,,,,1,,,,,,,,,,,,,,,,,,,,,,,,,,,,2025-04-18 13:40:23.998000,,,D,,E,,,,,,,H,,C,EUW6HL,,,2000,,,,,,,,2016-10-11,2025-04-14,,,,,0,,
13781,02,005077075,13781,005077075,,RTCS,เทียน เฉยพินิจ,1930-10-22,3720200221351,,,,1,,,,,,,,,,,,,,,,,,,,,,,,,,,,2019-04-19 14:26:32.999000,,,D,,E,,,,,,,H,,C,E576KB,,,2000,,,,,,,,2015-12-18,2019-04-18,,,,,0,,
13781,02,003305548,13781,003305548,,RTSS,อมรรัตน์ โอภาสเพิ่มพงศ์,,1101401446938,,,,2,,,,,,,,,,,,,,,,,,,,,,,,,,,,2016-12-16 18:42:46,,,,,,,,,,G,,,,,SSIAWE4X,KT,KT,1500,,2,,,,,,2012-10-15,,,,,,0,,
13781,02,005163862,13781,005163862,,RTSS,นงนุช อุปถัมภ์,1984-02-03,1240500017014,,,,2,,,,,,,,,,,,,,,,,,,,,,,,,,,,2018-09-19 09:43:21,,,D,,E,,,,,G,,,,,SSCNVOOZ,HD,HD,1500,,2,,,,,,2012-10-15,2018-08-13,,,,,0,,
13781,02,004761340,13781,004761340,,RTSS,มณีรัตน์ แซ่ตั้ง,1963-01-17,3101800914095,,,,2,,,,,,,,,,,,,,,,,,,,,,,,,,,,2017-11-18 12:41:17.998000,,,,,,,,,,G,,,,,SSA6GIFE,HD,HD,1500,,2,,,,,,2013-08-06,,,,,,0,,
13781,,005224302,13781,005224302,,RTCS,โฆสิต นันทรักษ์,1954-09-16,3100202627113,,,,1,,,,,,,,,,,,,,,,,,,,,,,,,,,,2023-03-22 15:22:22.998000,,,D,,E,,,,,,,H,,C,G625X9,,,2000,,,,,,,,2016-12-06,2023-03-18,,,,,0,,
13781,02,004495940,13781,004495940,,RTCS,ทองอินทร์ เลื่อนรังษี,1929-02-10,3100601101654,,,,2,,,,,,,,,,,,,,,,,,,,,,,,,,,,2017-05-17 18:03:17,,,C,,E,,,,,,,H,,C,J22SXH,,,2000,,,,,,,,2011-01-17,2017-05-18,,,,,0,,
13781,02,005058799,10720,000354387,,RTUC,พงพันธ์ เผ่าชวด,,3610600527459,,,,1,,,,,,,,,,,,,,,,,,,,,,,,,,,,2016-12-21 14:00:03.998000,,,,,,,,,,G,,3,,,HDC4AGW5,HD,HD,1500,,4,,,,,O,2016-12-21,,,,,,0,,
13781,02,003558897,13781,003558897,,RTCS,มาลี บุญศรีโรจน์,1937-10-13,3809900525881,,,,2,,,,,,,,,,,,,,,,,,,,,,,,,,,,2019-07-31 16:28:09.998000,,,,,U,,,,,,,H,,C,I33G5P,,,2000,,,,,,,,2007-02-07,2099-12-31,,,,,0,,
13781,02,004845855,13781,004845855,,RTCS,เพชราวรรณ เจริญสูงเนิน,1962-10-24,5100599031468,,,,2,,,,,,,,,,,,,,,,,,,,,,,,,,,,2023-10-04 09:50:12.998000,,,O,,E,,,,,,,H,,C,H64U4T,,,2000,,,,,,,,2014-02-27,2023-10-03,,,,,0,,
13781,02,003968488,13781,003968488,,RTCS,ฐิติพงศ์ นิระภัย,1949-03-20,3100502969893,,,,1,,,,,,,,,,,,,,,,,,,,,,,,,,,,2021-03-05 09:04:40,,,D,,E,,,,,,,H,,C,E676CF,,,2000,,,,,,,,2016-10-04,2021-03-03,,,,,0,,
13781,02,004576952,11537,520001555,,RTCS,วัชระ  ธรรมสุทธิกุล,1959-01-21,3909900651941,,,,1,,,,,,,,,,,,,,,,,,,,,,,,,,,,2016-12-23 14:10:22,,,,,,,,,2,G,1,1,,C,HEG24RX2,,,2000,,,,,,,,2007-06-01,2018-06-01,,,,,0,,
13781,02,003885750,13781,003885750,,RTCS,บัวลอย จักร์อินทร์,1942-04-08,3230400261262,,,,2,,,,,,,,,,,,,,,,,,,,,,,,,,,,2018-01-17 16:54:28.998000,,,D,,E,,,,1,,,H,,C,ตร0327/1,,,2000,,,,,,,,2006-06-27,2018-01-18,,,,,0,,
13781,02,005233047,13781,005233047,,RTSS,ศิริพงษ์ รักเพื่อน,1982-12-16,3110401469011,,,,1,,,,,,,,,,,,,,,,,,,,,,,,,,,,2017-02-03 17:27:19,,,C,,E,,,,,G,,,,,SSFQ31BG,HD,HD,1500,,2,,,,,,2015-06-04,2017-01-11,,,,,0,,
13781,02,005196325,13781,005196325,,RTSS,โสภณ หุตะสิงห์,1949-09-30,3100600751957,,,,1,,,,,,,,,,,,,,,,,,,,,,,,,,,,2018-11-19 09:15:28.998000,,,D,,E,,,,,,,,,,SSIPW76X,HD,HD,1500,,2,,,,,,2012-10-15,2018-09-21,,,,,0,,
13781,,004696440,13781,004696440,,RTSS,เดชา การะเกษ,,3330900894620,,,,1,,,,,,,,,,,,,,,,,,,,,,,,,,,,2016-12-27 14:20:55,,,,,,,,,,,,,,,SSK2GV9F,HD,HD,1500,,2,,,,,,2012-10-15,,,,,,0,,
13781,02,005229782,13781,005229782,,RTCS,นิคม สกุลนุ่ม,1943-01-01,3100201135853,,,,1,,,,,,,,,,,,,,,,,,,,,,,,,,,,2018-10-31 09:57:36,,,D,,E,,,,,,,H,,C,JE8Q9J,,,2000,,,,,,,,2016-12-21,2018-10-03,,,,,0,,
13781,02,005222018,13781,005222018,,RTCS,ประหยัด จิตต์เจริญ,1930-08-15,5103800004313,,,,2,,,,,,,,,,,,,,,,,,,,,,,,,,,,2019-10-22 15:31:41.999000,,,D,,E,,,,,,,H,,C,J392C5,,,2000,,,,,,,,2016-12-30,2019-10-18,,,,,0,,
13781,02,002626553,13781,002626553,,"RTSS,RTSS",สุชาติ กิจเจริญวงศ์,1957-10-25,3101400157475,,,,1,,,,,,,,,,,,,,,,,,,,,,,,,,,,2020-03-04 15:11:00.998000,,,D,,E,,,,,G,,,,,SSJLJ63C,HD,HD,1500,,2,,,,,,2018-02-03,2020-01-12,,,,,0,,
13781,,004681675,13781,004681675,,RTCS,อิสระ สุธาสีกุล,1974-09-25,3220100158148,,,,1,,,,,,,,,,,,,,,,,,,,,,,,,,,,2019-07-31 16:28:09.998000,,,,,V,,,,,,,H,,C,LMWRPB,,,2000,,,,,,,,2012-10-18,2099-12-31,,,,,0,,
13781,02,003984888,13781,003984888,,RTCS,วิพาสน์ จงรักษ์,1942-04-03,3930500977549,,,,1,,,,,,,,,,,,,,,,,,,,,,,,,,,,2019-07-31 16:28:09.998000,,,,,V,,,,,,,H,,C,B395WV,,,2000,,,,,,,,2007-10-12,2099-12-31,,,,,0,,
13781,02,004817696,13781,004817696,,RTCS,วิโรจน์ นาคทอง,1962-03-15,3100202914813,,,,1,,,,,,,,,,,,,,,,,,,,,,,,,,,,2017-12-17 14:21:34.998000,,,C,,E,,,,,,,H,,C,E4PK2P,,,2000,,,,,,,,2016-01-27,2017-12-18,,,,,0,,
13781,02,005154966,13781,005154966,,"RTSS,RTSS",สุวิมล โพธิเกษม,1988-09-13,1229900243265,,,,2,,,,,,,,,,,,,,,,,,,,,,,,,,,,2025-08-27 09:41:01,,,S,,E,,,,,G,,,,,SSJFUHG1,HD,HD,1500,,2,,,,,,2016-09-05,2025-08-21,,,,,0,,
13781,02,004895903,11703,5477/57,,RTUC,ธัญญารัตน์ อภิชัยเลิศกีรติ,,3600400419750,,,,2,,,,,,,,,,,,,,,,,,,,,,,,,,,,2017-01-13 08:29:59.998000,,,U,,E,,,,,G,,3,,,HDF34NLQ,HD,HD,1500,,4,,,,,O,2017-01-09,2022-12-31,,,,,0,,
13781,,001132923,13781,001132923,,RTCS,กมลรัตน์ วิจิตรกูล,1954-01-15,3100900924024,,,,2,,,,,,,,,,,,,,,,,,,,,,,,,,,,2019-07-31 16:28:10.998000,,,,,V,,,,,,,H,,C,EU418X,,,2000,,,,,,,,2007-01-19,2099-12-31,,,,,0,,
13781,02,004766485,13781,004766485,,RTCS,ชวนพิศ ชูติวัตร,1959-03-22,3160600172051,,,,2,,,,,,,,,,,,,,,,,,,,,,,,,,,,2019-07-31 16:28:10.998000,,,,,U,,,,,,,H,,C,BV8MDX,,,2000,,,,,,,,2013-06-28,2099-12-31,,,,,0,,
13781,02,001854370,13781,001854370,,RTCS,บุญส่ง พุ่มพฤกษ์,1937-09-15,3120101316643,,,,2,,,,,,,,,,,,,,,,,,,,,,,,,,,,2023-12-04 14:34:09,,,D,,E,,,,,,,H,,C,D23RXJ,,,2000,,,,,,,,2006-12-20,2023-11-20,,,,,0,,
13781,02,004675280,11835,5523073,,RTUC,สมชัย จันทร์ภิรมย์,,3309700138072,,,,1,,,,,,,,,,,,,,,,,,,,,,,,,,,,2019-06-18 14:51:57.998000,,,D,,E,,,,,G,,3,,,HDM4K5L7,HD,HD,1500,,8,,,,,O,2017-01-21,2019-06-15,,,,,0,,
13781,02,003642448,22179,58/15627,,RTUC,กังวาฬ ศรีมานพ,,3100501944480,,,,1,,,,,,,,,,,,,,,,,,,,,,,,,,,,2017-01-23 08:29:59.998000,,,U,,E,,,,,G,,3,,,HDB29DCM,HD,HD,1500,,2,,,,,R,2017-01-23,2022-12-31,,,,,0,,
13781,02,004657873,13781,004657873,,RTCS,ฟู มั่งสุวรรณ์,1939-01-01,5101200026411,,,,1,,,,,,,,,,,,,,,,,,,,,,,,,,,,2018-03-02 16:29:36,,,D,,E,,,,,,,H,,C,A8A889,,,2000,,,,,,,,2012-08-14,2018-03-05,,,,,0,,
13781,,004509499,13781,004509499,,RTCS,ทองจริง สุวรรณประเสริฐ,1943-06-05,3100502302694,,,,2,,,,,,,,,,,,,,,,,,,,,,,,,,,,2022-09-07 08:29:32,,,D,,E,,,,,,,H,,C,MYCX5Y,,,2000,,,,,,,,2011-03-08,2022-09-03,,,,,0,,
13781,,005186626,13781,005186626,,RTCS,วิชา ติราศัย,1956-08-25,4130300004208,,,,1,,,,,,,,,,,,,,,,,,,,,,,,,,,,2020-09-08 13:55:41,,,D,,E,,,,,,,H,,C,BK7TXN,,,2000,,,,,,,,2016-08-26,2020-09-03,,,,,0,,
13781,02,004444723,10703,000013257,,RTUC,ปฏิพัทธ์ นาคสุด,,3341600203878,,,,1,,,,,,,,,,,,,,,,,,,,,,,,,,,,2019-07-26 08:30:09,,,U,,E,,,,,G,,H,,,HDBMLAX7,HD,HD,1500,,2,,,,,O,2019-07-26,2022-12-31,,,,,0,,
13781,02,005135257,13781,005135257,,RTSS,หนูเกณฑ์ ชัยพุทธา,,5411400022981,,,,1,,,,,,,,,,,,,,,,,,,,,,,,,,,,2017-01-24 07:02:39,,,,,,,,,,G,,,,,SSDNA6DI,HD,HD,1500,,2,,,,,,2016-03-26,,,,,,0,,
13781,02,005102280,13781,005102280,,RTCS,สมพร เจนหัตถ์,1968-07-02,3210500196331,,,,2,,,,,,,,,,,,,,,,,,,,,,,,,,,,2018-10-31 09:57:34,,,O,,E,,,,,,,H,,C,G67FB3,,,2000,,,,,,,,2016-02-03,2018-09-03,,,,,0,,
13781,,004362017,13781,004362017,,RTCS,เหลี้ยม ยาน้ำทอง,1944-01-01,3102401172835,,,,1,,,,,,,,,,,,,,,,,,,,,,,,,,,,2021-04-22 08:52:44.999000,,,D,,E,,,,,,,H,,C,AXWW4Z,,,2000,,,,,,,,2010-10-18,2021-04-18,,,,,0,,
13781,02,005109661,13781,005109661,,RTSS,ศรีสวัสดิ์ วรจักร์,,3400100655271,,,,1,,,,,,,,,,,,,,,,,,,,,,,,,,,,2017-01-26 19:05:28,,,,,,,,,,G,,,,,SSFU19S6,HD,HD,1500,,2,,,,,,2015-01-06,,,,,,0,,
13781,,003633378,13781,003633378,,RTCS,ปิยาภา วัฒนายน,1946-04-21,3100100902174,,,,2,,,,,,,,,,,,,,,,,,,,,,,,,,,,2019-09-04 08:45:24,,,D,,E,,,,1,,,H,,C,K5S933,,,2000,,,,,,,,2017-01-25,2019-09-03,,,,,0,,
13781,,001987499,13781,001987499,,RTSS,ประสิทธิ์ สีชัง,1958-12-08,3100500441298,,,,1,,,,,,,,,,,,,,,,,,,,,,,,,,,,2022-06-02 16:18:08.998000,,,D,,E,,,,,,,,,,SSJF8G37,HD,HD,1500,,2,,,,,,2015-09-05,2022-04-22,,,,,0,,
13781,02,005229766,13781,005229766,,RTCL,ทองศัย นิลพร้อม,1967-01-10,3430700190890,,,,2,,,,,,,,,,,,,,,,,,,,,,,,,,,,2023-05-08 08:16:08.998000,,,,,E,,,,,,,H,,,QZPEUJ,,,2000,,,,,,,,2017-01-05,2022-09-30,,,,,0,,
13781,02,004884042,13781,004884042,,RTSS,โกศล บุญยัง,1982-08-09,3720100019925,,,,1,,,,,,,,,,,,,,,,,,,,,,,,,,,,2019-12-03 14:49:34,,,D,,E,,,,,G,,,,,SSL1ZREP,HD,HD,1500,,2,,,,,,2013-09-30,2019-11-08,,,,,0,,
13781,02,003011589,21844,57/67,,RTUC,อลิสา สะเอ็ด,1983-03-29,3809900465919,,,,2,,,,,,,,,,,,,,,,,,,,,,,,,,,,2017-02-06 13:52:00.998000,,,C,,E,,,,,G,,3,,,HDJ2ZGDG,HD,HD,1500,,7,,,,,O,2017-01-31,2017-02-03,,,,,0,,
13781,02,004966211,22127,105095,,RTUC,วสันต์ สอดห่วง,,3120500179089,,,,1,,,,,,,,,,,,,,,,,,,,,,,,,,,,2017-02-02 12:00:00,,,U,,E,,,,,G,,3,,,HDMP9DZG,HD,HD,1500,,2,,,,,O,2017-02-02,2022-12-31,,,,,0,,
13781,02,004388638,11304,449525,,RTUC,ณรัช ยี่สุ่น,,3740200423779,,,,1,,,,,,,,,,,,,,,,,,,,,,,,,,,,2017-04-10 13:31:15.998000,,,,,U,,,,,G,,3,,,HDM2LTCR,HD,HD,1500,,4,,,,,O,2017-02-03,,,,,,0,,
13781,02,004843336,13781,004843336,,RTCS,สัมฤทธิ์ กองบุญ,1954-01-01,3140800236835,,,,1,,,,,,,,,,,,,,,,,,,,,,,,,,,,2021-06-23 09:55:37,,,D,,E,,,,,,,H,,C,H98BAR,,,2000,,,,,,,,2014-02-18,2021-06-18,,,,,0,,
13781,02,002787432,13781,002787432,,RTCL,มานะ สุวามิน,1943-01-06,3100300170720,,,,1,,,,,,,,,,,,,,,,,,,,,,,,,,,,2023-05-08 08:15:42,,,,,E,,,,,,,H,,,QZDCDP,,,2000,,,,,,,,2008-09-01,2022-09-30,,,,,0,,
13781,02,004497480,13781,004497480,,RTUC,พุทธศิลป์ชัย แก้วชนะวิเศษ,,1419902198826,,,,1,,,,,,,,,,,,,,,,,,,,,,,,,,,,2017-02-09 13:56:11,,,U,,E,,,,,,,H,,,UCB3TEM7,HD,HD,1500,,2,,,,,O,2017-01-18,2022-12-31,,,,,0,,
13781,02,005146268,13781,005146268,,RTCS,อาทร ปิ่นปราณี,1946-07-17,3570101567235,,,,1,,,,,,,,,,,,,,,,,,,,,,,,,,,,2021-11-08 08:35:28,,,D,,E,,,,,,,H,,C,KM7677,,,2000,,,,,,,,2016-05-24,2021-11-03,,,,,0,,
13781,02,004115687,13781,004115687,,RTCS,ลักษณา อยู่เย็น,1967-03-22,3820500034122,,,,2,,,,,,,,,,,,,,,,,,,,,,,,,,,,2019-07-31 16:28:10.998000,,,,,V,,,,,,,H,,C,ALG6MH,,,2000,,,,,,,,2007-12-19,2099-12-31,,,,,0,,
13781,02,004966591,13781,004966591,,RTCL,วันรบ โสภณปทุมรักษ์,1939-09-08,3100800161614,,,,1,,,,,,,,,,,,,,,,,,,,,,,,,,,,2023-05-08 08:15:37.998000,,,,,E,,,,,,,H,,,QM242L,,,2000,,,,,,,,2015-02-02,2022-09-30,,,,,0,,
13781,02,004644491,12033,15872-52,,RTUC,บัว กลั่นจอม,,3600101090926,,,,1,,,,,,,,,,,,,,,,,,,,,,,,,,,,2018-04-17 18:57:46.999000,,,D,,E,,,,,G,,3,,,HDC4DAJ8,PD,HD,1500,,4,,,,,R,2017-02-21,2018-04-09,,,,,0,,
13781,02,005134862,13781,005134862,,RTCL,สุระ เล็กเผือก,1960-09-01,3120100005326,,,,1,,,,,,,,,,,,,,,,,,,,,,,,,,,,2020-10-06 11:05:48,,,D,,E,,,,,,,H,,,Q8F4M2,,,2000,,,,,,,,2016-04-27,2020-10-03,,,,,0,,
13781,02,004778386,13781,004778386,,RTCS,ยุพิน หอมสุวรรณ,1941-01-16,3100500833099,,,,2,,,,,,,,,,,,,,,,,,,,,,,,,,,,2019-02-21 09:19:29,,,D,,E,,,,,,,H,,C,L2W3K9,,,2000,,,,,,,,2017-02-09,2019-02-18,,,,,0,,
13781,02,004647843,13781,004647843,,RTCS,นิพนธ์ บุญแม้น,1942-03-04,3321300190070,,,,1,,,,,,,,,,,,,,,,,,,,,,,,,,,,2017-11-02 16:13:30,,,C,,E,,,,,,,H,,C,L8T8WB,,,2000,,,,,,,,2012-07-02,2017-11-03,,,,,0,,
13781,02,001003155,13781,001003155,,RTSS,บุบผา อิ่มภาประเสริฐ,1951-08-15,3102001752036,,,,2,,,,,,,,,,,,,,,,,,,,,,,,,,,,2019-07-18 13:20:14.998000,,,D,,E,,,,,G,,,,,SSAOTC3K,HD,HD,1500,,2,,,,,,2012-10-15,2019-07-02,,,,,0,,
13781,02,005088340,13781,005088340,,RTCS,ชุมพล สมานันตกุล,1955-09-10,3920600749467,,,,1,,,,,,,,,,,,,,,,,,,,,,,,,,,,2020-03-06 08:46:15,,,D,,E,,,,,G,2,H,,C,BR475J,,,2000,,,,,,,,2017-04-10,2020-03-03,,,,,0,,
13781,,003862657,13781,003862657,,RTCS,ประพันธ์ สันตโยภาส,1953-02-20,3101000385161,,,,1,,,,,,,,,,,,,,,,,,,,,,,,,,,,2023-06-07 11:24:02.998000,,,,,E,,,,,,,H,,C,J26GL9,,,2000,,,,,,,,2017-01-13,2023-06-03,,,,,0,,
13781,02,004713250,77664,215/55,,RTUC,ธนกฤช ลือชัยสาครพันธ์,,1100801003498,,,,1,,,,,,,,,,,,,,,,,,,,,,,,,,,,2018-10-18 10:06:37,,,D,,E,,,,,G,,3,,,HDGSKZCQ,PD,HD,1500,,2,,,,,O,2017-03-01,2018-10-18,,,,,0,,
13781,02,004814695,13781,004814695,,RTSS,ธนพร ทับนุด,1975-04-07,3459900273789,,,,2,,,,,,,,,,,,,,,,,,,,,,,,,,,,2021-11-03 15:52:15,,,D,,E,,,,,G,,,,,SSF3R6R3,HD,HD,1500,,2,,,,,,2013-07-19,2017-07-15,,,,,0,,
13781,02,003776164,22283,79031050,,RTUC,อัจฉรา คุปตะวาทิน,,3100202900286,,,,2,,,,,,,,,,,,,,,,,,,,,,,,,,,,2017-03-07 12:00:00.998000,,,U,,E,,,,,G,,3,,,HDJSL5HW,HD,HD,1500,,7,,,,,O,2017-03-07,2022-12-31,,,,,0,,
13781,,004899849,13781,004899849,,RTCS,ไชยนันท์ คำเภา,1949-12-27,3729900228144,,,,1,,,,,,,,,,,,,,,,,,,,,,,,,,,,2019-12-18 16:51:07,,,D,,E,,,,,,,H,,C,H79F2F,,,2000,,,,,,,,2014-07-22,2019-12-18,,,,,0,,
13781,,000045966,13781,000045966,,RTCS,น้อย พลสินพยัคฆ์,1930-06-21,3100202365020,,,,2,,,,,,,,,,,,,,,,,,,,,,,,,,,,2020-10-21 08:50:30.998000,,,D,,E,,,,,,,H,,C,AAOISB,,,2000,,,,,,,,2006-10-10,2020-10-18,,,,,0,,
13781,02,005118696,13781,005118696,,RTCS,สนอง ศุภธรรมกิจ,1932-04-20,3100904355890,,,,1,,,,,,,,,,,,,,,,,,,,,,,,,,,,2026-01-06 10:18:07.998000,,,D,,E,,,,,,,H,,C,G226UB,,,2000,,,,,,,,2016-03-15,2025-12-29,,,,,0,,
13781,02,005079322,28832,136/57,,RTUC,สุนีย์ ตั้งจิตมั่นคง,,3110101489611,,,,2,,,,,,,,,,,,,,,,,,,,,,,,,,,,2017-03-09 10:38:29,,,U,,E,,,,,G,,3,,,HDM3A99A,HD,HD,1500,,8,,,,,O,2017-03-09,2022-12-31,,,,,0,,
13781,02,004816516,13781,004816516,,"RTSS,RTSS",จตุพล เขมนันท์โสภณ,1987-08-04,1200400033191,,,,1,,,,,,,,,,,,,,,,,,,,,,,,,,,,2017-11-03 16:52:00,,,C,,E,,,,,G,,,,,SSKQDJV2,HD,HD,1500,,2,,,,,,2016-08-08,2017-08-26,,,,,0,,
13781,02,004342690,13781,004342690,,RTCS,สุรศักดิ์ แสงดี,1957-02-08,3250100698975,,,,1,,,,,,,,,,,,,,,,,,,,,,,,,,,,2023-05-08 08:15:36,,,,,E,,,,,,,H,,C,DQAP5P,,,2000,,,,,,,,2009-06-26,2023-05-03,,,,,0,,
13781,02,004101461,13781,004101461,,RTCS,สุวรรณี เชียงทอง,1946-07-30,3100901080598,,,,2,,,,,,,,,,,,,,,,,,,,,,,,,,,,2023-01-20 13:59:32.998000,,,D,,E,,,,,,,H,,C,BW9NDC,,,2000,,,,,,,,2007-09-17,2023-01-18,,,,,0,,
13781,,005158830,13781,005158830,,RTCS,เบญจมาศ สุกปลั่ง,1930-05-16,3102200291951,,,,2,,,,,,,,,,,,,,,,,,,,,,,,,,,,2020-08-04 09:50:13.998000,,,O,,E,,,,,,,H,,C,LSEXXX,,,2000,,,,,,,,2016-07-12,2020-02-18,,,,,0,,
13781,02,005224908,13781,005224908,,RTSS,ประยูร วิลาศรี,,3760500303264,,,,2,,,,,,,,,,,,,,,,,,,,,,,,,,,,2017-03-14 06:47:34,,,,,,,,,,G,,,,,SSFUVEOS,HD,HD,1500,,2,,,,,,2016-10-28,,,,,,0,,
13781,02,003568258,13781,003568258,,RTSS,อนัณญา แซ่โล้ว,1964-01-17,3100100488548,,,,2,,,,,,,,,,,,,,,,,,,,,,,,,,,,2017-08-03 08:08:58.998000,,,,,,,,,,G,,,,,SSFN3S3Q,HD,HD,1500,,2,,,,,,2012-10-15,,,,,,0,,
13781,,001584215,13781,001584215,,RTCS,ยุพิน สลักเพชร,1930-12-05,3230500020852,,,,2,,,,,,,,,,,,,,,,,,,,,,,,,,,,2025-12-19 09:47:13,,,D,,E,,,,,,,H,,C,J7626X,,,2000,,,,,,,,2016-04-21,2025-12-15,,,,,0,,
13781,02,004611029,10662,058051756,,RTUC,ประสพชัย ระยับศรี,,3330700462866,,,,1,,,,,,,,,,,,,,,,,,,,,,,,,,,,2017-06-19 17:05:38.999000,,,C,,E,,,,,G,,3,,,HDK49DZC,HD,HD,1500,,2,,,,,O,2017-03-15,2017-06-11,,,,,0,,
13781,02,004189479,11882,290884,,RTUC,วิชิตพงษ์ สังข์เผือก,,3250100013468,,,,1,,,,,,,,,,,,,,,,,,,,,,,,,,,,2017-03-18 14:19:07.999000,,,,,,,,,2,G,,1,,,HEE3DS6V,HD,HD,1500,,2,,,,,O,2016-02-29,,,,,,0,,
13781,02,004904208,10736,0668778,,RTUC,ดุสิต เชื้อแดงดี,,3860500062517,,,,1,,,,,,,,,,,,,,,,,,,,,,,,,,,,2017-03-18 17:52:24,,,,,,,,,2,G,,1,,,HEEY368S,HD,HD,1500,,4,,,,,O,2015-11-13,,,,,,0,,
13781,02,004634701,10686,56/002331,,RTUC,ภัทรพล รัตนโภคา,,1700500100197,,,,1,,,,,,,,,,,,,,,,,,,,,,,,,,,,2017-03-21 17:00:44,,,U,,E,,,,,G,,3,,,HDKN66AB,PD,HD,1500,,4,,,,,O,2017-03-21,2022-12-31,,,,,0,,
13781,02,004885964,11703,6347/57,,RTUC,สมศรี ภุมมา,,3190600189922,,,,2,,,,,,,,,,,,,,,,,,,,,,,,,,,,2017-03-22 08:29:59.998000,,,U,,E,,,,,G,,3,,,HDGKATBA,HD,HD,1500,,2,,,,,R,2017-03-21,2022-12-31,,,,,0,,
13781,02,005146807,13781,005146807,,RTCL,สงกรานต์ สาคิรินทร์,1980-04-13,3100601825121,,,,1,,,,,,,,,,,,,,,,,,,,,,,,,,,,2023-05-08 08:15:20,,,,,E,,,,,,,H,,,Q466AM,,,2000,,,,,,,,2016-05-27,2022-09-30,,,,,0,,
13781,02,004612284,22555,52-1751,,RTUC,สมชาย พาเจริญ,,3102102089669,,,,1,,,,,,,,,,,,,,,,,,,,,,,,,,,,2017-04-10 13:31:16.999000,,,,,U,,,,,G,,H,,,HDB2NXJQ,HD,HD,1500,,2,,,,,O,2017-03-22,,,,,,0,,
13781,02,002917405,13781,002917405,,RTCS,สุนีย์ รสนิ่ม,1933-01-01,3100901066579,,,,2,,,,,,,,,,,,,,,,,,,,,,,,,,,,2017-11-18 12:15:05.998000,,,C,,E,,,,,,,H,,C,GQZ74M,,,2000,,,,,,,,2012-10-08,2017-11-20,,,,,0,,
13781,02,004202522,13781,004202522,,RTCS,พีรวัฒน์ เศรษฐบุตร,1949-06-14,3100603189362,,,,1,,,,,,,,,,,,,,,,,,,,,,,,,,,,2021-01-20 17:09:33,,,D,,E,,,,,,,H,,C,EMUJP6,,,2000,,,,,,,,2008-08-26,2021-01-18,,,,,0,,
13781,02,003575014,21708,57-150,,RTUC,ลำพวน ตะระสาน,,3101402361380,,,,2,,,,,,,,,,,,,,,,,,,,,,,,,,,,2018-01-03 17:20:28.998000,,,D,,E,,,,,G,,3,,,HDB4JHQ9,HD,HD,1500,,2,,,,,O,2017-03-24,2017-12-18,,,,,0,,
13781,,004082330,13781,004082330,,RTCS,วันทนา คงผึ้ง,1957-01-01,3609900363409,,,,2,,,,,,,,,,,,,,,,,,,,,,,,,,,,2019-07-31 16:28:11.999000,,,,,V,,,,,,,H,,C,LQK79C,,,2000,,,,,,,,2007-03-20,2099-12-31,,,,,0,,
13781,02,004457335,10736,201022740,,RTUC,วสรรณ์ เฉยราษฎร์,,3760500659875,,,,1,,,,,,,,,,,,,,,,,,,,,,,,,,,,2017-05-25 10:33:40,,,,,,,,,2,G,,1,,,HEG2URLF,PD,HD,1500,,4,,,,,O,2010-06-19,,,,,,0,,
13781,02,004544590,77664,58535/49,,RTUC,จักรกฤษ หลอดทอง,,3320300355965,,,,1,,,,,,,,,,,,,,,,,,,,,,,,,,,,2017-04-10 13:31:15.998000,,,,,U,,,,,G,,3,,,HDF4JSFV,HD,HD,1500,,4,,,,,O,2017-03-29,,,,,,0,,
13781,,003250790,13781,003250790,,RTCS,จงจิต เต็งบำรุง,1956-01-31,3100901489623,,,,2,,,,,,,,,,,,,,,,,,,,,,,,,,,,2022-12-21 08:11:54.998000,,,D,,E,,,,,,,H,,C,H4AB3O,,,2000,,,,,,,,2006-12-12,2022-12-03,,,,,0,,
13781,02,003753061,13754,4014013,,RTUC,ธนธรณ์ สุขอารมย์,,3200400100765,,,,1,,,,,,,,,,,,,,,,,,,,,,,,,,,,2018-05-04 15:37:00.999000,,,D,,E,,,,,G,,3,,,HDH4BX9Z,HD,HD,1500,,8,,,,,O,2017-03-28,2018-04-17,,,,,0,,
13781,,004222476,13781,004222476,,RTCS,สำเริง ปั้นสุวรรณ,1932-12-02,3140800038928,,,,1,,,,,,,,,,,,,,,,,,,,,,,,,,,,2017-04-17 14:34:05.999000,,,C,,E,,,,,,,H,,C,EHNMDW,,,2000,,,,,,,,2008-10-24,2017-04-18,,,,,0,,
13781,02,000496694,13781,000496694,,RTCS,สมสุข พลกนิษฐ์,1944-05-29,3102001228701,,,,2,,,,,,,,,,,,,,,,,,,,,,,,,,,,2018-10-31 09:57:44,,,D,,E,,,,,,,H,,C,DYGA7M,,,2000,,,,,,,,2007-04-19,2018-08-18,,,,,0,,
13781,,003374871,13781,003374871,,RTCS,สมเจตน์ หิริโอตัปปะ,1937-06-01,3101401325789,,,,1,,,,,,,,,,,,,,,,,,,,,,,,,,,,2019-07-31 16:28:11.999000,,,,,V,,,,0,,,H,,C,RG2L59,,,2000,,,,,,,,2006-02-16,2099-12-31,,,,,0,,
13781,02,004459699,13781,004459699,,RTCS,สงัด การวัฒนี,1949-05-21,3141200231507,,,,1,,,,,,,,,,,,,,,,,,,,,,,,,,,,2021-10-19 09:49:06.998000,,,D,,E,,,,,G,1,H,,C,AP7MAN,,,2000,,,,,,,,2010-09-09,2021-10-18,,,,,0,,
13781,02,004896460,13781,004896460,,RTSS,สุนันท์ ดินแดง,1969-03-29,3300900332541,,,,2,,,,,,,,,,,,,,,,,,,,,,,,,,,,2025-07-01 10:36:49.998000,,,S,,E,,,,,G,,,,CS,SSKMJJBD,HD,HD,1500,,2,,,,,,2013-10-17,2025-06-30,,,S,C,500,,
13781,02,005266450,13781,005266450,,RTCS,สุทัศน์ โตแจ้ง,1947-06-21,3120200075148,,,,1,,,,,,,,,,,,,,,,,,,,,,,,,,,,2020-09-21 14:11:57.999000,,,D,,E,,,,,G,2,H,,C,CN895Q,,,2000,,,,,,,,2017-04-19,2020-09-18,,,,,0,,
13781,02,005158805,13781,005158805,,RTCS,สมถวิล ฉลูกัลป์,1961-06-03,3230100484185,,,,2,,,,,,,,,,,,,,,,,,,,,,,,,,,,2021-10-07 10:09:21,,,O,,E,,,,,,,H,,C,M8H9FN,,,2000,,,,,,,,2016-07-07,2021-10-03,,,,,0,,
13781,02,004604543,24972,56-00028,,RTUC,อำนวย กันลา,,3410400740053,,,,1,,,,,,,,,,,,,,,,,,,,,,,,,,,,2017-06-19 17:05:31.999000,,,C,,E,,,,,G,,3,,,HDEKDUX3,HD,HD,1500,,7,,,,,O,2017-04-08,2017-06-19,,,,,0,,
13781,02,005004896,13781,005004896,,RTCS,ทองหยด รุ่งเรือง,1955-03-19,3120101128545,,,,1,,,,,,,,,,,,,,,,,,,,,,,,,,,,2018-10-31 09:57:42,,,D,,E,,,,,,,H,,C,J56UUD,,,2000,,,,,,,,2015-05-25,2018-09-18,,,,,0,,
13781,02,003977071,13781,003977071,,RTCS,สุขศรี  โทวิชา,1931-09-01,3102002375791,,,,2,,,,,,,,,,,,,,,,,,,,,,,,,,,,2021-12-20 15:43:31.998000,,,D,,E,,,,,,,H,,C,CUTHT4,,,2000,,,,,,,,2008-11-05,2021-12-18,,,,,0,,
13781,,005213550,13781,005213550,,RTCS,วรพจน์ เดชดนู,1963-09-09,3101900387607,,,,1,,,,,,,,,,,,,,,,,,,,,,,,,,,,2020-02-05 15:30:22,,,,,U,,,,,,,H,,C,G9E2VD,,,2000,,,,,,,,2019-03-04,2099-12-31,,,,,0,,
13781,02,005071201,13781,005071201,,RTCS,ชลอ แจ่มแจ้ง,1950-12-04,3140800014824,,,,2,,,,,,,,,,,,,,,,,,,,,,,,,,,,2019-05-24 13:14:25.998000,,,D,,E,,,,,,,H,,C,CY77PF,,,2000,,,,,,,,2015-11-14,2019-05-18,,,,,0,,
13781,02,004383697,23880,876/46,,RTUC,กฤษดา บิกสุวรรณ,,1100800266789,,,,1,,,,,,,,,,,,,,,,,,,,,,,,,,,,2017-07-03 17:30:40,,,C,,E,,,,,G,,3,,,HDD4EGAH,HD,HD,1500,,2,,,,,O,2017-04-18,2017-06-24,,,,,0,,
13781,02,000182977,13781,000182977,,RTCS,ชูพร สุขสว่าง,1929-12-04,3101500016342,,,,2,,,,,,,,,,,,,,,,,,,,,,,,,,,,2019-06-06 09:53:36,,,D,,E,,,,1,,,H,,C,ยธ0703/4,,,2000,,,,,,,,2006-03-16,2019-06-03,,,,,0,,
13781,02,004837120,13781,004837120,,RTCS,สมชาย สุพันธุ์วณิช,1933-11-20,3100203375606,,,,1,,,,,,,,,,,,,,,,,,,,,,,,,,,,2019-12-18 16:51:05,,,D,,E,,,,,,,H,,C,H5PQPT,,,2000,,,,,,,,2014-02-03,2019-12-18,,,,,0,,
13781,02,005049466,13781,005049466,,RTCS,วรเสริฐ พรินทร์,1950-12-06,3749800121356,,,,1,,,,,,,,,,,,,,,,,,,,,,,,,,,,2017-07-17 17:35:01,,,C,,E,,,,,,,H,,C,B67JLB,,,2000,,,,,,,,2015-10-08,2017-07-18,,,,,0,,
13781,,004808053,13781,004808053,,RTCS,ลำยอง เต็มตุ่ม,1952-11-13,3100202118065,,,,1,,,,,,,,,,,,,,,,,,,,,,,,,,,,2024-03-19 15:44:43,,,D,,E,,,,,,,H,,C,Q37SX8,,,2000,,,,,,,,2022-03-19,2024-03-18,,,,,0,,
13781,02,004469175,13781,004469175,,RTCS,ผล จันทร์วงษา,1940-10-03,5120100056318,,,,2,,,,,,,,,,,,,,,,,,,,,,,,,,,,2019-05-07 13:38:32.998000,,,D,,E,,,,,,,H,,C,BHY9VL,,,2000,,,,,,,,2010-10-21,2019-05-03,,,,,0,,
13781,02,003948402,13781,003948402,,RTSS,อรวรรณ อังกูรภรภัทร,1985-07-22,1100800176089,,,,2,,,,,,,,,,,,,,,,,,,,,,,,,,,,2019-12-03 14:49:34,,,,,,,,,,G,,,,,SSHGW4W8,HD,HD,1500,,2,,,,,,2014-09-23,,,,,,0,,
13781,02,004340728,12044,016118-52,,RTUC,ชาตรี ชูแก้ว,,3140100076037,,,,1,,,,,,,,,,,,,,,,,,,,,,,,,,,,2017-04-25 17:00:44,,,U,,E,,,,,G,,3,,,HDE2T2WG,HD,HD,1500,,2,,,,,O,2017-04-25,2022-12-31,,,,,0,,
13781,02,003913178,13781,003913178,,RTCS,ชัยสารสุนทร (สิงห์) ภวภูตานนท์,1937-11-10,4509900010262,,,,1,,,,,,,,,,,,,,,,,,,,,,,,,,,,2021-10-07 10:09:53.999000,,,D,,E,,,,,,,H,,C,H1EZ27,,,2000,,,,,,,,2007-01-15,2021-09-18,,,,,0,,
13781,02,004925613,13781,004925613,,RTSS,นิติกรณ์ ทองหยด,1976-11-26,3730100268054,,,,1,,,,,,,,,,,,,,,,,,,,,,,,,,,,2023-09-06 13:04:40.998000,,,D,,E,,,,,G,,,,,SSMKBSJF,HD,HD,1500,,2,,,,,,2014-09-24,2023-08-26,,,,,0,,
13781,02,005172565,13781,005172565,,RTCS,อุดม สนธิศักดิ์,1961-05-12,3102400555391,,,,1,,,,,,,,,,,,,,,,,,,,,,,,,,,,2021-10-19 09:49:53,,,,,U,,,,,,,H,,C,EX5Q9D,,,2000,,,,,,,,2021-10-19,2099-12-31,,,,,0,,
13781,02,003999956,13781,003999956,,RTCS,ธงชัย ดาผิวดี,1955-02-28,3101401734867,,,,1,,,,,,,,,,,,,,,,,,,,,,,,,,,,2023-10-04 09:50:14.999000,,,D,,E,,,,,,,H,,C,D32MMB,,,2000,,,,,,,,2006-12-28,2023-10-03,,,,,0,,
13781,02,004784949,13781,004784949,,RTCS,สมศักดิ์ วัชรพันธุ์,1954-06-02,3101400647464,,,,2,,,,,,,,,,,,,,,,,,,,,,,,,,,,2018-02-02 19:16:55.998000,,,D,,E,,,,,,,H,,C,BL5YHK,,,2000,,,,,,,,2013-08-19,2018-02-03,,,,,0,,
13781,02,004255328,13781,004255328,,RTCS,งามชัย โสมย์ไพศาลศิลป์,1943-02-24,3101700830230,,,,1,,,,,,,,,,,,,,,,,,,,,,,,,,,,2017-06-18 15:14:50,,,C,,E,,,,,,,H,,C,JWW485,,,2000,,,,,,,,2008-12-02,2017-06-19,,,,,0,,
13781,02,005213590,11470,600024251,,RTUC,วิลัย ทองขาว,,3100601325196,,,,2,,,,,,,,,,,,,,,,,,,,,,,,,,,,2017-11-02 11:52:04,,,C,,E,,,,,G,,3,,,HDJ33GLN,HD,HD,1500,,2,,,,,O,2017-04-28,2017-10-29,,,,,0,,
13781,02,003143671,13781,003143671,,RTUC,ธีระพจน์ วัฒนสุรีย์พจน์,,3120101826943,,,,1,,,,,,,,,,,,,,,,,,,,,,,,,,,,2017-05-01 15:29:08,,,U,,E,,,,,G,,H,,,UCA26X7F,HD,HD,0,,6,,,,,O,2017-02-27,2022-12-31,,,,,0,,
13781,02,005108861,13781,005108861,,RTCS,ณรงค์ ชุตินันทกุล,1945-01-05,3801200777422,,,,1,,,,,,,,,,,,,,,,,,,,,,,,,,,,2025-04-18 13:40:24.998000,,,D,,E,,,,,,,H,,C,G57B85,,,2000,,,,,,,,2016-03-22,2025-04-07,,,,,0,,
13781,02,004485600,13781,004485600,,"RTSS,RTSS",สุชาติ ชลชีวะ,,3249900277727,,,,1,,,,,,,,,,,,,,,,,,,,,,,,,,,,2022-11-01 12:03:45.999000,,,,,,,,,,G,,,,,SSLNRDKQ,HD,HD,1500,,2,,,,,,2012-10-15,,,,,,0,,
13781,,005204649,13781,005204649,,RTCS,พรรณพร แซ่โค้ว,1930-02-05,3330800386355,,,,2,,,,,,,,,,,,,,,,,,,,,,,,,,,,2018-10-31 09:57:42,,,D,,E,,,,,,,H,,C,CE232A,,,2000,,,,,,,,2017-04-27,2018-07-18,,,,,0,,
13781,02,004421302,13781,004421302,,RTCS,ประเสริฐ เปี่ยมสิน,1941-06-01,3180600548981,,,,1,,,,,,,,,,,,,,,,,,,,,,,,,,,,2021-06-10 13:54:30.998000,,,D,,E,,,,,,,H,,C,FQCDYJ,,,2000,,,,,,,,2010-04-02,2021-06-03,,,,,0,,
13781,02,003918170,13781,003918170,,RTCS,ราตรี โออุไร,1955-10-13,3530300285302,,,,2,,,,,,,,,,,,,,,,,,,,,,,,,,,,2022-10-19 12:38:03,,,D,,E,,,,,,,H,,C,EXYN5N,,,2000,,,,,,,,2007-05-11,2022-10-18,,,,,0,,
13781,02,001387687,13781,001387687,,RTCS,บุญช่วย โพธิกุล,1931-01-01,3101400348246,,,,1,,,,,,,,,,,,,,,,,,,,,,,,,,,,2022-06-06 13:10:20.998000,,,D,,E,,,,1,,,H,,C,,,,2000,,,,,,,,2004-02-24,2022-06-03,,,,,0,,
13781,,005247904,13781,005247904,,RTCS,ชาญวุฒิ ศรีสุข,1959-12-06,3120101160317,,,,1,,,,,,,,,,,,,,,,,,,,,,,,,,,,2019-07-31 16:28:13,,,,,V,,,,,,,H,,C,CH3K2V,,,2000,,,,,,,,2017-04-18,2099-12-31,,,,,0,,
13781,02,004957082,13781,004957082,,RTSS,สมหมาย เชี่ยวชูกุล,1967-02-01,3740300452916,,,,2,,,,,,,,,,,,,,,,,,,,,,,,,,,,2022-04-05 10:38:24.998000,,,D,,E,,,,,G,,,,,SSCHP7HX,HD,HD,1500,,2,,,,,,2013-10-10,2022-08-31,,,,,0,,
13781,02,004437779,13781,004437779,,RTCS,ไมตรี คำแสง,1959-11-05,3451000918654,,,,,,,,,,,,,,,,,,,,,,,,,,,,,,,,2021-07-19 11:34:02.998000,,,W,,E,,,W,,G,,,,,,,,2000,,,,,,,,2019-05-03,2021-07-18,,,,,0,,
13781,02,003269847,13781,003269847,,RTCS,สิงห์ คุ้มฤทธิ์,1945-12-05,4100200062621,,,,1,,,,,,,,,,,,,,,,,,,,,,,,,,,,2019-07-04 09:33:58,,,O,,E,,,,,,,H,,C,H7XGSH,,,2000,,,,,,,,2009-10-20,2019-07-03,,,,,0,,
13781,02,004849338,13781,004849338,,RTCS,สรรเสริญ ศิริวงษ์,1952-07-22,3140500167404,,,,1,,,,,,,,,,,,,,,,,,,,,,,,,,,,2017-06-02 17:36:23,,,C,,E,,,,,,,H,,C,HZ4PXZ,,,2000,,,,,,,,2014-03-03,2017-06-05,,,,,0,,
13781,02,004910540,13781,004910540,,RTCS,นิยม บุปผะโก,1948-06-01,5101599051982,,,,1,,,,,,,,,,,,,,,,,,,,,,,,,,,,2022-02-04 09:28:46,,,O,,E,,,,,,,H,,C,B2E5YM,,,2000,,,,,,,,2021-04-04,2022-02-03,,,,,0,,
13781,02,003366385,16529,0023,,RTUC,สุนทร อังควัฒนะพงษ์,1934-01-01,3101300009164,,,,1,,,,,,,,,,,,,,,,,,,,,,,,,,,,2017-06-02 13:56:57,,,C,,E,,,,,G,,3,,,HDJ2QD8X,HD,HD,1500,,7,,,,,O,2017-05-13,2017-05-30,,,,,0,,
13781,02,004863865,13781,004863865,,RTCS,ประเสริฐ เกียรติประวัติ,1941-04-09,3100600106636,,,,1,,,,,,,,,,,,,,,,,,,,,,,,,,,,2019-07-18 14:48:22,,,D,,E,,,,,,,H,,C,HYM9ZP,,,2000,,,,,,,,2014-05-22,2019-07-18,,,,,0,,
13781,02,004357332,13781,004357332,,RTCS,เจือ ธรรมศักดากร,1937-07-01,3120300310653,,,,1,,,,,,,,,,,,,,,,,,,,,,,,,,,,2017-11-18 12:15:05.998000,,,C,,E,,,,,,,H,,C,CFCPUM,,,2000,,,,,,,,2009-08-10,2017-11-20,,,,,0,,
13781,,005118090,13781,005118090,,RTCS,พงศักดิ์ ศิริพิพัฒน์,1956-03-31,3240400236047,,,,1,,,,,,,,,,,,,,,,,,,,,,,,,,,,2019-07-31 16:28:13,,,,,V,,,,,,,H,,C,G89T4H,,,2000,,,,,,,,2016-03-10,2099-12-31,,,,,0,,
13781,02,002460486,13781,002460486,,RTCL,สมนึก ม่วงมณี,1937-03-04,3102201803025,,,,1,,,,,,,,,,,,,,,,,,,,,,,,,,,,2018-02-17 16:56:13.998000,,,O,,E,,,,,,,H,,,Q5ZQ9S,,,2000,,,,,,,,2011-06-15,2018-02-19,,,,,0,,
13781,02,004863981,22127,126027,,RTUC,กาญจนา สีเขียว,,3120100172303,,,,2,,,,,,,,,,,,,,,,,,,,,,,,,,,,2017-07-18 14:56:41.998000,,,C,,E,,,,,G,,3,,,HDK22FPD,HD,HD,1500,,2,,,,,R,2017-05-14,2017-07-08,,,,,0,,
13781,,003132145,13781,003132145,,RTCS,มนัส สุวรรณวาทิน,1941-07-07,3101600468083,,,,1,,,,,,,,,,,,,,,,,,,,,,,,,,,,2019-07-31 16:28:13,,,,,V,,,,,,,H,,C,SPS1KB,,,2000,,,,,,,,2006-03-14,2099-12-31,,,,,0,,
13781,02,004319042,13781,004319042,,"RTSS,RTSS",ดลนภา แต้มแก้ว,1988-01-26,1909800261885,,,,2,,,,,,,,,,,,,,,,,,,,,,,,,,,,2021-05-03 15:47:16.999000,,,D,,E,,,,,G,,,,,SSKHWI94,HD,HD,1500,,2,,,,,,2016-09-12,2021-03-14,,,,,0,,
13781,02,004201119,13781,004201119,,RTCS,รวีโรจน์ ฐานิตสรณ์,1959-06-20,3129800076160,,,,1,,,,,,,,,,,,,,,,,,,,,,,,,,,,2017-08-02 15:50:33.998000,,,C,,E,,,,,,,H,,C,K2PVC8,,,2000,,,,,,,,2009-09-10,2017-08-03,,,,,0,,
13781,02,003690263,77664,56368/49,,RTUC,เชือน ขันแก้ว,,4240500002739,,,,1,,,,,,,,,,,,,,,,,,,,,,,,,,,,2017-05-23 14:00:03.998000,,,U,,E,,,,,G,,3,,,HDHFFPYJ,HD,HD,1500,,4,,,,,O,2017-05-23,2022-12-31,,,,,0,,
13781,,001882810,13781,001882810,,RTCS,ประดิษฐ์ ปานเอม,1932-05-21,3100203581605,,,,1,,,,,,,,,,,,,,,,,,,,,,,,,,,,2017-07-17 17:35:01,,,C,,E,,,,1,,,H,,C,,,,2000,,,,,,,,2004-12-09,2017-07-18,,,,,0,,
13781,02,003015571,13781,003015571,,RTCS,สมศักดิ์ ศิริศักดิ์โสภา,1950-07-02,3100100088906,,,,1,,,,,,,,,,,,,,,,,,,,,,,,,,,,2019-07-31 16:28:13,,,,,V,,,,,,,H,,C,J3RQ90,,,2000,,,,,,,,2006-11-24,2099-12-31,,,,,0,,
13781,,004133245,13781,004133245,,RTCS,วีระพร ศรีอ่อนนวล,1951-04-20,4841700001715,,,,1,,,,,,,,,,,,,,,,,,,,,,,,,,,,2024-11-19 13:50:33.999000,,,D,,E,,,,,,,H,,C,MFEXCE,,,2000,,,,,,,,2008-02-26,2024-11-11,,,,,0,,
13781,02,004961463,13781,004961463,,RTCS,ชัยรัตน์ กองแก้ว,1965-06-25,5101299033661,,,,1,,,,,,,,,,,,,,,,,,,,,,,,,,,,2019-07-31 16:28:13,,,,,V,,,,,,,H,,C,FPCPJQ,,,2000,,,,,,,,2015-01-15,2099-12-31,,,,,0,,
13781,02,005136573,11828,58-06255,,RTUC,นัยนา เกิดคล้าย,,3600700376363,,,,2,,,,,,,,,,,,,,,,,,,,,,,,,,,,2017-11-02 11:52:04,,,C,,E,,,,,G,,3,,,HDHLQ28V,HD,HD,1500,,4,,,,,O,2017-06-01,2017-10-18,,,,,0,,
13781,02,004329455,13781,004329455,,RTCS,อนุรักษ์ บรรเทาแสง,1933-07-12,3102000113391,,,,2,,,,,,,,,,,,,,,,,,,,,,,,,,,,2023-08-04 13:10:19,,,D,,E,,,,,,,H,,C,QD7C33,,,2000,,,,,,,,2009-05-20,2023-08-03,,,,,0,,
13781,02,004308764,13781,004308764,,RTCS,ประทีป นรเทพกิตติ,1926-07-01,3100101030847,,,,1,,,,,,,,,,,,,,,,,,,,,,,,,,,,2019-02-21 09:19:24,,,D,,E,,,,,,,H,,C,MRDGHK,,,2000,,,,,,,,2009-04-23,2019-02-18,,,,,0,,
13781,02,003226328,13781,003226328,,RTUC,ภูธร สมทอง,,3340400649901,,,,1,,,,,,,,,,,,,,,,,,,,,,,,,,,,2017-10-02 12:06:53,,,C,,E,,,,,G,,H,,,UCHMSGQA,HD,HD,1500,,2,,,,,O,2017-05-25,2017-09-28,,,,,0,,
13781,02,001527858,13781,001527858,,"RTSS,RTSS",กรินทร์ ผ่องจิตร์,,1102099003201,,,,1,,,,,,,,,,,,,,,,,,,,,,,,,,,,2020-04-25 09:45:51.998000,,,,,,,,,,G,,,,,SSKZ5FRN,HD,HD,1500,,2,,,,,,2017-04-10,,,,,,0,,
13781,02,002306725,13781,002306725,,RTCS,ละเอียด สว่างฉาย,1937-03-10,3101400721800,,,,2,,,,,,,,,,,,,,,,,,,,,,,,,,,,2018-05-03 13:02:11,,,D,,E,,,,,,,H,,C,G3Q575,,,2000,,,,,,,,2007-03-13,2018-05-03,,,,,0,,
13781,02,005285624,13781,005285624,,RTSS,ศุภกร ฉัตรภิรมย์เดช,1963-09-12,5102499022132,,,,1,,,,,,,,,,,,,,,,,,,,,,,,,,,,2017-11-18 12:41:18.998000,,,C,,E,,,,,G,,,,,SSBXU3W0,HD,HD,1500,,2,,,,,,2013-05-21,2017-07-29,,,,,0,,
13781,02,004230959,13781,004230959,,RTCS,สา วรรณวงษ์,1949-11-09,3330900244820,,,,2,,,,,,,,,,,,,,,,,,,,,,,,,,,,2018-10-31 09:57:42,,,D,,E,,,,,,,H,,C,DTX9GY,,,2000,,,,,,,,2008-07-22,2018-08-18,,,,,0,,
13781,02,004193554,13781,004193554,,RTCS,วิชัย เจียมเจริญ,1959-01-15,3700500213095,,,,1,,,,,,,,,,,,,,,,,,,,,,,,,,,,2019-02-07 11:41:34,,,D,,E,,,,,,,H,,C,B23TCT,,,2000,,,,,,,,2017-06-09,2019-02-03,,,,,0,,
13781,02,005293236,13781,005293236,,RTCS,สมใจ พันธ์จันทร์,1965-02-18,3330500434168,,,,2,,,,,,,,,,,,,,,,,,,,,,,,,,,,2019-07-31 16:28:14,,,,,,,,,,,,H,,C,E647E9,,,2000,,,,,,,,2017-06-12,2099-12-31,,,,,0,,
13781,02,004783705,13781,004783705,,RTCS,ยุพิน เอี่ยมละออ,1935-10-14,3710600555931,,,,2,,,,,,,,,,,,,,,,,,,,,,,,,,,,2018-05-03 13:02:11,,,D,,E,,,,,,,H,,C,GVJV4C,,,2000,,,,,,,,2013-08-05,2018-05-03,,,,,0,,
13781,,004495377,13781,004495377,,RTCS,อนันต์ ขำมะโน,1938-01-01,3101402290938,,,,1,,,,,,,,,,,,,,,,,,,,,,,,,,,,2020-01-07 11:33:02,,,D,,E,,,,,,,H,,C,L6JGF9,,,2000,,,,,,,,2011-01-14,2020-01-03,,,,,0,,
13781,02,003034777,13781,003034777,,RTCS,สนั่น ขาวสอาด,1922-05-10,3770400299281,,,,1,,,,,,,,,,,,,,,,,,,,,,,,,,,,2017-09-17 16:15:18.998000,,,C,,E,,,,,,,H,,C,Y6W2T1,,,2000,,,,,,,,2005-11-10,2017-09-18,,,,,0,,
13781,02,004486816,10699,51-016561,,RTUC,คำพอง วงษ์ประยูร,,3250400227862,,,,2,,,,,,,,,,,,,,,,,,,,,,,,,,,,2018-02-19 13:47:35.999000,,,D,,E,,,,,G,,H,,,HDF35XWJ,HD,HD,1500,,2,,,,,O,2017-06-20,2018-02-11,,,,,0,,
13781,02,003036919,13781,003036919,,RTCS,สะอาด วังเทียน,1956-06-01,3341600247760,,,,2,,,,,,,,,,,,,,,,,,,,,,,,,,,,2023-08-04 13:10:20,,,D,,E,,,,,,,H,,C,L1E4B1,,,2000,,,,,,,,2019-11-19,2023-08-03,,,,,0,,
13781,02,004621522,13781,004621522,,RTSS,ปณิชา สุวรรณนาค,1976-06-25,3729900242937,,,,2,,,,,,,,,,,,,,,,,,,,,,,,,,,,2024-04-02 15:10:18.999000,,,,,,,,,,G,,,,,SSJMMVCY,HD,HD,1500,,2,,,,,,2012-10-15,,,,,,0,,
13781,02,004699325,13781,004699325,,RTUC,อัยรดา บุญยี่,,1249900423883,,,,2,,,,,,,,,,,,,,,,,,,,,,,,,,,,2017-08-17 15:23:00.998000,,,C,,E,,,,,G,,H,,,UCC2MF2G,HD,HD,1500,,2,,,,,O,2016-12-19,2017-08-04,,,,,0,,
13781,02,004590830,13781,004590830,,RTCS,อำไพ นิยมรัตน์,1949-10-20,3540400174405,,,,2,,,,,,,,,,,,,,,,,,,,,,,,,,,,2019-07-31 16:28:14,,,,,V,,,,,,,H,,C,KHBBX6,,,2000,,,,,,,,2012-03-28,2099-12-31,,,,,0,,
13781,02,005082863,13781,005082863,,RTSS,สุรพล บุญสุข,,3250400912042,,,,1,,,,,,,,,,,,,,,,,,,,,,,,,,,,2017-06-26 16:33:54,,,,,,,,,,G,,,,,SSE50ULH,HD,HD,1500,,2,,,,,,2014-06-10,,,,,,0,,
13781,02,005270830,13781,005270830,,RTCS,เสน่ห์ ปานจันทร์,1936-08-01,3700400304111,,,,1,,,,,,,,,,,,,,,,,,,,,,,,,,,,2019-04-19 14:26:31.998000,,,D,,E,,,,,,,H,,C,BU8UVB,,,2000,,,,,,,,2017-04-07,2019-04-18,,,,,0,,
13781,02,000438616,13781,000438616,,RTCS,วิชิต ปิยกุละวัฒน์,1942-12-26,3101400378030,,,,1,,,,,,,,,,,,,,,,,,,,,,,,,,,,2025-10-21 13:08:36,,,D,,E,,,,,,,H,,C,CI6Z02,,,2000,,,,,,,,2006-10-17,2025-10-20,,,,,0,,
13781,,004079208,13781,004079208,,RTCS,มาโนชญ์ พิทักษ์ตันสกุล,1938-07-01,3240600102851,,,,1,,,,,,,,,,,,,,,,,,,,,,,,,,,,2023-02-13 13:11:35.998000,,,D,,E,,,,,,,H,,C,M3XS9N,,,2000,,,,,,,,2007-03-13,2023-02-03,,,,,0,,
13781,02,004067740,13781,004067740,,RTCS,วีรพงษ์ อุ่นใจ,1979-10-10,3550600186733,,,,1,,,,,,,,,,,,,,,,,,,,,,,,,,,,2019-07-31 16:28:14,,,,,V,,,,,,,H,,C,I3VDKT,,,2000,,,,,,,,2007-02-01,2099-12-31,,,,,0,,
13781,02,004772746,13781,004772746,,RTCS,ถาวร ถุงเงิน,1965-01-08,3679900011201,,,,2,,,,,,,,,,,,,,,,,,,,,,,,,,,,2020-12-07 16:47:00,,,D,,E,,,,,,,H,,C,JDCP7Z,,,2000,,,,,,,,2013-07-12,2020-12-03,,,,,0,,
13781,02,004878551,13781,004878551,,RTCS,เจียม บรรจงศิลป,1925-02-01,3100603302703,,,,2,,,,,,,,,,,,,,,,,,,,,,,,,,,,2017-08-02 15:50:33.998000,,,C,,E,,,,,,,H,,C,HM475V,,,2000,,,,,,,,2014-05-26,2017-08-03,,,,,0,,
13781,02,003974575,13781,003974575,,RTCS,สุขุม พิชัย,1957-09-28,3100201913856,,,,1,,,,,,,,,,,,,,,,,,,,,,,,,,,,2025-05-07 08:05:29.998000,,,D,,E,,,,,,,H,,C,H7T6JN,,,2000,,,,,,,,2007-04-05,2025-05-05,,,,,0,,
13781,02,005225172,13781,005225172,,RTCL,ประสิทธิ์ พ่วงศรีรักษา,1967-06-26,3620100516164,,,,1,,,,,,,,,,,,,,,,,,,,,,,,,,,,2023-05-08 08:15:16.998000,,,,,E,,,,,,,H,,,Q7LHQC,,,2000,,,,,,,,2016-12-06,2022-09-30,,,,,0,,
13781,02,002921551,22283,310140229,,RTUC,สมศรี โอสถานนท์,,3101402291535,,,,2,,,,,,,,,,,,,,,,,,,,,,,,,,,,2017-07-06 17:00:44,,,U,,E,,,,,G,,3,,,HDH3RGW5,HD,HD,1500,,2,,,,,O,2017-07-06,2022-12-31,,,,,0,,
13781,02,004190239,13781,004190239,,RTCL,ปราณี สุวรรณะโสภณ,1948-03-08,3100602754228,,,,2,,,,,,,,,,,,,,,,,,,,,,,,,,,,2018-02-17 16:56:13.998000,,,O,,E,,,,,,,H,,,QXS73G,,,2000,,,,,,,,2008-07-04,2018-02-19,,,,,0,,
13781,02,005186335,27972,069,,RTUC,ไพรัตน์ พูลน้อย,,3200100681347,,,,2,,,,,,,,,,,,,,,,,,,,,,,,,,,,2017-07-07 08:30:04.998000,,,U,,E,,,,,G,,3,,,HDL25UZE,HD,HD,1500,,7,,,,,O,2017-06-14,2022-12-31,,,,,0,,
13781,02,005047518,13781,005047518,,RTSS,ธีรพล ประเสริฐจิตร,,1100900087681,,,,1,,,,,,,,,,,,,,,,,,,,,,,,,,,,2017-07-07 06:45:45.998000,,,,,,,,,,G,,,,,SSGR6RXY,HD,HD,1500,,2,,,,,,2014-03-16,,,,,,0,,
13781,02,005016302,11543,775631,,RTUC,โง้วย่งเฮียะ แซ่โง้ว,,3100700054701,,,,1,,,,,,,,,,,,,,,,,,,,,,,,,,,,2017-07-07 12:00:06,,,U,,E,,,,,G,,3,,,HDG3HUML,HD,HD,1500,,2,,,,,R,2017-07-07,2022-12-31,,,,,0,,
13781,02,000217330,22525,9894/60,,RTUC,พรนิภา ปรีชาวัฒน์,,3101401981970,,,,2,,,,,,,,,,,,,,,,,,,,,,,,,,,,2017-07-14 10:10:48,,,,,X,,,,,G,,3,,,HDJ2G9W3,HD,HD,1500,,2,,,,,O,2017-07-13,2017-07-18,,,,,0,,
13781,,002583112,13781,002583112,,RTCS,สมาน สันติกูล,1926-03-24,3100502910716,,,,1,,,,,,,,,,,,,,,,,,,,,,,,,,,,2021-05-18 16:06:58,,,D,,E,,,,,,,H,,C,ADBBH3,,,2000,,,,,,,,2007-06-20,2021-05-18,,,,,0,,
13781,02,002173308,22525,9894/60,,RTUC,พรนิภา ปรีชาวัฒน์,,3101401981970,,,,2,,,,,,,,,,,,,,,,,,,,,,,,,,,,2017-07-14 10:10:48,,,,,V,,,,,,,H,,,HDJ2G9W3,HD,HD,1500,,2,,,,,O,2017-07-13,,,,,,0,,
13781,02,004507887,13781,004507887,,RTCS,สุบิน รักษี,1958-09-26,3711000007993,,,,2,,,,,,,,,,,,,,,,,,,,,,,,,,,,2019-07-31 16:28:15,,,,,V,,,,,,,H,,C,JKUFZF,,,2000,,,,,,,,2011-03-01,2099-12-31,,,,,0,,
13781,02,003347830,13781,003347830,,RTCS,ลัดดา วิชัยดิษฐ,1933-06-03,3829800101893,,,,2,,,,,,,,,,,,,,,,,,,,,,,,,,,,2020-06-04 15:59:30.999000,,,D,,E,,,,,,,H,,C,XEPAKB,,,2000,,,,,,,,2006-03-08,2020-06-03,,,,,0,,
13781,,003621800,13781,003621800,,RTCS,สมัย คันธจันทร์,1946-09-11,3101800522910,,,,1,,,,,,,,,,,,,,,,,,,,,,,,,,,,2025-04-03 11:41:58.998000,,,D,,E,,,,,,,H,,C,D3C0NW,,,2000,,,,,,,,2006-12-26,2025-03-24,,,,,0,,
13781,02,004746829,13781,004746829,,"RTSS,RTSS",วัชรเกียรติ์ พรประสิทธิ์,,1120600165709,,,,1,,,,,,,,,,,,,,,,,,,,,,,,,,,,2021-01-19 12:43:43,,,,,,,,,,G,,,,,SSMIETXP,HD,HD,1500,,2,,,,,,2017-05-11,,,,,,0,,
13781,02,001239343,10692,0301226,,RTUC,สำเริง นาคสุทธิ,,3180500645373,,,,2,,,,,,,,,,,,,,,,,,,,,,,,,,,,2018-01-23 09:57:20,,,,,X,,,,,G,,3,,,HDF32VNE,HD,HD,1500,,4,,,,,O,2017-07-25,2018-02-03,,,,,0,,
13781,02,005185510,13781,005185510,,RTSS,สุภาพร วิเศษสถาพร,,3570101682743,,,,2,,,,,,,,,,,,,,,,,,,,,,,,,,,,2017-07-25 17:40:35.998000,,,,,,,,,,G,,,,,SSDWMGC2,HD,HD,1500,,2,,,,,,2016-10-12,,,,,,0,,
13781,02,001818586,13781,001818586,,RTSS,เจริญ สิรจันทร์สว่าง,1951-09-14,3101400285121,,,,1,,,,,,,,,,,,,,,,,,,,,,,,,,,,2022-02-17 15:38:28.998000,,,D,,E,,,,,G,,,,,SSCC2K5Q,HD,HD,1500,,2,,,,,,2016-04-01,2022-01-18,,,,,0,,
13781,02,004267552,13781,004267552,,RTCS,รัชนีวรรณ ปะทะยศ,1947-04-13,3100601642531,,,,2,,,,,,,,,,,,,,,,,,,,,,,,,,,,2019-07-31 16:28:15,,,,,V,,,,,,,H,,C,G5KTRA,,,2000,,,,,,,,2012-05-16,2099-12-31,,,,,0,,
13781,02,004794719,13781,004794719,,RTCS,ชำนาญ ชูเรือง,1963-10-22,3110101685479,,,,1,,,,,,,,,,,,,,,,,,,,,,,,,,,,2019-07-31 16:28:15,,,,,V,,,,,,,H,,C,HZBSZ4,,,2000,,,,,,,,2013-09-10,2099-12-31,,,,,0,,
13781,02,002943697,13781,002943697,,RTCS,นงเยาว์ นิ่มสงวน,1954-05-10,3110100188048,,,,2,,,,,,,,,,,,,,,,,,,,,,,,,,,,2019-07-31 16:28:15,,,,,V,,,,,,,H,,C,F73ZZJ,,,2000,,,,,,,,2009-09-25,2099-12-31,,,,,0,,
13781,02,005053365,40890,201600492,,RTUC,กาญจนา แตมสำราญ,,3100902245370,,,,2,,,,,,,,,,,,,,,,,,,,,,,,,,,,2017-08-01 17:51:13,,,,,,,,,2,G,,1,,,HEB3LA8E,HD,HD,1500,,2,,,,,O,2016-04-26,,,,,,0,,
13781,02,004506482,13781,004506482,,RTSS,ศุภชัย เตชพิสมัย,,3101702331711,,,,1,,,,,,,,,,,,,,,,,,,,,,,,,,,,2017-08-02 11:08:41,,,,,,,,,,G,,,,,SSCB7VQH,HD,HD,1500,,2,,,,,,2012-10-15,,,,,,0,,
13781,,004991799,13781,004991799,,RTCS,สวัสดิ์ ถนัดค้า,1953-03-07,3240100237153,,,,1,,,,,,,,,,,,,,,,,,,,,,,,,,,,2019-07-31 16:28:15,,,,,V,,,,,,,H,,C,ID72VD,,,2000,,,,,,,,2015-04-20,2099-12-31,,,,,0,,
13781,02,005221903,11626,4407/57,,RTUC,ศรัณธร สีสมาน,,3101700825279,,,,2,,,,,,,,,,,,,,,,,,,,,,,,,,,,2017-08-03 10:38:29,,,U,,E,,,,,G,,3,,,HDF43SQW,HD,HD,1500,,4,,,,,O,2017-08-03,2022-12-31,,,,,0,,
13781,,002200767,13781,002200767,,RTCS,สุวิมล จิรวัฒนาพงศ์,1937-07-01,3909800166871,,,,2,,,,,,,,,,,,,,,,,,,,,,,,,,,,2019-07-31 16:28:15,,,,,V,,,,,,,H,,C,J3A2WQ,,,2000,,,,,,,,2006-10-16,2099-12-31,,,,,0,,
13781,02,005112304,13781,005112304,,RTSS,ธีระ วิรุณราช,,3240700016727,,,,1,,,,,,,,,,,,,,,,,,,,,,,,,,,,2017-08-09 13:10:48,,,,,,,,,,G,,,,,SSML8F6F,HD,HD,1500,,2,,,,,,2015-09-30,,,,,,0,,
13781,02,004779009,10743,49-03018,,RTUC,วาสนา คงบางปอ,,4920600001746,,,,2,,,,,,,,,,,,,,,,,,,,,,,,,,,,2017-08-24 09:42:15,,,,,X,,,,,G,,H,,,HDA39G38,HD,HD,1500,,7,,,,,O,2017-08-09,2017-09-04,,,,,0,,
13781,02,005308353,10663,69113,08908923,RTCS,เปี่ยม นริสสะโร,1944-05-02,3219900256151,,,,1,,,,,,,,,,,,,,,,,,,,,,,,,,,,2017-08-09 14:32:38,,,,,U,,,,2,G,2,2,,C,HRD4A7MQ,,,2000,,,,,,,O,2005-10-17,2018-10-17,,,,,0,,
13781,02,004305819,13781,004305819,,RTCS,มาลี มีศรี,1942-01-01,3102101080081,,,,,,,,,,,,,,,,,,,,,,,,,,,,,,,,2022-06-06 13:10:20,,,D,,E,,,,,,,H,,C,CD56SB,,,2000,,,,,,,,2009-03-07,2022-06-03,,,,,0,,
13781,,004593584,13781,004593584,,RTCS,ทรงพล นุกูลชิต,1945-09-01,3309900089148,,,,1,,,,,,,,,,,,,,,,,,,,,,,,,,,,2018-02-17 16:56:13.998000,,,D,,E,,,,,,,H,,C,APD6DA,,,2000,,,,,,,,2012-02-02,2018-02-19,,,,,0,,
13781,02,004158233,13781,004158233,,RTCS,ชำเลือง วงศ์เกย,1946-12-14,3101202021798,,,,1,,,,,,,,,,,,,,,,,,,,,,,,,,,,2018-10-31 09:57:37.998000,,,D,,E,,,,,,,H,,C,LMB8YJ,,,2000,,,,,,,,2008-04-18,2018-08-18,,,,,0,,
13781,02,005248405,13781,005248405,,RTCS,นิพนธ์ สดงาม,1948-08-07,3191100583282,,,,1,,,,,,,,,,,,,,,,,,,,,,,,,,,,2018-04-17 19:02:34.998000,,,I,,E,,,,,,,H,,C,L6HUGT,,,2000,,,,,,,,2017-02-18,2018-04-18,,,,,0,,
13781,,004545411,13781,004545411,,RTCS,นกแก้ว ทองคำ,1941-01-01,3101701369544,,,,2,,,,,,,,,,,,,,,,,,,,,,,,,,,,2017-10-17 17:04:02.999000,,,C,,E,,,,,,,H,,C,DL34XZ,,,2000,,,,,,,,2011-09-13,2017-10-18,,,,,0,,
13781,02,005127077,13781,005127077,,RTCL,นิพา แซ่ตั้ง,1954-01-01,3129800036630,,,,2,,,,,,,,,,,,,,,,,,,,,,,,,,,,2018-02-17 16:56:13.998000,,,O,,E,,,,,,,H,,,QCVNH4,,,2000,,,,,,,,2016-05-02,2018-02-19,,,,,0,,
13781,02,004581476,13781,004581476,,RTSS,ประภาศรี แซ่แต้,1971-02-11,3749900270663,,,,2,,,,,,,,,,,,,,,,,,,,,,,,,,,,2021-04-21 10:08:36.998000,,,D,,E,,,,,G,,,,,SSHQS6PP,HD,HD,1500,,2,,,,,,2015-05-26,2021-04-07,,,,,0,,
13781,02,004627222,13781,004627222,,RTSS,ชัยยศ วงศ์สถิตย์,1969-09-15,3200101176034,,,,1,,,,,,,,,,,,,,,,,,,,,,,,,,,,2018-07-04 16:59:24,,,D,,E,,,,,G,,,,,SSJHF2I2,HD,HD,1500,,2,,,,,,2012-10-15,2018-06-12,,,,,0,,
13781,02,004125660,13781,004125660,,RTSS,มาลี ควรสนอง,1973-01-25,3120600178203,,,,2,,,,,,,,,,,,,,,,,,,,,,,,,,,,2022-11-21 16:11:48,,,D,,E,,,,,G,,,,,SSEWWSA7,HD,HD,1500,,2,,,,,,2012-10-15,2022-10-10,,,,,0,,
13781,02,005316816,13781,005316816,,RTCS,แดง เกศไตรทิพย์,1939-05-20,3739900107975,,,,1,,,,,,,,,,,,,,,,,,,,,,,,,,,,2018-05-03 13:02:11,,,D,,E,,,,,,,H,,C,FH347D,,,2000,,,,,,,,2017-08-10,2018-05-03,,,,,0,,
13781,02,005278485,13781,005278485,,RTCS,สมศักดิ์ อินเดริส,1951-01-01,3120600829417,,,,1,,,,,,,,,,,,,,,,,,,,,,,,,,,,2025-06-18 14:57:51,,,D,,E,,,,,,,H,,C,C42GFX,,,2000,,,,,,,,2017-04-27,2025-06-16,,,,,0,,
13781,02,004479009,10743,49-03018,,RTUC,วาสนา คงบางปอ,,4920600001746,,,,2,,,,,,,,,,,,,,,,,,,,,,,,,,,,2021-09-07 16:23:49,,,C,,E,,,,,,,H,,,HDA39G38,HD,HD,1500,,7,,,,,O,2017-08-09,2021-09-03,,,,,0,,
13781,02,004869620,13781,004869620,,RTSS,พุ่มพวง เปลี่ยนเดช,,1760700038592,,,,2,,,,,,,,,,,,,,,,,,,,,,,,,,,,2017-08-26 17:26:05,,,,,,,,,,G,,,,,SSMY7LE7,HD,HD,1500,,2,,,,,,2013-03-05,,,,,,0,,
13781,,004083704,13781,004083704,,RTCS,จิรชัย พาพะหม,1942-04-02,3350700073096,,,,1,,,,,,,,,,,,,,,,,,,,,,,,,,,,2020-04-25 12:20:52,,,D,,E,,,,,,,H,,C,EB2PPP,,,2000,,,,,,,,2007-03-22,2020-04-18,,,,,0,,
13781,,005280332,13781,005280332,,RTCS,สมจิตร พบถาวร,1934-04-01,3100100999461,,,,2,,,,,,,,,,,,,,,,,,,,,,,,,,,,2019-04-03 13:50:26.999000,,,D,,E,,,,,,,H,,C,IU2V4T,,,2000,,,,,,,,2017-07-26,2019-04-03,,,,,0,,
13781,02,004224544,13781,004224544,,RTCS,สวรรค์ อาษา,1936-07-01,3250200140551,,,,1,,,,,,,,,,,,,,,,,,,,,,,,,,,,2017-09-17 16:15:18.998000,,,C,,E,,,,,,,H,,C,B5WKA8,,,2000,,,,,,,,2009-01-31,2017-09-18,,,,,0,,
13781,02,003989543,13781,003989543,,RTCS,ทองใบ ผ่านพินิจ,1939-07-01,3100601809428,,,,2,,,,,,,,,,,,,,,,,,,,,,,,,,,,2019-10-22 15:31:41.999000,,,D,,E,,,,,,,H,,C,MZDAN3,,,2000,,,,,,,,2009-03-29,2019-10-18,,,,,0,,
13781,02,002388368,13781,002388368,,RTCS,ศรีศักดิ์ กิจวรวาณิช,1955-04-01,3100502462128,,,,1,,,,,,,,,,,,,,,,,,,,,,,,,,,,2025-10-21 13:08:14.998000,,,D,,E,,,,,,,H,,C,F6C93P,,,2000,,,,,,,,2007-09-07,2025-10-13,,,,,0,,
13781,02,004563716,10696,200913709,,RTUC,บุญมี อุยะตุง,1962-03-01,3230400016632,,,,2,,,,,,,,,,,,,,,,,,,,,,,,,,,,2017-09-01 16:48:04.999000,,,,,U,,,,2,G,,1,,,HEA2W939,PD,HD,1500,,4,,,,,O,2008-10-01,,,,,,0,,
13781,02,004879130,23968,5706002,,RTUC,กนกพล ฉายประกายแก้ว,,3101300006815,,,,1,,,,,,,,,,,,,,,,,,,,,,,,,,,,2018-11-19 16:12:11.998000,,,D,,E,,,,,G,,H,,,HDB22HE6,HD,HD,1500,,2,,,,,R,2018-10-18,2018-11-04,,,,,0,,
13781,,002503186,13781,002503186,,RTCS,ประนอม สิงหรา ณ อยุธยา,1925-05-14,3100902250641,,,,2,,,,,,,,,,,,,,,,,,,,,,,,,,,,2020-09-21 14:12:01.998000,,,D,,E,,,,,,,H,,C,KZFM4R,,,2000,,,,,,,,2007-08-03,2020-09-18,,,,,0,,
13781,02,004483625,13781,004483625,,RTCL,ประสงค์ ศรประสิทธิ์,1967-09-09,3240400422568,,,,1,,,,,,,,,,,,,,,,,,,,,,,,,,,,2023-05-08 08:15:15.998000,,,,,E,,,,,,,H,,,QBYPP6,,,2000,,,,,,,,2010-11-22,2022-09-30,,,,,0,,
13781,02,001567154,13781,001567154,,RTCS,สุวรัตน์ ลิ่มศิลา,1934-06-28,3850400105770,,,,2,,,,,,,,,,,,,,,,,,,,,,,,,,,,2023-11-15 10:36:01,,,D,,E,,,,,,,H,,C,APPN61,,,2000,,,,,,,,2006-11-27,2023-11-03,,,,,0,,
13781,02,003763480,13781,003763480,,RTCS,ถนัด โลมาแจ่ม,1953-11-23,3100100050615,,,,1,,,,,,,,,,,,,,,,,,,,,,,,,,,,2022-06-20 15:37:12.998000,,,D,,E,,,,,,,H,,C,L26TMV,,,2000,,,,,,,,2008-01-22,2022-06-18,,,,,0,,
13781,02,004071580,13781,004071580,,RTUC,ฉาย ดลสุข,,3100602552412,,,,1,,,,,,,,,,,,,,,,,,,,,,,,,,,,2019-07-03 14:13:43,,,D,,E,,,,,G,,H,,,UCA3PLO2,HD,HD,1500,,2,,,,,O,2017-08-25,2019-06-22,,,,,0,,
13781,02,001459638,13781,001459638,,RTUC,นันทวรรณ นานประโคน,,3310700181450,,,,2,,,,,,,,,,,,,,,,,,,,,,,,,,,,2017-09-05 11:17:21.998000,,,U,,E,,,,,G,,H,,,UCDZIMJ6,HD,HD,1500,,2,,,,,O,2017-08-25,2022-12-31,,,,,0,,
13781,02,005286246,13781,005286246,,RTCS,วราภรณ์ วิรุณศรี,1951-11-25,3820400022254,,,,2,,,,,,,,,,,,,,,,,,,,,,,,,,,,2017-10-17 17:04:02.999000,,,C,,E,,,,,,,H,,C,D9KUQH,,,2000,,,,,,,,2017-05-20,2017-10-18,,,,,0,,
13781,02,004587386,11743,49/24323,,RTUC,พัฒนา สิทธิโชค,,3140300296693,,,,2,,,,,,,,,,,,,,,,,,,,,,,,,,,,2017-09-07 18:00:06,,,U,,E,,,,,G,,3,,,HDM3SNSU,HD,HD,1500,,2,,,,,O,2017-09-07,2022-12-31,,,,,0,,
13781,02,005330704,13778,0822372,,"RTCS,",จุ้งกัง ตั้งสกุลวงศ์,1940-07-01,3360900028078,,,,1,,,,,,,,,,,,,,,,,,,,,,,,,,,,2017-09-12 12:32:00,,,,,U,,,,2,G,1,2,,C,HRC3LT4C,,,2000,,,,,,,,2009-05-15,2018-05-15,,,,,0,,
13781,02,004186161,13781,004186161,,RTSS,พนิดา สัมฤทธิ์สุข,,3660100063593,,,,2,,,,,,,,,,,,,,,,,,,,,,,,,,,,2017-09-14 09:21:58,,,,,,,,,,G,,,,,SSE7WUUO,HD,HD,1500,,2,,,,,,2012-10-15,,,,,,0,,
13781,,005075877,13781,005075877,,RTCS,วายุ บรรเทากุล,1970-05-26,3410100710698,,,,1,,,,,,,,,,,,,,,,,,,,,,,,,,,,2021-03-18 12:03:08.999000,,,,,U,,,,,,,H,,C,E9WUPH,,,2000,,,,,,,,2021-03-19,2099-12-31,,,,,0,,
13781,,004528506,13781,004528506,,RTCS,สมศักดิ์ เที่ยงจิตร,1938-04-23,3100203008000,,,,1,,,,,,,,,,,,,,,,,,,,,,,,,,,,2019-07-31 16:28:16,,,,,U,,,,,,,H,,C,KAVBUP,,,2000,,,,,,,,2011-05-19,2099-12-31,,,,,0,,
13781,,000018930,13781,000018930,,RTSS,จิราภา นิติพน,,3100502525260,,,,2,,,,,,,,,,,,,,,,,,,,,,,,,,,,2017-09-14 12:55:44,,,,,,,,,,,,,,,SSKK7S7Y,HD,HD,1500,,2,,,,,,2017-05-28,,,,,,0,,
13781,02,004791234,10731,0600449,,RTUC,นฤเบศร์ เซี่ยงหวอง,,1719800024168,,,,1,,,,,,,,,,,,,,,,,,,,,,,,,,,,2017-09-16 08:30:04.998000,,,U,,E,,,,,G,,2,,,HRDC4ZJ5,HD,HD,1500,,2,,,,,O,2017-09-15,2022-12-31,,,,,0,,
13781,02,005336235,10720,292132,,RTUC,จเร เหล่าประชา,,3610600352675,,,,1,,,,,,,,,,,,,,,,,,,,,,,,,,,,2017-09-16 18:00:06,,,U,,E,,,,,G,,3,,,HDL22HPF,HD,HD,1500,,4,,,,,O,2017-09-16,2022-12-31,,,,,0,,
13781,02,003157933,12044,012753-43,,RTUC,วิไลวรรณ เศรษฐอนุกูล,,3601100994695,,,,2,,,,,,,,,,,,,,,,,,,,,,,,,,,,2017-09-18 18:00:14,,,U,,E,,,,,G,,3,,,HDB3MAYQ,HD,HD,1500,,2,,,,,R,2017-09-12,2022-12-31,,,,,0,,
13781,02,004523566,13781,004523566,,RTSS,ตฤณ ธนานิพัทธน์,1980-05-05,3760400026854,,,,1,,,,,,,,,,,,,,,,,,,,,,,,,,,,2021-11-03 15:52:17.998000,,,D,,E,,,,,G,,,,CS,SSIS5AV7,HD,HD,1500,,2,,,,,,2012-10-15,2018-12-31,,,S,C,500,,
13781,02,004526502,13781,004526502,,RTSS,สมจิตร นิลประพัฒน์,,5250400006986,,,,2,,,,,,,,,,,,,,,,,,,,,,,,,,,,2017-09-20 09:56:41,,,,,,,,,,G,,,,,SSLKR75V,KT,KT,1500,,1,,,,,,2012-10-15,,,,,,0,,
13781,02,004087200,13781,004087200,,RTCS,แช มีหกวงศ์,1931-11-30,3130300150176,,,,1,,,,,,,,,,,,,,,,,,,,,,,,,,,,2021-10-07 10:09:36.998000,,,O,,E,,,,,,,H,,C,H9CWW7,,,2000,,,,,,,,2008-08-31,2021-10-03,,,,,0,,
13781,02,001916731,13781,001916731,,RTCS,พรวิภา โกศลวิริยะกิจ,1939-07-01,3100201123278,,,,2,,,,,,,,,,,,,,,,,,,,,,,,,,,,2019-07-31 16:28:16,,,,,U,,,,,,,H,,C,H1AQNK,,,2000,,,,,,,,2006-10-31,2099-12-31,,,,,0,,
13781,,004294934,13781,004294934,,RTCL,วัลลภา เชิดโชติเพ็ชร์,1941-06-10,3100100358016,,,,2,,,,,,,,,,,,,,,,,,,,,,,,,,,,2023-01-20 13:59:34.998000,,,,,E,,,,,,,H,,,Q3P5GN,,,2000,,,,,,,,2011-08-30,2023-01-18,,,,,0,,
13781,02,004481697,13781,004481697,,RTCS,สมผล ชุมอาจ,1947-06-12,3341600847741,,,,1,,,,,,,,,,,,,,,,,,,,,,,,,,,,2018-05-03 13:02:11,,,D,,E,,,,,,,H,,C,CWCXYV,,,2000,,,,,,,,2011-06-08,2018-05-03,,,,,0,,
13781,02,004056116,11823,ร121-34,,RTUC,หริพันธ์ รักสุข,,1141200101330,,,,1,,,,,,,,,,,,,,,,,,,,,,,,,,,,2019-04-01 15:36:45.999000,,,D,,E,,,,,G,,3,,,HDE4KAW8,PD,HD,1500,,4,,,,,O,2017-09-21,2019-04-03,,,,,0,,
13781,02,003810581,13781,003810581,,RTCL,ศรัณยพัชร วงศ์ปุณณวัฒน์,1948-03-25,3100203584655,,,,2,,,,,,,,,,,,,,,,,,,,,,,,,,,,2018-03-17 14:33:50.999000,,,O,,E,,,,,,,H,,,QDGY2P,,,2000,,,,,,,,2012-05-16,2018-03-19,,,,,0,,
13781,02,005335524,11743,56/33921,,RTUC,วัน เถิ่งสวัสดิ์,,3110101249873,,,,1,,,,,,,,,,,,,,,,,,,,,,,,,,,,2017-09-26 08:30:04.998000,,,U,,E,,,,,G,,3,,,HDC2N557,HD,HD,1500,,2,,,,,O,2017-09-26,2022-12-31,,,,,0,,
13781,02,004029592,13781,004029592,,RTCS,รัตนา วงศ์ปัญติ,1957-10-14,3660700085211,,,,2,,,,,,,,,,,,,,,,,,,,,,,,,,,,2019-07-31 16:28:16,,,,,U,,,,,,,H,,C,AATJYH,,,2000,,,,,,,,2008-01-31,2099-12-31,,,,,0,,
13781,,004794795,13781,004794795,,RTCS,ธีรพล บูชาศักดิ์,1944-09-30,3100503896059,,,,1,,,,,,,,,,,,,,,,,,,,,,,,,,,,2022-04-19 09:55:58,,,D,,E,,,,,,,H,,C,EZFZMQ,,,2000,,,,,,,,2013-09-10,2022-04-18,,,,,0,,
13781,,005003759,13781,005003759,,RTCS,ทฤษฎี ธรรมาทิตย์,1954-12-16,5100999088572,,,,1,,,,,,,,,,,,,,,,,,,,,,,,,,,,2023-05-19 12:33:59.998000,,,,,E,,,,,,,H,,C,J67WMH,,,2000,,,,,,,,2015-05-21,2023-05-18,,,,,0,,
13781,02,004502454,10822,0142054,,RTUC,รัดดา พรมมา,,3200600755684,,,,2,,,,,,,,,,,,,,,,,,,,,,,,,,,,2018-02-05 14:41:39,,,D,,E,,,,,G,,3,,,HDD2D5NN,HD,HD,1500,,2,,,,,O,2017-09-29,2018-01-25,,,,,0,,
13781,02,003901906,13781,003901906,,RTCS,วรรณศิริ ทองวรรณ,1953-09-05,3102101342417,,,,2,,,,,,,,,,,,,,,,,,,,,,,,,,,,2017-11-02 16:13:30,,,C,,E,,,,,,,H,,C,L1A3E2,,,2000,,,,,,,,2006-11-16,2017-11-03,,,,,0,,
13781,02,004658029,10720,70252,,RTUC,ภลศิลทรณ์ บัวสาย,,3610400058161,,,,2,,,,,,,,,,,,,,,,,,,,,,,,,,,,2017-11-18 11:27:44.998000,,,C,,E,,,,,G,,3,,,HDJ4647G,HD,HD,1500,,4,,,,,O,2017-10-03,2017-11-10,,,,,0,,
13781,02,004389407,13781,004389407,,RTCS,เพ็ญฉกาจ จันทรโคตร,1972-04-11,3499900025581,,,,2,,,,,,,,,,,,,,,,,,,,,,,,,,,,2017-12-17 14:21:34.998000,,,C,,E,,,,,,,H,,C,MKTZWM,,,2000,,,,,,,,2009-12-11,2017-12-18,,,,,0,,
13781,02,004171119,13781,004171119,,RTCS,อาภรณ์ ทองประยูร,1938-04-07,3749900489347,,,,2,,,,,,,,,,,,,,,,,,,,,,,,,,,,2020-11-23 09:44:08,,,D,,E,,,,,,,H,,C,BEV6Y2,,,2000,,,,,,,,2012-12-25,2020-11-18,,,,,0,,
13781,02,004803864,13781,004803864,,RTCS,ประเสริฐ ชิตพงศ์,1948-09-06,3909800877017,,,,1,,,,,,,,,,,,,,,,,,,,,,,,,,,,2018-11-22 11:55:59,,,D,,E,,,,,,,H,,C,E89D73,,,2000,,,,,,,,2016-09-12,2018-11-18,,,,,0,,
13781,02,004437691,13781,004437691,,RTCS,นพวงษ์ ใบลาศ,1967-12-20,3400700854046,,,,1,,,,,,,,,,,,,,,,,,,,,,,,,,,,2019-07-31 16:28:16.998000,,,,,V,,,,,,,H,,C,CK27SW,,,2000,,,,,,,,2010-06-10,2099-12-31,,,,,0,,
13781,02,005252430,13781,005252430,,RTCS,ลำพูน สุระเสน,1958-05-06,3461300200317,,,,2,,,,,,,,,,,,,,,,,,,,,,,,,,,,2017-11-18 12:15:05.998000,,,C,,E,,,,,,,H,,C,L64TWH,,,2000,,,,,,,,2017-03-01,2017-11-20,,,,,0,,
13781,02,005196717,13781,005196717,,RTCS,นิพนธ์ ฤกษ์นิยม,1956-06-02,3100700731028,,,,1,,,,,,,,,,,,,,,,,,,,,,,,,,,,2018-02-02 19:16:55.998000,,,D,,E,,,,,,,H,,C,EZZPHG,,,2000,,,,,,,,2016-10-11,2018-02-03,,,,,0,,
13781,02,004677298,13781,004677298,,RTSS,ณัฐพร บุญโต,,3600800293257,,,,2,,,,,,,,,,,,,,,,,,,,,,,,,,,,2017-10-06 11:19:48,,,,,,,,,,G,,,,,SSKULNBB,HD,HD,1500,,1,,,,,,2014-09-30,,,,,,0,,
13781,02,004235445,13781,004235445,,RTSS,เอกชัย อาทร,1992-11-09,1250200181447,,,,1,,,,,,,,,,,,,,,,,,,,,,,,,,,,2020-06-19 11:06:05,,,,,,,,,,G,,,,,SSB8KLS7,HD,HD,1500,,2,,,,,,2016-05-11,,,,,,0,,
13781,,002552476,13781,002552476,,RTCS,อรณี สืบสกุล,1966-10-22,3100201538818,,,,2,,,,,,,,,,,,,,,,,,,,,,,,,,,,2019-07-31 16:28:16.998000,,,,,V,,,,,,,H,,C,AU6UQ4,,,2000,,,,,,,,2012-07-27,2099-12-31,,,,,0,,
13781,,004246694,13781,004246694,,RTCS,อุ่น วิเศษบุปผา,1935-12-02,3451200056737,,,,1,,,,,,,,,,,,,,,,,,,,,,,,,,,,2019-09-04 08:45:23,,,D,,E,,,,,,,H,,C,GSMLJ9,,,2000,,,,,,,,2008-08-20,2019-09-03,,,,,0,,
13781,02,005236480,13781,005236480,,RTCS,ชัยพร ประดิษฐอาชีพ,1962-08-10,3102100357771,,,,1,,,,,,,,,,,,,,,,,,,,,,,,,,,,2018-10-31 09:57:44,,,D,,E,,,,,,,H,,C,I73XQ7,,,2000,,,,,,,,2017-01-12,2018-10-18,,,,,0,,
13781,02,004952631,13781,004952631,,RTSS,ไมตรี สารไชย,,3401700759141,,,,1,,,,,,,,,,,,,,,,,,,,,,,,,,,,2017-10-17 20:21:38,,,,,,,,,,G,,,,,SSKV8XV1,HD,HD,1500,,2,,,,,,2013-12-24,,,,,,0,,
13781,,005332872,13781,005332872,,RTCL,ประพีร์ ตุลยประโยชน์,1953-02-09,3102000198647,,,,2,,,,,,,,,,,,,,,,,,,,,,,,,,,,2018-01-03 17:16:00.998000,,,C,,E,,,,,,,H,,,QSWBNE,,,2000,,,,,,,,2017-09-11,2018-01-03,,,,,0,,
13781,02,004730661,11484,10176/53,,RTUC,อนุสรา ศรีโสภณ,,1160100165921,,,,2,,,,,,,,,,,,,,,,,,,,,,,,,,,,2017-10-18 18:00:04,,,U,,E,,,,,G,,3,,,HDK3VCL9,HD,HD,1500,,2,,,,,O,2017-10-18,2022-12-31,,,,,0,,
13781,,004955786,13781,004955786,,RTCS,ไว ชัยวาริน,1933-12-03,3100902770288,,,,1,,,,,,,,,,,,,,,,,,,,,,,,,,,,2021-02-22 13:18:37.998000,,,D,,E,,,,,,,H,,C,JP2CAL,,,2000,,,,,,,,2016-12-08,2021-02-18,,,,,0,,
13781,02,004274032,40892,126/60,,RTUC,อุไร ดำหมัด,1966-05-09,3240300633478,,,,2,,,,,,,,,,,,,,,,,,,,,,,,,,,,2017-10-21 12:00:05,,,U,,E,,,,,G,,3,,,HDF2AZZM,HD,HD,1500,,7,,,,,O,2017-10-21,2022-12-31,,,,,0,,
13781,02,001069952,13781,001069952,,RTCS,สมวงศ์ วรรณม่วง,1940-02-09,3100200848490,,,,2,,,,,,,,,,,,,,,,,,,,,,,,,,,,2018-01-17 16:54:28.998000,,,D,,E,,,,,,,H,,C,AWAUZ5,,,2000,,,,,,,,2007-04-26,2018-01-18,,,,,0,,
13781,02,004296001,23872,15-2029,,RTUC,ปาวีณา ด้วงสวัสดิ์,,3100904334701,,,,2,,,,,,,,,,,,,,,,,,,,,,,,,,,,2017-10-24 17:01:43,,,U,,E,,,,,G,,3,,,HDK4D7TX,HD,HD,1500,,4,,,,,O,2017-10-24,2022-12-31,,,,,0,,
13781,02,004397050,13781,004397050,,RTCS,ภัทราวดี คันธกุลดุษฎี,1946-12-01,3320501224094,,,,2,,,,,,,,,,,,,,,,,,,,,,,,,,,,2023-03-22 15:22:08.998000,,,D,,E,,,,,,,H,,C,BBDM9W,,,2000,,,,,,,,2010-01-05,2023-03-18,,,,,0,,
13781,02,005345920,13781,005345920,,RTSS,ผลึก แก้วณรงค์,1968-10-10,3909800805709,,,,1,,,,,,,,,,,,,,,,,,,,,,,,,,,,2022-07-19 10:58:55.998000,,,D,,E,,,,,G,,,,,SSH1I29U,HD,HD,1500,,2,,,,,,2016-07-23,2022-04-19,,,,,0,,
13781,02,004591817,13781,004591817,,RTCL,รัตนา ม่วงแสง,1958-02-28,3820500007796,,,,2,,,,,,,,,,,,,,,,,,,,,,,,,,,,2023-05-08 08:16:36.998000,,,,,E,,,,,,,H,,,QW5DLX,,,2000,,,,,,,,2011-12-22,2022-09-30,,,,,0,,
13781,,004668504,13781,004668504,,RTCS,วิฑูรย์ ถึงแก้ว,1940-07-31,3100201407233,,,,1,,,,,,,,,,,,,,,,,,,,,,,,,,,,2020-12-07 16:47:02,,,D,,E,,,,,,,H,,C,BSUPPV,,,2000,,,,,,,,2012-09-06,2020-12-03,,,,,0,,
13781,02,004841396,13781,004841396,,RTSS,เกษร ชื่นชม,,3700400517271,,,,2,,,,,,,,,,,,,,,,,,,,,,,,,,,,2017-10-27 07:00:36.998000,,,,,,,,,,G,,,,,SSM9C6ED,HD,HD,1500,,2,,,,,,2012-10-15,,,,,,0,,
13781,02,004759791,13781,004759791,,RTCS,สมจิตต์ พันธุมวัทก์,1939-01-01,3100200365979,,,,2,,,,,,,,,,,,,,,,,,,,,,,,,,,,2019-05-24 13:14:26.998000,,,D,,E,,,,,,,H,,C,D24D76,,,2000,,,,,,,,2013-06-27,2019-05-18,,,,,0,,
13781,02,005320669,13781,005320669,,RTCS,มนตรี สังข์สุวรรณ,1960-04-10,3210100881893,,,,1,,,,,,,,,,,,,,,,,,,,,,,,,,,,2019-07-31 16:28:18.999000,,,,,V,,,,,,,H,,C,G2EZNY,,,2000,,,,,,,,2017-08-31,2099-12-31,,,,,0,,
13781,02,005340800,24191,13582/56,,RTUC,นฤมล กลางอรัญ,,3141000292464,,,,2,,,,,,,,,,,,,,,,,,,,,,,,,,,,2018-09-17 16:14:26.998000,,,D,,E,,,,,G,,3,,,HDM3ZZKG,HD,HD,1500,,2,,,,,O,2017-10-27,2018-09-08,,,,,0,,
13781,02,004363317,13781,004363317,,RTCS,โสภา ทองใบ,1964-02-25,3760100314790,,,,2,,,,,,,,,,,,,,,,,,,,,,,,,,,,2019-07-31 16:28:18.999000,,,,,U,,,,,,,H,,C,KCA4QB,,,2000,,,,,,,,2009-08-31,2099-12-31,,,,,0,,
13781,,004786867,13781,004786867,,RTCS,สมพร ปิ่นกระจาย,1944-11-22,3100502233510,,,,2,,,,,,,,,,,,,,,,,,,,,,,,,,,,2019-07-31 16:28:18.999000,,,,,V,,,,,,,H,,C,H8QKRN,,,2000,,,,,,,,2014-06-12,2099-12-31,,,,,0,,
13781,02,004634461,13781,004634461,,RTSS,วรพล บัวทองสุข,,1909800359133,,,,1,,,,,,,,,,,,,,,,,,,,,,,,,,,,2017-11-01 06:40:31,,,,,,,,,,G,,,,,SSA9SUWJ,HD,HD,1500,,2,,,,,,2016-04-01,,,,,,0,,
13781,02,004996807,12033,13878-57,,RTUC,อรสา มั่นอิ่ม,,1600400133981,,,,2,,,,,,,,,,,,,,,,,,,,,,,,,,,,2017-11-01 10:39:26.999000,,,U,,E,,,,,G,,3,,,HDM2UJND,HD,HD,1500,,8,,,,,O,2017-11-01,2022-12-31,,,,,0,,
13781,02,004988358,10690,0128368,,RTUC,วิลัย สวรรค์ราช,,3600700756476,,,,2,,,,,,,,,,,,,,,,,,,,,,,,,,,,2018-02-05 14:41:40,,,D,,E,,,,,G,,3,,,HDF47ND7,HD,HD,1500,,2,,,,,O,2017-10-30,2018-02-03,,,,,0,,
13781,02,004980398,13781,004980398,,RTCS,ชลิต สารสุวรรณ,1954-07-05,3740200313591,,,,1,,,,,,,,,,,,,,,,,,,,,,,,,,,,2020-10-06 11:05:52.998000,,,O,,E,,,,,,,H,,C,G866HR,,,2000,,,,,,,,2015-03-17,2020-10-03,,,,,0,,
13781,02,004515663,13781,004515663,,RTCS,สันต์ชัย สิงหฬ,1954-01-01,3150700017571,,,,1,,,,,,,,,,,,,,,,,,,,,,,,,,,,2017-12-17 14:21:34.998000,,,C,,E,,,,,,,H,,C,BVMMY8,,,2000,,,,,,,,2011-06-02,2017-12-18,,,,,0,,
13781,02,002386251,13781,002386251,,RTCS,สมชาติ วุฒิศักดิ์,1954-06-11,3199800037997,,,,1,,,,,,,,,,,,,,,,,,,,,,,,,,,,2019-07-31 16:28:18.999000,,,,,V,,,,1,,,H,,C,,,,2000,,,,,,,,2005-05-04,2099-12-31,,,,,0,,
13781,02,004911831,10830,16253,,RTUC,ทวน เกิดแสง,,3210301012337,,,,2,,,,,,,,,,,,,,,,,,,,,,,,,,,,2018-08-17 16:25:19.998000,,,D,,E,,,,,G,,H,,,HDD443HX,HD,HD,1500,,2,,,,,R,2017-11-04,2018-08-07,,,,,0,,
13781,,004633951,13781,004633951,,RTCS,จำปี พรหมโชติ,1929-10-02,3710100298166,,,,1,,,,,,,,,,,,,,,,,,,,,,,,,,,,2017-12-17 14:21:34.998000,,,C,,E,,,,,,,H,,C,KX8WTR,,,2000,,,,,,,,2012-05-28,2017-12-18,,,,,0,,
13781,,004961399,13781,004961399,,RTCS,สาโรช แสงดีจริง,1941-11-08,3100800552036,,,,1,,,,,,,,,,,,,,,,,,,,,,,,,,,,2024-11-05 08:13:33.999000,,,D,,E,,,,,,,H,,C,K92BFX,,,2000,,,,,,,,2017-10-02,2024-10-28,,,,,0,,
13781,02,004378831,13781,004378831,,RTCS,จเร จันทร์ทองนิ่ม,1969-02-13,3849900191843,,,,1,,,,,,,,,,,,,,,,,,,,,,,,,,,,2023-07-04 11:37:44.998000,,,D,,E,,,,,,,H,,C,ESML75,,,2000,,,,,,,,2009-10-20,2023-07-03,,,,,0,,
13781,02,003800935,13781,003800935,,RTCS,สุพร ดำชุม,1967-07-11,3920600865203,,,,2,,,,,,,,,,,,,,,,,,,,,,,,,,,,2019-07-31 16:28:18.999000,,,,,V,,,,,,,H,,C,JUNRN9,,,2000,,,,,,,,2007-10-24,2099-12-31,,,,,0,,
13781,02,003048078,13781,003048078,,RTSS,พชร รัตนสุรชัย,1977-12-26,3100800806640,,,,2,,,,,,,,,,,,,,,,,,,,,,,,,,,,2019-05-17 16:35:54,,,D,,E,,,,,G,,,,,SSHJIXPX,HD,HD,1500,,2,,,,,,2017-07-18,2019-03-25,,,,,0,,
13781,02,004875917,13781,004875917,,RTCS,เมธินี จ่าเหลา,1963-06-20,3140300296375,,,,2,,,,,,,,,,,,,,,,,,,,,,,,,,,,2024-01-19 08:42:48,,,D,,E,,,,,,,H,,C,H2H9N5,,,2000,,,,,,,,2014-05-15,2024-01-08,,,,,0,,
13781,02,004564666,40981,2560-2028,,RTUC,เรืองศรี เหมือนภู่,,3120100194153,,,,2,,,,,,,,,,,,,,,,,,,,,,,,,,,,2017-11-15 10:38:26.998000,,,U,,E,,,,,G,,3,,,HDA2NHVL,HD,HD,1500,,2,,,,,O,2017-11-15,2022-12-31,,,,,0,,
13781,,000021166,13781,000021166,,RTCS,เจริญ บุตรเมือง,1947-08-29,3100500021043,,,,1,,,,,,,,,,,,,,,,,,,,,,,,,,,,2018-05-17 18:58:28.998000,,,D,,E,,,,1,,,H,,C,ทส0508/1,,,2000,,,,,,,,2005-12-20,2018-05-18,,,,,0,,
13781,,004374541,13781,004374541,,RTCS,บุญรอด เพ็งลี,1950-12-19,3100501713763,,,,1,,,,,,,,,,,,,,,,,,,,,,,,,,,,2019-07-31 16:28:18.999000,,,,,V,,,,,,,H,,C,FU6UL5,,,2000,,,,,,,,2017-07-05,2099-12-31,,,,,0,,
13781,02,003644802,13781,003644802,,RTSS,สุรศักดิ์ ภาควิวรรธน์,1947-01-01,3309900080001,,,,1,,,,,,,,,,,,,,,,,,,,,,,,,,,,2024-12-18 09:56:19,,,S,,E,,,,,G,,,,,SSK88GJP,HD,HD,1500,,2,,,,,,2012-10-15,2024-12-10,,,,,0,,
13781,02,005093288,13781,005093288,,RTSS,ประภาพ เอกตระกูล,1945-12-15,3129900201675,,,,1,,,,,,,,,,,,,,,,,,,,,,,,,,,,2019-01-17 13:47:48.998000,,,D,,E,,,,,G,,,,,SSD5DVDY,HD,HD,1500,,2,,,,,,2015-08-06,2018-07-19,,,,,0,,
13781,02,004860700,11783,4687/58,,RTUC,รัชนีกร ช้อยชื่น,,3102000387521,,,,2,,,,,,,,,,,,,,,,,,,,,,,,,,,,2017-11-17 10:38:26.998000,,,U,,E,,,,,G,,3,,,HDE3ZYWT,HD,HD,1500,,2,,,,,O,2017-11-17,2022-12-31,,,,,0,,
13781,,003936185,13781,003936185,,RTCS,เกรียงไกร บุญแจ้ง,1963-03-04,3679800139922,,,,1,,,,,,,,,,,,,,,,,,,,,,,,,,,,2018-12-19 15:42:43,,,D,,E,,,,,,,H,,C,F3BC8T,,,2000,,,,,,,,2006-10-10,2018-12-18,,,,,0,,
13781,,005293749,13781,005293749,,RTCS,บุญลาภ ทองมีศรี,1942-06-06,3700800317970,,,,2,,,,,,,,,,,,,,,,,,,,,,,,,,,,2018-04-17 19:02:34.998000,,,D,,E,,,,,,,H,,C,EA9SCP,,,2000,,,,,,,,2017-06-07,2018-04-18,,,,,0,,
13781,02,002295727,13781,002295727,,RTSS,สำเริง โพธิ์เงิน,1955-01-01,3150400329577,,,,1,,,,,,,,,,,,,,,,,,,,,,,,,,,,2025-12-01 09:39:33,,,S,,E,,,,,G,,,,,SSA3JC9R,HD,HD,1500,,2,,,,,,2017-09-29,2025-11-30,,,,,0,,
13781,02,004595241,13781,004595241,,RTSS,ศิริทร ชุมทอง,,3800600628610,,,,2,,,,,,,,,,,,,,,,,,,,,,,,,,,,2017-11-21 13:13:48.998000,,,,,,,,,,G,,,,,SSE3CVBQ,KT,KT,1500,,2,,,,,,2012-10-15,,,,,,0,,
13781,02,005118915,11828,58-08033,,RTUC,ธนบูลย์ พีรยาอธิมงคล,,3609700346209,,,,1,,,,,,,,,,,,,,,,,,,,,,,,,,,,2017-11-21 14:00:03.998000,,,U,,E,,,,,G,,3,,,HDFK7MTD,HD,HD,1500,,4,,,,,R,2017-11-21,2022-12-31,,,,,0,,
13781,02,004522198,13781,004522198,,RTCS,แป้ง ไชยสุ้ย,1945-05-16,3670300310977,,,,2,,,,,,,,,,,,,,,,,,,,,,,,,,,,2026-03-04 14:39:30.998000,,,D,,E,,,,,,,H,,C,MXUFMU,,,2000,,,,,,,,2011-04-26,2026-02-23,,,,,0,,
13781,02,003884932,13781,003884932,,RTCS,เอิบ เพ็งอ่อน,1946-07-01,3101701752101,,,,1,,,,,,,,,,,,,,,,,,,,,,,,,,,,2019-02-07 11:41:35.998000,,,D,,E,,,,,,,H,,C,BXZR3N,,,2000,,,,,,,,2008-08-04,2019-02-03,,,,,0,,
13781,02,004320178,13781,004320178,,RTCS,เข็มชาติ สาตราวาหะ,1955-02-03,3100502590860,,,,1,,,,,,,,,,,,,,,,,,,,,,,,,,,,2018-02-17 16:56:13.998000,,,D,,E,,,,,,,H,,C,DN5L4Z,,,2000,,,,,,,,2009-04-22,2018-02-19,,,,,0,,
13781,02,003892013,13781,003892013,,RTCS,ณัฐสรัญ ฮ้อแสงชัย,1948-08-31,3139900110661,,,,2,,,,,,,,,,,,,,,,,,,,,,,,,,,,2024-10-03 14:21:27.998000,,,D,,E,,,,,,,H,,C,ZTM7BH,,,2000,,,,,,,,2006-06-19,2024-09-30,,,,,0,,
13781,02,004546278,13781,004546278,,RTCS,สมใจ โฆษิตเรืองชัย,1945-04-10,3101201990215,,,,2,,,,,,,,,,,,,,,,,,,,,,,,,,,,2018-10-31 09:57:42,,,D,,E,,,,,,,H,,C,B3SBCN,,,2000,,,,,,,,2011-07-11,2018-10-18,,,,,0,,
13781,02,004699772,13781,004699772,,RTCS,รุสปา หะวี,1963-10-24,5960499001624,,,,1,,,,,,,,,,,,,,,,,,,,,,,,,,,,2019-07-31 16:28:20,,,,,V,,,,,,,H,,C,H2UCE9,,,2000,,,,,,,,2014-04-08,2099-12-31,,,,,0,,
13781,02,005356903,13781,005356903,,RTCS,ยงยุทธ หอมกระแจะ,1962-04-30,3140700138963,,,,1,,,,,,,,,,,,,,,,,,,,,,,,,,,,2019-09-04 08:45:24,,,D,,E,,,,,,,H,,C,OD9CBR,,,2000,,,,,,,,2017-11-07,2019-09-03,,,,,0,,
13781,02,005359063,24923,1001733,,RTCS,คริษฐ์  พึ่งวิรวัฒน์,1954-02-21,5101700048899,,,,1,,,,,,,,,,,,,,,,,,,,,,,,,,,,2017-12-02 12:17:55.999000,,,,,U,,,,2,G,1,3,,C,HDF472EX,,,2000,,,,,,,,2015-10-21,2019-10-21,,,,,0,,
13781,02,004418959,13781,004418959,,RTCS,ประสิทธิ์ สุขา,1956-09-16,3210100456360,,,,1,,,,,,,,,,,,,,,,,,,,,,,,,,,,2019-07-31 16:28:20,,,,,V,,,,,,,H,,C,BFUCQG,,,2000,,,,,,,,2010-03-26,2099-12-31,,,,,0,,
13781,02,002815673,13781,002815673,,RTSS,อรสา ฉิมพลิกานนท์,1957-04-10,3102101727491,,,,2,,,,,,,,,,,,,,,,,,,,,,,,,,,,2019-07-03 15:12:15.998000,,,D,,E,,,,,G,,,,,SSCT7DQ7,HD,HD,1500,,2,,,,,,2012-10-15,2019-06-07,,,,,0,,
13781,02,004699601,13781,004699601,,RTSS,อัญชลี นาคแก้ว,1978-10-17,3569900156897,,,,2,,,,,,,,,,,,,,,,,,,,,,,,,,,,2019-01-02 11:57:26.999000,,,D,,E,,,,,G,,,,,SSD7NRVT,HD,HD,1500,,2,,,,,,2012-12-03,2018-12-20,,,,,0,,
13781,,004725016,13781,004725016,,RTCS,วารุณี รุ่งพรนุรักษ์,1934-05-10,3100100112131,,,,2,,,,,,,,,,,,,,,,,,,,,,,,,,,,2020-09-21 14:12:02.998000,,,D,,E,,,,,,,H,,C,G32YEZ,,,2000,,,,,,,,2016-02-17,2020-09-18,,,,,0,,
13781,02,003915727,13781,003915727,,RTCS,วงศกร ทองใหญ่,1957-11-06,3101600017642,,,,1,,,,,,,,,,,,,,,,,,,,,,,,,,,,2019-04-19 14:26:29,,,D,,E,,,,,,,H,,C,BQR0J6,,,2000,,,,,,,,2006-12-28,2019-04-18,,,,,0,,
13781,,005348606,13781,005348606,,RTCS,กลนี ศิริยง,1929-12-28,3819900039278,,,,1,,,,,,,,,,,,,,,,,,,,,,,,,,,,2018-04-02 17:12:54.998000,,,D,,E,,,,,,,H,,C,O98PQZ,,,2000,,,,,,,,2017-11-04,2018-04-03,,,,,0,,
13781,02,002911925,13781,002911925,,RTSS,กันดิศ บรรหารบุตร,1970-02-13,3350500098478,,,,1,,,,,,,,,,,,,,,,,,,,,,,,,,,,2025-06-18 16:10:21.998000,,,D,,E,,,,,G,,,,,SSKZC87H,HD,HD,1500,,2,,,,,,2012-10-19,2021-02-11,,,,,0,,
13781,02,004776268,10730,4709976,,RTUC,เกื้อกูล อ่อนมั่น,,3730101425897,,,,1,,,,,,,,,,,,,,,,,,,,,,,,,,,,2017-12-11 18:00:09.998000,,,U,,E,,,,,G,,3,,,HDC43QQ7,HD,HD,1500,,4,,,,,O,2017-12-11,2022-12-31,,,,,0,,
13781,02,005295922,77664,7473-56,,RTUC,วนิดา หงสกุล,,3200100950071,,,,2,,,,,,,,,,,,,,,,,,,,,,,,,,,,2018-10-18 10:06:37,,,D,,E,,,,,G,,3,,,HDJ2MZGN,HD,HD,1500,,4,,,,,O,2017-12-13,2018-10-13,,,,,0,,
13781,02,003534051,13781,003534051,,RTSS,นิติพันธ์ ธัญญ์เจริญชัย,,3101400725830,,,,1,,,,,,,,,,,,,,,,,,,,,,,,,,,,2017-12-13 14:43:33,,,,,,,,,,G,,,,,SSILXX6Y,HD,HD,1500,,2,,,,,,2014-08-30,,,,,,0,,
13781,02,002853158,13781,002853158,,RTSS,วรรณา พูลสวัสดิ์,1964-12-21,3720800448772,,,,2,,,,,,,,,,,,,,,,,,,,,,,,,,,,2022-09-02 16:10:43.998000,,,D,,E,,,,,G,,,,,SSF7XPOK,HD,HD,1500,,2,,,,,,2012-10-15,2022-07-19,,,,,0,,
13781,02,005252242,13781,005252242,,RTSS,นิภัทร์ อวยพร,,3240200311533,,,,1,,,,,,,,,,,,,,,,,,,,,,,,,,,,2017-12-14 07:54:13.998000,,,,,,,,,,G,,,,,SSIHMU9L,HD,HD,1500,,2,,,,,,2012-10-15,,,,,,0,,
13781,,005344196,13781,005344196,,RTCS,สุพัตรา รัชตเมธี,2017-03-20,3101400774806,,,,2,,,,,,,,,,,,,,,,,,,,,,,,,,,,2024-01-19 08:42:50.998000,,,D,,E,,,,,,,H,,C,L8KQVT,,,2000,,,,,,,,2017-11-30,2024-01-08,,,,,0,,
13781,02,004033546,13781,004033546,,RTCS,สด พังยา,1939-02-12,3120600057775,,,,1,,,,,,,,,,,,,,,,,,,,,,,,,,,,2018-04-17 19:02:34.998000,,,D,,E,,,,,,,H,,C,B2UJ8Q,,,2000,,,,,,,,2006-10-17,2018-04-18,,,,,0,,
13781,02,005074716,13781,005074716,,RTSS,กิตติเชษฐ์ นิตมี,,3840700097098,,,,1,,,,,,,,,,,,,,,,,,,,,,,,,,,,2017-12-20 11:04:59,,,,,,,,,,G,,,,,SSAF0VEP,HD,HD,1500,,2,,,,,,2013-08-19,,,,,,0,,
13781,02,004923965,11835,5501412,,RTUC,นที ภัทรภิรมย์,,3102201279768,,,,1,,,,,,,,,,,,,,,,,,,,,,,,,,,,2018-03-19 11:43:54,,,D,,E,,,,,G,,3,,,HDJ97J4P,HD,HD,1500,,2,,,,,R,2017-12-19,2018-03-09,,,,,0,,
13781,02,005348508,11743,50/22006,,RTUC,ทรงพล สันติรังสรรค์,1942-12-10,3119900221706,,,,1,,,,,,,,,,,,,,,,,,,,,,,,,,,,2018-05-04 15:37:00.999000,,,D,,E,,,,,G,,3,,,HDC354FD,HD,HD,1500,,2,,,,,R,2017-12-21,2018-04-18,,,,,0,,
13781,,004659632,13781,004659632,,RTCS,ปราณี รัตนภักดิ์,1953-04-01,3829800069116,,,,2,,,,,,,,,,,,,,,,,,,,,,,,,,,,2020-09-21 14:11:57.999000,,,D,,E,,,,,,,H,,C,L5VU99,,,2000,,,,,,,,2012-08-16,2020-09-18,,,,,0,,
13781,02,004429562,13781,004429562,,RTCS,ระวี อัศวโชค,1957-01-16,3101201235450,,,,1,,,,,,,,,,,,,,,,,,,,,,,,,,,,2026-03-19 08:56:56.998000,,,D,,E,,,,,,,H,,C,J958GT,,,2000,,,,,,,,2015-05-07,2026-03-16,,,,,0,,
13781,02,005146026,10678,000663891,,RTUC,สิริ สรรพคุณานนท์,,3720800024191,,,,2,,,,,,,,,,,,,,,,,,,,,,,,,,,,2017-12-22 12:00:15.998000,,,U,,E,,,,,G,,3,,,HDK2WBZJ,HD,HD,1500,,2,,,,,R,2017-12-22,2022-12-31,,,,,0,,
13781,02,005069792,13781,005069792,,RTSS,เสริม กาฬภักดี,,3720300273647,,,,1,,,,,,,,,,,,,,,,,,,,,,,,,,,,2017-12-25 07:02:01,,,,,,,,,,G,,,,,SSAOK46D,HD,HD,1500,,2,,,,,,2015-04-21,,,,,,0,,
13781,02,004632318,11721,993142,,RTUC,อนงค์นุช ทรัพย์ผดุงสุข,,3130300102821,,,,2,,,,,,,,,,,,,,,,,,,,,,,,,,,,2017-12-26 12:00:08.998000,,,U,,E,,,,,G,,3,,,HDB3GVAH,HD,HD,1500,,2,,,,,O,2017-12-26,2022-12-31,,,,,0,,
13781,02,004715682,22127,117119,,RTUC,ดอกรัก อรศิริสกุล,,3102400473904,,,,2,,,,,,,,,,,,,,,,,,,,,,,,,,,,2017-12-28 14:00:01,,,U,,E,,,,,G,,3,,,HDE4JVT4,HD,HD,1500,,2,,,,,R,2017-12-28,2022-12-31,,,,,0,,
13781,02,002477400,13781,002477400,,RTCS,บุญมี ศิลาขาว,1928-01-01,3130100212801,,,,1,,,,,,,,,,,,,,,,,,,,,,,,,,,,2019-01-18 12:57:49,,,D,,E,,,,,,,H,,C,EEY9CC,,,2000,,,,,,,,2016-10-20,2019-01-18,,,,,0,,
13781,02,003040991,13781,003040991,,RTCS,ทนงศักดิ์ สายทองมาตย์,1960-04-27,3670400444878,,,,1,,,,,,,,,,,,,,,,,,,,,,,,,,,,2018-02-02 19:16:55.998000,,,O,,E,,,,1,,,H,,C,,,,2000,,,,,,,,2005-09-09,2018-02-03,,,,,0,,
13781,,002620679,13781,002620679,,RTCS,วีระวัช วีระกุล,1941-11-07,3101400863256,,,,,,,,,,,,,,,,,,,,,,,,,,,,,,,,2019-07-31 15:59:28.998000,,,D,,E,,,,,,,H,,C,QBNWY7,,,2000,,,,,,,,2009-02-11,2019-03-03,,,,,0,,
13781,02,004549689,13781,004549689,,RTCS,สุวรีย์ ศุภศิวะศิษฐ์,1959-09-05,3100602320015,,,,,,,,,,,,,,,,,,,,,,,,,,,,,,,,2024-09-19 16:07:22,,,,,,,,W,,G,,,,,,,,2000,,,,,,,,2022-09-09,2099-12-31,,,,,0,,
13781,02,004597128,11320,50008154,,RTUC,ปัญญา กลางจอหอ,,1779800014448,,,,1,,,,,,,,,,,,,,,,,,,,,,,,,,,,2018-01-11 10:38:26.998000,,,U,,E,,,,,G,,3,,,HDL346A2,HD,HD,1500,,4,,,,,O,2018-01-08,2022-12-31,,,,,0,,
13781,02,005102987,10720,382284,,RTUC,นพรัตน์ เริงเกษตรกิจ,,3610200096957,,,,2,,,,,,,,,,,,,,,,,,,,,,,,,,,,2018-01-12 08:30:05.998000,,,U,,E,,,,,G,,3,,,HDE34UAU,HD,HD,1500,,8,,,,,O,2018-01-11,2022-12-31,,,,,0,,
13781,02,004985260,13781,004985260,,RTCS,ชุนลั้ง สุขเกษม,1943-06-07,3240600195280,,,,2,,,,,,,,,,,,,,,,,,,,,,,,,,,,2019-07-31 16:28:21,,,,,V,,,,,,,H,,C,J6W4AJ,,,2000,,,,,,,,2015-05-08,2099-12-31,,,,,0,,
13781,,004407579,13781,004407579,,RTCS,หมุยเซี้ยม แซ่บู๊,1939-02-01,3100602089003,,,,2,,,,,,,,,,,,,,,,,,,,,,,,,,,,2019-11-04 11:30:35.998000,,,D,,E,,,,,,,H,,C,KD57LN,,,2000,,,,,,,,2010-03-19,2019-11-03,,,,,0,,
13781,02,004742615,11703,24298/55,,RTUC,กฤษณา ศรีอุ่น,,1460600016905,,,,2,,,,,,,,,,,,,,,,,,,,,,,,,,,,2018-01-16 14:00:04.998000,,,U,,E,,,,,G,,3,,,HDF2T5YY,HD,HD,1500,,4,,,,,O,2018-01-16,2022-12-31,,,,,0,,
13781,02,004191206,27972,001,,RTUC,ล้วน ตันประเสริฐ,1948-01-01,3210300600073,,,,2,,,,,,,,,,,,,,,,,,,,,,,,,,,,2018-11-05 12:07:47.998000,,,D,,E,,,,,G,,3,,,HDA3GMDD,HD,HD,1500,,7,,,,,R,2018-01-17,2018-10-23,,,,,0,,
13781,02,005238107,13781,005238107,,RTSS,ปรานี วัธนศักดิ์,1953-02-22,3101700592843,,,,2,,,,,,,,,,,,,,,,,,,,,,,,,,,,2019-09-03 14:45:18.998000,,,D,,E,,,,,G,,,,,SSCDC8IK,HD,HD,1500,,2,,,,,,2016-12-15,2019-07-17,,,,,0,,
13781,,004602460,13781,004602460,,RTCS,สนธยา พรมมงคล,1972-08-25,3609900873555,,,,1,,,,,,,,,,,,,,,,,,,,,,,,,,,,2019-07-31 16:27:49.999000,,,,,U,,,,,,,H,,C,JLW7GR,,,2000,,,,,,,,2012-02-02,2099-12-31,,,,,0,,
13781,,001764285,13781,001764285,,RTCS,เกี๊ยกพวง แซ่เล้า,1931-08-10,3100400094006,,,,1,,,,,,,,,,,,,,,,,,,,,,,,,,,,2018-10-31 09:57:37.998000,,,D,,E,,,,,,,H,,C,A5KDTH,,,2000,,,,,,,,2007-03-21,2018-09-18,,,,,0,,
13781,02,001234822,13781,001234822,,RTCS,ประกาศ สิงห์ธวัช,1934-08-10,3100202766814,,,,1,,,,,,,,,,,,,,,,,,,,,,,,,,,,2018-10-31 09:57:43,,,D,,E,,,,1,,,H,,C,,,,2000,,,,,,,,2005-07-25,2018-10-03,,,,,0,,
13781,02,004659722,10692,0301226,,RTUC,สำเริง นาคสุทธิ,,3180500645373,,,,2,,,,,,,,,,,,,,,,,,,,,,,,,,,,2018-01-23 09:57:20,,,,,V,,,,,,,H,,,HDF32VNE,HD,HD,1500,,4,,,,,O,2017-07-25,,,,,,0,,
13781,02,003232722,13781,003232722,,RTCS,วิศวนารถ นงค์ทอง,1961-09-20,3700100265365,,,,1,,,,,,,,,,,,,,,,,,,,,,,,,,,,2023-06-07 11:23:51,,,,,E,,,,,,,H,,C,BL477J,,,2000,,,,,,,,2012-10-01,2023-06-03,,,,,0,,
13781,02,004251822,13781,004251822,,RTCL,สุภาวดี คามตะศิลา,1955-01-08,3100503289047,,,,2,,,,,,,,,,,,,,,,,,,,,,,,,,,,2023-05-08 08:15:37,,,,,E,,,,,,,H,,,QJ72PZ,,,2000,,,,,,,,2008-10-12,2022-09-30,,,,,0,,
13781,02,004805365,13781,004805365,,RTSS,มาโนช อิ่มสบาย,,1130400056159,,,,1,,,,,,,,,,,,,,,,,,,,,,,,,,,,2018-01-24 08:09:45,,,,,,,,,,G,,,,,SSJBI5WP,HD,HD,1500,,2,,,,,,2015-01-06,,,,,,0,,
13781,02,005322815,13781,005322815,,RTSS,จิระพงษ์ ทองห่อ,1987-02-04,1331000099968,,,,1,,,,,,,,,,,,,,,,,,,,,,,,,,,,2025-12-01 09:39:33.998000,,,S,,E,,,,,G,,,,,SSDL6JQH,HD,HD,1500,,2,,,,,,2017-03-24,2025-11-30,,,,,0,,
13781,02,001175124,13781,001175124,,"RTUC,RTCS",อุทัย จันทร์สว่าง,,3101402399387,,,,1,,,,,,,,,,,,,,,,,,,,,,,,,,,,2018-11-01 20:48:46.998000,,,U,,E,,,,1,,,H,,C,UCE5L0SM,HD,HD,1500,,8,,,,,O,2018-10-05,2022-12-31,,,,,0,,
13781,02,003218475,13781,003218475,,RTCS,กรองทอง เพ็งพัฒน์,1948-07-01,5331000012351,,,,2,,,,,,,,,,,,,,,,,,,,,,,,,,,,2018-03-17 14:33:50.999000,,,D,,E,,,,,,,H,,C,HLP74B,,,2000,,,,,,,,2008-07-24,2018-03-19,,,,,0,,
13781,02,005224031,13781,005224031,,RTSS,สุมัชชา ทีศรี,,3100902081474,,,,1,,,,,,,,,,,,,,,,,,,,,,,,,,,,2018-02-07 06:39:30,,,,,,,,,,G,,,,,SSIXCB48,HD,HD,1500,,2,,,,,,2013-06-01,,,,,,0,,
13781,02,004277039,13781,004277039,,RTCS,ถาวร ผิวละมุล,1963-03-23,3460500416193,,,,1,,,,,,,,,,,,,,,,,,,,,,,,,,,,2019-02-21 09:19:22,,,O,,E,,,,,,,H,,C,G9J3C2,,,2000,,,,,,,,2009-01-06,2019-02-18,,,,,0,,
13781,02,004658179,13781,004658179,,RTCS,เกริกเกียรติ มีทอง,1957-01-30,3760600053065,,,,1,,,,,,,,,,,,,,,,,,,,,,,,,,,,2024-02-19 10:10:32,,,D,,E,,,,,G,2,H,,C,B4KDKP,,,2000,,,,,,,,2018-02-06,2024-02-05,,,,,0,,
13781,02,004546395,11543,776055,,RTUC,น้ำทิพย์ วงษ์ทรัพย์ทวี,,3100901054741,,,,2,,,,,,,,,,,,,,,,,,,,,,,,,,,,2018-02-12 18:55:23,,,,,,,,,2,G,,1,,,HEH4J3AT,HD,HD,1500,,2,,,,,O,2016-06-06,,,,,,0,,
13781,02,004930575,13781,004930575,,RTSS,เตชินี ฐานิกา,,3102101875172,,,,2,,,,,,,,,,,,,,,,,,,,,,,,,,,,2018-02-14 06:52:12.999000,,,,,,,,,,G,,,,,SSFK7RCS,HD,HD,1500,,2,,,,,,2014-02-13,,,,,,0,,
13781,,002695097,13781,002695097,,RTCS,สมพัฒน์ โพชนิกร,1953-02-22,3100202589661,,,,1,,,,,,,,,,,,,,,,,,,,,,,,,,,,2018-06-21 11:35:09,,,O,,E,,,,,,,H,,C,KWMK3P,,,2000,,,,,,,,2006-10-24,2018-06-03,,,,,0,,
13781,02,005335070,12033,16107-58,,RTUC,สิทธิชัย เจริญชัยชนม์,,3169700037910,,,,1,,,,,,,,,,,,,,,,,,,,,,,,,,,,2018-02-15 14:00:03.998000,,,U,,E,,,,,G,,3,,,HDJ2T8CB,HD,HD,1500,,2,,,,,O,2018-02-15,2022-12-31,,,,,0,,
13781,02,004462761,13781,004462761,,RTSS,สมนึก ปล่อยมณี,1957-11-26,3210500695256,,,,1,,,,,,,,,,,,,,,,,,,,,,,,,,,,2019-12-03 14:49:35,,,D,,E,,,,,G,,,,,SSMXQR41,HD,HD,1500,,1,,,,,,2012-10-15,2019-11-18,,,,,0,,
13781,02,004958202,10731,0706225,,RTUC,จักรกฤษณ์ เล่าทรัพย์,,1719900153890,,,,1,,,,,,,,,,,,,,,,,,,,,,,,,,,,2018-02-17 18:00:04,,,U,,E,,,,,G,,2,,,HRD37HJR,HD,HD,1500,,2,,,,,O,2018-02-17,2022-12-31,,,,,0,,
13781,02,003037632,11552,2955-59,,RTUC,สุเทพ จาวลา,,3309901545813,,,,1,,,,,,,,,,,,,,,,,,,,,,,,,,,,2018-02-19 12:00:07,,,U,,E,,,,,G,,3,,,HDM3PUP8,HD,HD,1500,,2,,,,,O,2018-02-16,2022-12-31,,,,,0,,
13781,02,004535421,13781,004535421,,RTCL,รุ่งรัตน์ กัมพูพันธ์,1975-10-12,3600700127746,,,,2,,,,,,,,,,,,,,,,,,,,,,,,,,,,2023-05-08 08:15:06,,,,,E,,,,,,,H,,,QLTFUW,,,2000,,,,,,,,2011-07-06,2022-09-30,,,,,0,,
13781,02,003070259,13781,003070259,,RTCS,สมพงษ์ สิทธาจารย์,1939-08-04,3102002250913,,,,1,,,,,,,,,,,,,,,,,,,,,,,,,,,,2018-06-21 11:35:09,,,O,,E,,,,,,,H,,C,PIJ7K8,,,2000,,,,,,,,2006-01-24,2018-06-18,,,,,0,,
13781,02,002879260,13781,002879260,,RTCS,วิเชียร ทับพรหม,1938-01-10,5159900001052,,,,1,,,,,,,,,,,,,,,,,,,,,,,,,,,,2021-12-20 15:43:35,,,D,,E,,,,,,,H,,C,MWSFU3,,,2000,,,,,,,,2007-09-06,2021-12-18,,,,,0,,
13781,02,002809668,13781,002809668,,RTCS,สมาน พุกพบสุข,1942-02-23,3730300515012,,,,1,,,,,,,,,,,,,,,,,,,,,,,,,,,,2019-08-20 09:59:37.999000,,,D,,E,,,,,,,H,,C,K2QLBU,,,2000,,,,,,,,2006-12-06,2019-08-18,,,,,0,,
13781,02,005315849,13781,005315849,,RTCS,สุชาติ ประเสริฐชาติ,1955-04-01,3100503590871,,,,2,,,,,,,,,,,,,,,,,,,,,,,,,,,,2019-04-03 13:50:29,,,D,,E,,,,,,,H,,C,M7VY4Y,,,2000,,,,,,,,2017-10-25,2019-04-03,,,,,0,,
13781,02,003157465,13781,003157465,,RTCL,อุบล นีลเสวี,1938-09-25,3102200004790,,,,2,,,,,,,,,,,,,,,,,,,,,,,,,,,,2021-11-22 08:42:10,,,D,,E,,,,,,,H,,,Q84DB5,,,2000,,,,,,,,2008-02-26,2021-11-18,,,,,0,,
13781,02,003905138,13781,003905138,,RTCS,บุปผา วิวัฒสวัสดินนท์,1943-07-01,3919900102629,,,,2,,,,,,,,,,,,,,,,,,,,,,,,,,,,2020-08-04 09:50:19.998000,,,O,,E,,,,,,,H,,C,B39O37,,,2000,,,,,,,,2006-11-15,2020-02-18,,,,,0,,
13781,,003247012,13781,003247012,,RTCS,ส่ง พงษ์สุวรรณ,1938-05-15,3649800145523,,,,2,,,,,,,,,,,,,,,,,,,,,,,,,,,,2019-07-31 16:28:23.998000,,,,,V,,,,,,,H,,C,GTA2B5,,,2000,,,,,,,,2006-12-12,2099-12-31,,,,,0,,
13781,02,002782000,13781,002782000,,RTCS,สำรวย พลเจียก,1940-06-01,3180400216047,,,,2,,,,,,,,,,,,,,,,,,,,,,,,,,,,2019-07-31 16:28:23.998000,,,,,V,,,,,,,H,,C,LKKGNX,,,2000,,,,,,,,2008-08-07,2099-12-31,,,,,0,,
13781,02,003118408,22525,17410/41,,RTUC,กอบศักดิ์ ขานเพราะ,1972-08-07,3100600490746,,,,1,,,,,,,,,,,,,,,,,,,,,,,,,,,,2018-07-17 16:24:49.998000,,,D,,E,,,,,G,,3,,,HDL3KH8Y,HD,HD,1500,,7,,,,,O,2018-02-27,2018-07-13,,,,,0,,
13781,02,004676289,77556,3014-59,,RTUC,สินิทธ์ จิระชัย,,3100504026279,,,,2,,,,,,,,,,,,,,,,,,,,,,,,,,,,2018-03-02 17:00:46.998000,,,U,,E,,,,,G,,3,,,HDG36UDL,HD,HD,1500,,4,,,,,O,2018-03-02,2022-12-31,,,,,0,,
13781,02,002673923,13781,002673923,,RTCS,จรูญ สารอรรถ,1932-07-01,3101400489061,,,,2,,,,,,,,,,,,,,,,,,,,,,,,,,,,2025-10-03 13:20:42,,,D,,E,,,,,,,H,,C,K73Q4A,,,2000,,,,,,,,2008-02-04,2025-09-22,,,,,0,,
13781,,002480880,13781,002480880,,RTCS,อำนวย ศรีติมงคล,1940-07-01,3100200851253,,,,2,,,,,,,,,,,,,,,,,,,,,,,,,,,,2019-07-31 16:28:23.998000,,,,,V,,,,,,,H,,C,BWPKU4,,,2000,,,,,,,,2007-01-09,2099-12-31,,,,,0,,
13781,02,003554559,13781,003554559,,RTSS,มิตร ทองกาบ,1966-03-08,3560300279884,,,,1,,,,,,,,,,,,,,,,,,,,,,,,,,,,2021-07-05 16:02:02,,,D,,E,,,,,G,,,,,SSH5B72G,HD,HD,1500,,2,,,,,,2017-11-30,2021-05-30,,,,,0,,
13781,02,004416473,21708,43/50,,RTUC,ณัฐวัฒน์ ตั้งสถิตวงศ์,,3101402106509,,,,1,,,,,,,,,,,,,,,,,,,,,,,,,,,,2019-04-01 15:36:44.998000,,,D,,E,,,,,G,,3,,,HDK4ENPJ,HD,HD,1500,,7,,,,,O,2018-03-07,2019-04-03,,,,,0,,
13781,02,004571846,10853,580004404,,RTUC,จักรี จรุงเพิ่มพร,,5200699001675,,,,1,,,,,,,,,,,,,,,,,,,,,,,,,,,,2018-03-10 18:00:05,,,U,,E,,,,,G,,3,,,HDM2KNPT,HD,HD,1500,,2,,,,,O,2018-03-10,2022-12-31,,,,,0,,
13781,02,004817918,10734,1265546,,RTUC,สุชาดา ชาวปากน้ำ,,3740100534064,,,,2,,,,,,,,,,,,,,,,,,,,,,,,,,,,2018-03-13 14:00:03.998000,,,U,,E,,,,,G,,3,,,HDB4A22W,HD,HD,1500,,2,,,,,R,2018-03-13,2022-12-31,,,,,0,,
13781,,005268950,13781,005268950,,RTCS,อาคม คนชาญ,1981-05-12,3311000890173,,,,,,,,,,,,,,,,,,,,,,,,,,,,,,,,2023-06-07 11:23:51,,,,,E,,,,,,,H,,C,B2GCRC,,,2000,,,,,,,,2017-04-05,2023-06-03,,,,,0,,
13781,02,004623306,13781,004623306,,RTCS,กษมา มุลศรี,1973-02-09,3469900028814,,,,1,,,,,,,,,,,,,,,,,,,,,,,,,,,,2019-07-31 16:28:23.998000,,,,,V,,,,,,,H,,C,D5H4DB,,,2000,,,,,,,,2018-03-05,2099-12-31,,,,,0,,
13781,02,003465625,13781,003465625,,RTSS,วรรณพร บวรสกุลโชค,,3101201183719,,,,2,,,,,,,,,,,,,,,,,,,,,,,,,,,,2018-03-15 08:39:05,,,,,,,,,,G,,,,,SSGK3V67,HD,HD,1500,,2,,,,,,2012-10-15,,,,,,0,,
13781,02,004858767,13781,004858767,,RTSS,พิษณุ แสงเดือน,,1341200056961,,,,1,,,,,,,,,,,,,,,,,,,,,,,,,,,,2018-03-21 06:42:26.999000,,,,,,,,,,G,,,,,SSFP6E75,HD,HD,1500,,2,,,,,,2013-10-26,,,,,,0,,
13781,,003626511,13781,003626511,07437381,RTCS,สนั่น บานเย็น,1963-06-14,3130100161999,,,,1,,,,,,,,,,,,,,,,,,,,,,,,,,,,2019-07-31 16:26:53,,,,,U,,,,1,,,H,,C,,,,2000,,,,,,,O,2005-04-21,2099-12-31,,,,,0,,
13781,,004641384,13781,004641384,,RTCS,วิจารณ์ สารอักษร,1945-06-12,3800100123535,,,,1,,,,,,,,,,,,,,,,,,,,,,,,,,,,2019-07-31 16:28:24.998000,,,,,V,,,,,,,H,,C,F5X7QD,,,2000,,,,,,,,2012-06-21,2099-12-31,,,,,0,,
13781,02,002741944,13781,002741944,,RTCS,นงลักษณ์ ละมัยเกศ,1939-07-01,3720800139052,,,,2,,,,,,,,,,,,,,,,,,,,,,,,,,,,2019-07-31 16:28:24.998000,,,,,V,,,,,,,H,,C,AKCS2N,,,2000,,,,,,,,2006-11-14,2099-12-31,,,,,0,,
13781,02,005390299,24972,555372,,RTUC,สมัย ปุ้มฤทธิ์,,5250299012203,,,,1,,,,,,,,,,,,,,,,,,,,,,,,,,,,2018-03-21 08:46:51,,,,,,,,,2,G,,1,,,HECLB9R5,HD,HD,1500,,4,,,,,R,2015-02-26,,,,,,0,,
13781,,003621779,13781,003621779,,RTCS,พงษ์สันต์ ศิริวัฒน์,1960-12-02,3160101816603,,,,,,,,,,,,,,,,,,,,,,,,,,,,,,,,2025-01-03 08:08:38,,,D,,E,,,W,,,,,,,,,,2000,,,,,,,,2018-10-05,2024-12-30,,,,,0,,
13781,,005087092,13781,005087092,,RTSS,ชลนที คงจิตต์แผ้ว,1988-08-15,1101401392251,,,,2,,,,,,,,,,,,,,,,,,,,,,,,,,,,2025-11-25 08:16:31.999000,,,,,,,,,,,,,,,SSMKSUW0,HD,HD,1500,,2,,,,,,2019-08-26,,,,,,0,,
13781,,005090590,13781,005090590,,RTSS,ปทุมวดี ชูไสว,1989-07-22,1219900215776,,,,2,,,,,,,,,,,,,,,,,,,,,,,,,,,,2025-05-13 11:25:50,,,,,,,,,,,,,,,SSGZ4MEL,HD,HD,1500,,2,,,,,,2021-11-26,,,,,,0,,
13781,,1230327,13781,1230327,,RTSS,สกน ธีระกุล,1947-03-01,3101300423106,,,,1,,,,,,,,,,,,,,,,,,,,,,,,,,,,2025-06-24 12:52:12.999000,,,D,,E,,,,,,,,,,SSVW4TNW,HD,HD,1500,,2,,,,,,2022-04-22,2024-09-12,,,,,0,,
13781,,003562180,13781,003562180,,RTCS,สุริยา วุตติหาสะ,1959-07-02,3969900071324,,,,,,,,,,,,,,,,,,,,,,,,,,,,,,,,2025-01-03 09:16:13.998000,,,,,,,,W,,,,,,,,,,2000,,,,,,,,2022-12-23,2099-12-31,,,,,0,,
13781,,004760446,13781,004760446,,RTCS,จักรพงษ์ สาครินทร์,1988-03-14,1101401270163,,,,,,,,,,,,,,,,,,,,,,,,,,,,,,,,2025-01-03 09:16:17,,,,,,,,W,,,,,,,,,,2000,,,,,,,,2023-01-03,2099-12-31,,,,,0,,
13781,,004193791,13781,004193791,,RTCS,ธาตรี ปฐมพงษ์อนันต์,1964-07-24,3730300659685,,,,,,,,,,,,,,,,,,,,,,,,,,,,,,,,2025-01-03 08:08:34,,,D,,E,,,W,,,,,,,,,,2000,,,,,,,,2024-08-29,2024-12-30,,,,,0,,
13781,,004684425,13781,004684425,,RTSS,สายันต์ พิลาวงค์,1962-06-18,5959999007476,,,,1,,,,,,,,,,,,,,,,,,,,,,,,,,,,2025-06-12 10:16:31,,,S,,E,,,,,,,,,,SSH0AJLW,HD,HD,1500,,2,,,,,,2018-05-05,2025-05-31,,,,,0,,
13781,,005966102,13781,005966102,,RTCS,ชลอ พันธุรัตน์,1972-08-08,3159900070163,,,,,,,,,,,,,,,,,,,,,,,,,,,,,,,,2025-01-02 08:22:07,,,,,,,,W,,,,,,,,,,2000,,,,,,,,2025-01-02,2499-12-31,,,,,0,,
13781,,005047850,13781,005047850,,RTCS,ธีรพัฒน์ ปานสุด,1962-01-09,3620501007651,,,,,,,,,,,,,,,,,,,,,,,,,,,,,,,,2025-01-03 07:29:01.998000,,,,,,,,W,,,,,,,,,,2000,,,,,,,,2025-01-03,2499-12-31,,,,,0,,
13781,02,003099143,13781,003099143,,RTCS,สันติ นิติธรรมยง,1938-03-02,3101401876483,,,,,,,,,,,,,,,,,,,,,,,,,,,,,,,,2025-08-06 14:30:49,,,D,,E,,,W,,,,,,,,,,2000,,,,,,,,2025-01-03,2025-07-28,,,,,0,,
13781,02,006017217,13781,006017217,,RTSS,รุ่ง สุวรรณเกิด,,3770600708410,,,,1,,,,,,,,,,,,,,,,,,,,,,,,,,,,2025-01-06 06:28:23,,,,,,,,,,,,,,,SSK8HQF6,HD,HD,1500,,2,,,,,,2014-02-28,,,,,,0,,
13781,02,003098016,13781,003098016,,RTCS,ธีรเศรษฐ์ สุขปราการ,1962-07-03,3102000743955,,,,,,,,,,,,,,,,,,,,,,,,,,,,,,,,2025-01-10 08:21:55,,,,,,,,W,,,,,,,,,,2000,,,,,,,,2025-01-10,2499-12-31,,,,,0,,
13781,,004490582,27972,206,,RTUC,ชัด สมหวัง,1958-07-21,3860800017355,,,,1,,,,,,,,,,,,,,,,,,,,,,,,,,,,2017-06-02 13:56:57.998000,,,C,,E,,,,,,,3,,,HDEOA5S4,PD,HD,1500,,4,,,,,O,2014-12-23,2017-05-19,,,,,0,,
13781,,003833479,13781,003833479,,RTCS,ทรงยศ ตันตระกูล,1951-12-01,3830300252754,,,,1,,,,,,,,,,,,,,,,,,,,,,,,,,,,2022-02-04 09:28:32,,,D,,E,,,,,,,H,,C,JXSXQ2,,,2000,,,,,,,,2007-11-15,2022-02-03,,,,,0,,
13781,,003709286,13781,003709286,,RTCS,เสน่ห์ พูลนาผล,1950-10-13,3730500312565,,,,1,,,,,,,,,,,,,,,,,,,,,,,,,,,,2017-02-02 17:18:44.998000,,,C,,E,,,,,,,H,,C,BQ7CCX,,,2000,,,,,,,,2014-11-13,2017-02-03,,,,,0,,
13781,,004451530,13781,004451530,,RTCS,สาธิต พัฒนพันธ์ชัย,1939-01-01,3160400003868,,,,1,,,,,,,,,,,,,,,,,,,,,,,,,,,,2017-06-02 17:36:23,,,C,,E,,,,,,,H,,C,KCTTFG,,,2000,,,,,,,,2010-08-24,2017-06-05,,,,,0,,
13781,,004559749,13781,004559749,,RTCS,สมยศ ลิมปนะพฤกษ์,1929-01-01,3730100996254,,,,1,,,,,,,,,,,,,,,,,,,,,,,,,,,,2018-05-17 18:58:28.998000,,,D,,E,,,,,,,H,,C,DNZUVL,,,2000,,,,,,,,2011-10-06,2018-05-18,,,,,0,,
13781,,004192721,13781,004192721,,RTCS,กิมเฮียะ พิทักษ์เจริญ,1937-01-01,3119900126401,,,,2,,,,,,,,,,,,,,,,,,,,,,,,,,,,2021-06-10 13:54:31.999000,,,D,,E,,,,,,,H,,C,KYXPQ6,,,2000,,,,,,,,2012-06-28,2021-06-03,,,,,0,,
13781,,005404261,13781,005404261,,RTSS,วิจิตร จันทร์สระแก้ว,1959-12-26,3320900293472,,,,1,,,,,,,,,,,,,,,,,,,,,,,,,,,,2018-08-20 08:44:27.998000,,,D,,E,,,,,,,,,,SSBC9GFR,HD,HD,1500,,2,,,,,,2015-07-24,2018-07-20,,,,,0,,
13781,,002512185,13781,002512185,,RTCS,สิเรียม กลิ่นถือศิล,1962-10-29,3730300350315,,,,2,,,,,,,,,,,,,,,,,,,,,,,,,,,,2019-07-31 16:28:24.998000,,,,,V,,,,,,,H,,C,I7XPKO,,,2000,,,,,,,,2006-12-01,2099-12-31,,,,,0,,
13781,,005385721,13781,005385721,,RTSS,สายนรินทร์ พัวเหนี้ยว,,3800600076684,,,,2,,,,,,,,,,,,,,,,,,,,,,,,,,,,2018-03-28 17:45:57.999000,,,,,,,,,,,,,,,SSHE3NL2,HD,HD,1500,,2,,,,,,2017-01-20,,,,,,0,,
13781,,005166185,10666,130009,,RTUC,ฉวีวรรณ หวังตันกลาง,,1302200045200,,,,2,,,,,,,,,,,,,,,,,,,,,,,,,,,,2018-03-29 12:00:06,,,U,,E,,,,,,,3,,,HDJ2JTJU,HD,HD,1500,,2,,,,,O,2018-03-29,2022-12-31,,,,,0,,
13781,,003778170,13781,003778170,,RTCS,ทองหลอม น้ำจันทร์,1942-06-11,3729900130063,,,,1,,,,,,,,,,,,,,,,,,,,,,,,,,,,2018-05-17 18:58:28.998000,,,D,,E,,,,,,,H,,C,G3LYZ2,,,2000,,,,,,,,2008-01-31,2018-05-18,,,,,0,,
13781,,004898585,13781,004898585,,RTSS,สุนีย์ พรหมวิจิตรการ,,3100901211684,,,,2,,,,,,,,,,,,,,,,,,,,,,,,,,,,2018-04-03 11:44:03.998000,,,,,,,,,,,,,,,SSJO39J0,HD,HD,1500,,2,,,,,,2012-10-15,,,,,,0,,
13781,,004425351,13781,004425351,,RTCS,สมนึก โสมนัส,1972-05-02,3200900787247,,,,1,,,,,,,,,,,,,,,,,,,,,,,,,,,,2020-06-04 15:59:32,,,S,,E,,,,,,,H,,C,F4L884,,,2000,,,,,,,,2010-06-16,2020-06-03,,,,,0,,
13781,,004173465,13781,004173465,,RTCS,สันติชัย มีสกุล,1956-06-10,3102000207905,,,,1,,,,,,,,,,,,,,,,,,,,,,,,,,,,2019-07-31 16:28:24.998000,,,,,V,,,,,,,H,,C,KYQC3J,,,2000,,,,,,,,2008-01-25,2099-12-31,,,,,0,,
13781,,004098648,13781,004098648,,RTCS,นันทาณัจณ์ ทวีสัตย์,1959-12-18,3320500581039,,,,2,,,,,,,,,,,,,,,,,,,,,,,,,,,,2023-09-19 10:34:29.999000,,,D,,E,,,,,,,H,,C,BPNFGH,,,2000,,,,,,,,2007-08-09,2023-09-18,,,,,0,,
13781,,004550743,13781,004550743,,RTCS,อภิชาติ เลิศการค้าสุข,1966-01-05,3259900103818,,,,1,,,,,,,,,,,,,,,,,,,,,,,,,,,,2019-07-31 16:28:24.998000,,,,,V,,,,,,,H,,C,GE49WV,,,2000,,,,,,,,2011-07-28,2099-12-31,,,,,0,,
13781,,004549397,13781,004549397,,RTCS,อุไร พวงมาลี,1949-05-05,3410101779268,,,,2,,,,,,,,,,,,,,,,,,,,,,,,,,,,2019-07-31 16:28:24.998000,,,,,V,,,,,,,H,,C,BJ5SRA,,,2000,,,,,,,,2011-08-10,2099-12-31,,,,,0,,
13781,,005371575,13781,005371575,,RTCS,อ่อนพักตร์ อู่ไทย,1929-08-05,3102000674139,,,,2,,,,,,,,,,,,,,,,,,,,,,,,,,,,2018-10-31 09:57:43,,,D,,E,,,,,,,H,,C,O89YP5,,,2000,,,,,,,,2018-01-12,2018-08-18,,,,,0,,
13781,,005268048,13781,005268048,,RTCS,แสง ถนอมนิรชรชัย,1938-01-09,3101202312059,,,,1,,,,,,,,,,,,,,,,,,,,,,,,,,,,2019-12-06 16:54:00.998000,,,D,,E,,,,,,,H,,C,BFGP92,,,2000,,,,,,,,2017-03-30,2019-12-03,,,,,0,,
13781,,005336032,11260,29398,,RTUC,มาโนชญ์ เรืองจิตชัชวาลย์,,3669700056651,,,,1,,,,,,,,,,,,,,,,,,,,,,,,,,,,2018-04-10 14:00:03.998000,,,U,,E,,,,,,,3,,,HDM2E4WQ,HD,HD,1500,,2,,,,,R,2018-04-10,2022-12-31,,,,,0,,
13781,,004132497,13781,004132497,,RTCS,เสนาะ มีทรัพย์ปรุง,1958-09-13,3200900238057,,,,2,,,,,,,,,,,,,,,,,,,,,,,,,,,,2019-10-11 10:13:20.998000,,,O,,E,,,,,,,H,,C,BJCA45,,,2000,,,,,,,,2012-12-13,2019-10-03,,,,,0,,
13781,,002390372,13781,002390372,,RTCS,สงัด จันทร์แช่มช้อย,1927-04-20,3619900003411,,,,1,,,,,,,,,,,,,,,,,,,,,,,,,,,,2018-10-31 09:57:36,,,D,,E,,,,,,,H,,C,C3D65B,,,2000,,,,,,,,2006-10-27,2018-09-18,,,,,0,,
13781,,004797872,27972,209,,RTUC,แดง สนขาว,,3100905317096,,,,2,,,,,,,,,,,,,,,,,,,,,,,,,,,,2018-04-19 08:30:07.999000,,,U,,E,,,,,,,3,,,HDCB4VKD,HD,HD,1500,,2,,,,,R,2018-04-16,2022-12-31,,,,,0,,
13781,,005051282,11676,0037472,,RTUC,ถวัลย์ นาคสีม่วง,1952-07-19,3120100140291,,,,2,,,,,,,,,,,,,,,,,,,,,,,,,,,,2018-04-20 10:38:30,,,U,,E,,,,,,,3,,,HDL3Q44C,HD,HD,1500,,2,,,,,O,2018-04-20,2022-12-31,,,,,0,,
13781,,004525951,13781,004525951,,RTCS,ธรรมยุทธ อินศฤงคาร,1956-05-13,3841700135161,,,,1,,,,,,,,,,,,,,,,,,,,,,,,,,,,2019-07-31 16:28:25.998000,,,,,V,,,,,,,H,,C,ME9543,,,2000,,,,,,,,2011-05-09,2099-12-31,,,,,0,,
13781,,005124880,13781,005124880,,RTCS,สายหิ้น เหมาะสมสกุล,1948-01-01,3809700003776,,,,2,,,,,,,,,,,,,,,,,,,,,,,,,,,,2018-05-17 18:58:28.998000,,,D,,E,,,,,,,H,,C,I492RS,,,2000,,,,,,,,2016-03-29,2018-05-18,,,,,0,,
13781,,003813169,13781,003813169,,RTCS,สุพจน์ สุขประยูร,1940-12-01,3100602190791,,,,1,,,,,,,,,,,,,,,,,,,,,,,,,,,,2018-10-31 09:57:44,,,D,,E,,,,,,,H,,C,MCYD2S,,,2000,,,,,,,,2008-01-09,2018-09-18,,,,,0,,
13781,,005395324,13781,005395324,,RTSS,อาลิตา แช่มชูแพ,1960-07-06,3101700473291,,,,2,,,,,,,,,,,,,,,,,,,,,,,,,,,,2021-09-21 10:40:13,,,D,,E,,,,,,,,,,SSM426FJ,HD,HD,1500,,2,,,,,,2015-02-07,2021-08-28,,,,,0,,
13781,,004998811,10686,5133705,,RTUC,ภัทรภร โสภณพรประภา,1953-07-01,3102002364030,,,,2,,,,,,,,,,,,,,,,,,,,,,,,,,,,2018-04-27 17:00:44,,,U,,E,,,,,,,3,,,HDMF5A48,HD,HD,1500,,2,,,,,R,2018-04-27,2022-12-31,,,,,0,,
13781,,005395700,11775,12885-53,,RTUC,บรรจง จันทร์ตน,,3102400067493,,,,2,,,,,,,,,,,,,,,,,,,,,,,,,,,,2018-04-28 18:00:02.999000,,,U,,E,,,,,,,3,,,HDKGH276,HD,HD,1500,,2,,,,,R,2018-04-28,2022-12-31,,,,,0,,
13781,,002954779,13781,002954779,,RTCS,ประวิทย์ ทองศรีนุ่น,1932-05-07,3939900177149,,,,1,,,,,,,,,,,,,,,,,,,,,,,,,,,,2019-09-19 15:41:08,,,O,,E,,,,,,,H,,C,VSTA5J,,,2000,,,,,,,,2006-07-18,2019-09-18,,,,,0,,
13781,,003539676,13781,003539676,,RTCS,ยกลั่น แซ่แต่,1928-07-01,3860400481836,,,,2,,,,,,,,,,,,,,,,,,,,,,,,,,,,2020-03-06 08:46:21,,,D,,E,,,,,,,H,,C,J3MIFW,,,2000,,,,,,,,2006-11-27,2020-03-03,,,,,0,,
13781,,1234,13781,1234,,RTSS,ประภวิชญ์ บรรจงกุล,,1100500141379,,,,1,,,,,,,,,,,,,,,,,,,,,,,,,,,,2018-05-03 17:14:21,,,,,,,,,,,,,,,SSBQKJ1L,HD,HD,1500,,2,,,,,,2012-10-15,,,,,,0,,
13781,,004689688,13781,004689688,,RTSS,สุชาดา รักธรรม,1974-11-08,3100800313074,,,,2,,,,,,,,,,,,,,,,,,,,,,,,,,,,2026-03-31 10:02:40,,,S,,E,,,,,,,,,,SSEC9O4M,HD,HD,1500,,2,,,,,,2012-11-26,2026-03-29,,,,,0,,
13781,,004369549,13781,004369549,,RTCS,ภาณุ สมบัติ,1960-12-29,3101400140254,,,,1,,,,,,,,,,,,,,,,,,,,,,,,,,,,2019-08-06 10:20:57,,,,,U,,,,,,,H,,C,A26BHV,,,2000,,,,,,,,2019-08-04,2099-12-31,,,,,0,,
13781,,5343497,13781,5343497,,"RTCS,",ฎากร หลิมรัตน์,1948-09-10,3100601860512,,,,,,,,,,,,,,,,,,,,,,,,,,,,,,,,2020-01-21 08:41:43.998000,,,D,,E,,,,,,,,,,,,,2000,,,,,,,,2006-10-02,2020-01-18,,,,,0,,
13781,,005242569,10676,58-16457,,RTUC,กาญจนา บุญมาติด,,1659900465566,,,,2,,,,,,,,,,,,,,,,,,,,,,,,,,,,2018-07-04 10:41:29.998000,,,D,,E,,,,,,,3,,,HDM3TZLQ,HD,HD,1500,,4,,,,,O,2018-05-07,2018-07-03,,,,,0,,
13781,,004279065,13781,004279065,,RTCS,วันทนีย์ สื่อบริรักษ์,1948-04-01,3101501972191,,,,2,,,,,,,,,,,,,,,,,,,,,,,,,,,,2019-01-18 12:57:43,,,D,,E,,,,,,,H,,C,HBSVBY,,,2000,,,,,,,,2009-05-14,2019-01-18,,,,,0,,
13781,,005415553,13781,005415553,,"RTCS,",อุทัย ปานหงษา,1959-06-09,3100300361550,,,,,,,,,,,,,,,,,,,,,,,,,,,,,,,,2023-05-08 08:16:41,,,,,E,,,,,,,,,,,,,2000,,,,,,,,2019-11-04,2022-09-30,,,,,0,,
13781,,002840142,13781,002840142,,RTCS,ลี่เซียง แซ่อื้อ,1935-04-01,3101800838666,,,,,,,,,,,,,,,,,,,,,,,,,,,,,,,,2022-03-21 10:14:46,,,D,,E,,,,,,,,,,,,,2000,,,,,,,,2018-05-09,2022-03-18,,,,,0,,
13781,,002316164,13781,002316164,,RTCS,เพลินจิตต์ บุษย์โกมุท,1935-09-29,3102101653498,,,,,,,,,,,,,,,,,,,,,,,,,,,,,,,,2018-05-10 09:30:44,,,,,E,,,W,,,,H,,C,,,,2000,,,,,,,,2018-05-09,,,,,,0,,
13781,,003167130,13781,003167130,,RTCS,สงบ จันทร์สระคู,1939-03-22,3100502819115,,,,2,,,,,,,,,,,,,,,,,,,,,,,,,,,,2023-06-07 11:24:01.998000,,,,,E,,,,,,,H,,C,ACSMYF,,,2000,,,,,,,,2007-12-07,2023-06-03,,,,,0,,
13781,,5415992,13781,5415992,,RTCS,วรรณา เรืองปราชญ์,1953-10-07,3100800509980,,,,,,,,,,,,,,,,,,,,,,,,,,,,,,,,2019-05-07 13:38:30,,,D,,E,,,,,,,,,,,,,2000,,,,,,,,2018-05-13,2019-05-03,,,,,0,,
13781,,005414167,13781,005414167,,RTSS,กัมปนาท สุขะยุวนะ,1951-11-17,3100904244214,,,,1,,,,,,,,,,,,,,,,,,,,,,,,,,,,2018-06-04 13:51:46.998000,,,D,,E,,,,,,,,,,SSGEFHPS,HD,HD,1500,,2,,,,,,2012-10-15,2018-05-22,,,,,0,,
13781,,004544253,13781,004544253,,RTSS,สนธยา เจ็งวัฒนาพร,1975-06-07,3210200144661,,,,1,,,,,,,,,,,,,,,,,,,,,,,,,,,,2022-11-03 15:45:38.998000,,,,,,,,,,,,,,,SSD0BMRX,HD,HD,1500,,1,,,,,,2013-03-20,,,,,,0,,
13781,,005380110,13781,005380110,,RTCS,ศรีอำพันธ์ กมลฉ่ำ,1959-06-01,3101000361288,,,,2,,,,,,,,,,,,,,,,,,,,,,,,,,,,2024-06-05 10:50:45,,,D,,E,,,,,,,H,,C,BLUQPP,,,2000,,,,,,,,2018-01-25,2024-05-27,,,,,0,,
13781,,005236929,11885,0094328,,RTUC,ทินกร บุญกระโทก,,3300700510640,,,,1,,,,,,,,,,,,,,,,,,,,,,,,,,,,2018-05-25 14:00:02.998000,,,U,,E,,,,,,,3,,,HDH483C6,HD,HD,1500,,4,,,,,O,2018-05-25,2022-12-31,,,,,0,,
13781,,004531633,28824,57-054,,RTUC,สุดากาญจน์ กลิ่นอ่วม,,3609900368141,,,,2,,,,,,,,,,,,,,,,,,,,,,,,,,,,2018-05-30 10:38:34.999000,,,U,,E,,,,,,,3,,,HDF34UYL,PD,HD,1500,,4,,,,,O,2018-05-29,2022-12-31,,,,,0,,
13781,,004125185,12159,57-505460,,RTUC,สุจินต์ ชะเอมสินธ์,1941-01-01,3769900081071,,,,2,,,,,,,,,,,,,,,,,,,,,,,,,,,,2018-06-18 14:53:06.998000,,,D,,E,,,,,,,3,,,HDE48BP9,HD,HD,1500,,7,,,,,R,2018-05-30,2018-06-08,,,,,0,,
13781,,004538416,13781,004538416,,RTCS,สุดาวรรณ นามวงษ์,1947-06-05,3160100080352,,,,,,,,,,,,,,,,,,,,,,,,,,,,,,,,2019-07-31 16:28:28,,,,,,,,W,,,,,,,,,,2000,,,,,,,,2018-05-31,2099-12-31,,,,,0,,
13781,02,001040430,13781,001040430,,RTCS,สุนี ฉ่ำรักษ์สินธุ์,1955-12-09,3159900004136,,,,,,,,,,,,,,,,,,,,,,,,,,,,,,,,2019-07-31 16:28:28,,,,,,,,W,,,,,,,,,,2000,,,,,,,,2018-05-31,2099-12-31,,,,,0,,
13781,02,003904990,13781,003904990,,RTCS,สมพงษ์ คงเลิศ,1935-04-01,3800400283384,,,,,,,,,,,,,,,,,,,,,,,,,,,,,,,,2019-07-31 16:28:29,,,,,,,,W,,,,,,,,,,2000,,,,,,,,2018-06-01,2099-12-31,,,,,0,,
13781,,001112853,11891,54-07557,,RTUC,แสงทอง แช่มช้อย,,3300900990122,,,,2,,,,,,,,,,,,,,,,,,,,,,,,,,,,2019-06-04 17:31:11.998000,,,D,,E,,,,,,,3,,,HDM2QCAF,PD,HD,1500,,4,,,,,O,2018-06-02,2019-05-31,,,,,0,,
13781,,002873588,13781,002873588,,RTCS,ประสพ ชารีนิวัฒน์,1956-10-19,3350600049479,,,,,,,,,,,,,,,,,,,,,,,,,,,,,,,,2026-03-04 14:39:23.999000,,,D,,E,,,W,,,,,,,,,,2000,,,,,,,,2018-06-04,2026-02-23,,,,,0,,
13781,02,003814477,13781,003814477,,RTCS,หาญ ภักดีการ,1947-08-05,3101700400154,,,,,,,,,,,,,,,,,,,,,,,,,,,,,,,,2019-07-31 16:28:29,,,,,,,,W,,,,,,,,,,2000,,,,,,,,2018-06-05,2099-12-31,,,,,0,,
13781,,005103994,13781,005103994,,RTSS,กรวรรณ จินตเศรณี,1976-09-20,3209900315114,,,,2,,,,,,,,,,,,,,,,,,,,,,,,,,,,2019-12-03 14:49:35,,,,,,,,,,,,,,,SSHGCXN9,HD,HD,1500,,2,,,,,,2015-10-15,,,,,,0,,
13781,02,004233282,13781,004233282,,RTCS,สมชาย มานะผล,1965-09-26,3101100077395,,,,,,,,,,,,,,,,,,,,,,,,,,,,,,,,2023-05-08 08:15:21,,,,,E,,,W,,,,,,,,,,2000,,,,,,,,2018-06-12,2022-09-30,,,,,0,,
13781,,002690581,13781,002690581,,RTCS,สุรีย์ เทียนมั่น,1947-01-01,3100601987261,,,,,,,,,,,,,,,,,,,,,,,,,,,,,,,,2018-10-31 09:57:36,,,W,,E,,,W,,,,,,,,,,2000,,,,,,,,2018-06-12,2018-07-03,,,,,0,,
13781,,005230607,13781,005230607,,RTCS,วาสนา อามระดิษ,1960-01-15,3749900439242,,,,,,,,,,,,,,,,,,,,,,,,,,,,,,,,2019-07-31 16:28:29,,,,,,,,W,,,,,,,,,,2000,,,,,,,,2018-06-12,2099-12-31,,,,,0,,
13781,,004766297,13781,004766297,,RTSS,มโน วงษ์สาหร่าย,1987-04-01,1719900109165,,,,1,,,,,,,,,,,,,,,,,,,,,,,,,,,,2021-11-03 15:52:23,,,D,,E,,,,,,,,,,SSLE7LML,HD,HD,1500,,2,,,,,,2012-10-15,2020-04-30,,,,,0,,
13781,,005394619,10743,53025230,,RTUC,สุนทรีย์ ภูศรี,,3850100216177,,,,2,,,,,,,,,,,,,,,,,,,,,,,,,,,,2018-06-14 12:00:07,,,U,,E,,,,,,,3,,,HDEE4YRV,PD,HD,1500,,2,,,,,O,2018-06-14,2022-12-31,,,,,0,,
13781,,003485261,13781,003485261,,RTCS,กมลวรรณ คำนวณผล,1964-04-17,3101600717326,,,,,,,,,,,,,,,,,,,,,,,,,,,,,,,,2021-10-07 10:09:28,,,W,,E,,,W,,,,,,,,,,2000,,,,,,,,2018-06-18,2021-09-18,,,,,0,,
13781,,003273778,13781,003273778,,RTCS,พยอม กลิ่นอิน,1939-03-25,3120101737401,,,,,,,,,,,,,,,,,,,,,,,,,,,,,,,,2018-10-31 09:57:39.999000,,,W,,E,,,W,,,,,,,,,,2000,,,,,,,,2018-06-22,2018-09-18,,,,,0,,
13781,,003905690,13781,003905690,,RTCS,บุญชู บุญภู่,1943-01-09,3102101971406,,,,,,,,,,,,,,,,,,,,,,,,,,,,,,,,2023-05-08 08:16:28,,,,,E,,,W,,,,,,,,,,2000,,,,,,,,2018-06-22,2022-09-30,,,,,0,,
13781,,004273654,10660,8436,,RTUC,จันทิมา ผิวอ่อนดี,,3140700039418,,,,2,,,,,,,,,,,,,,,,,,,,,,,,,,,,2018-06-25 18:00:09.998000,,,U,,E,,,,,,,3,,,HDJ45VPH,HD,HD,1500,,7,,,,,O,2018-06-25,2022-12-31,,,,,0,,
13781,,003566348,13781,003566348,,RTCS,อักษร สมพงษ์,1935-06-02,3100601940541,,,,,,,,,,,,,,,,,,,,,,,,,,,,,,,,2020-07-22 17:05:31.999000,,,W,,E,,,W,,,,,,,,,,2000,,,,,,,,2018-06-26,2020-07-18,,,,,0,,
13781,,004577647,13781,004577647,,RTCS,สนอง ปันยารชุน,1930-04-01,3120600536037,,,,,,,,,,,,,,,,,,,,,,,,,,,,,,,,2020-02-05 09:39:03.998000,,,W,,E,,,W,,,,,,,,,,2000,,,,,,,,2018-06-28,2020-02-03,,,,,0,,
13781,,005126238,13781,005126238,,RTCS,นงนุช คีรีธาร,1968-04-20,3220200368845,,,,,,,,,,,,,,,,,,,,,,,,,,,,,,,,2019-03-04 11:59:53.998000,,,W,,E,,,W,,,,,,,,,,2000,,,,,,,,2018-06-28,2019-03-03,,,,,0,,
13781,,004513684,13781,004513684,,RTSS,ศุกร์สิริ วีรวัชรธนภูมิ,1973-11-22,3130600564359,,,,1,,,,,,,,,,,,,,,,,,,,,,,,,,,,2020-04-21 08:01:56.999000,,,D,,E,,,,,,,,,,SSKHM3QD,HD,HD,1500,,2,,,,,,2012-10-15,2020-03-26,,,,,0,,
13781,,005305561,13781,005305561,,RTSS,สมพร หิรัญกานต์กิจ,1959-04-04,3850100054932,,,,1,,,,,,,,,,,,,,,,,,,,,,,,,,,,2018-07-04 16:59:25,,,,,,,,,,,,,,CS,SSJH141E,HD,HD,1500,,2,,,,,,2016-09-12,,,,S,C,500,,
13781,,005396201,13781,005396201,,RTCS,ประโยชน์ ตรรกอังกูร,1942-11-22,3630100577945,,,,,,,,,,,,,,,,,,,,,,,,,,,,,,,,2020-07-22 17:05:31.999000,,,W,,E,,,W,,,,,,,,,,2000,,,,,,,,2018-07-03,2020-07-18,,,,,0,,
13781,,004999472,13781,004999472,,RTSS,พรสุรีย์ ติรพัฑฒ์,1964-06-02,3101700163489,,,,2,,,,,,,,,,,,,,,,,,,,,,,,,,,,2022-12-07 15:33:28,,,D,,E,,,,,,,,,,SSL3AVRU,HD,HD,1500,,2,,,,,,2015-03-17,2022-08-31,,,,,0,,
13781,,003859939,22525,10424/46,,RTUC,ผ่อง เรืองศรี,1938-01-01,3100601582300,,,,1,,,,,,,,,,,,,,,,,,,,,,,,,,,,2018-08-17 16:25:19.998000,,,D,,E,,,,,,,3,,,HDAG74UQ,HD,HD,1500,,7,,,,,O,2018-07-04,2018-08-13,,,,,0,,
13781,,005056535,10753,600008502,,RTUC,นิพนธ์ เตชะสาน,,3100901177338,,,,1,,,,,,,,,,,,,,,,,,,,,,,,,,,,2019-01-17 17:01:39.998000,,,D,,E,,,,,,,3,,,HDL3G7ZB,HD,HD,1500,,2,,,,,O,2018-07-06,2019-01-13,,,,,0,,
13781,,00499742,13781,00499742,,RTSS,พรสุรีย์ ติรพัฑฒ์,,3101700163489,,,,2,,,,,,,,,,,,,,,,,,,,,,,,,,,,2018-07-09 10:36:00,,,,,X,,,,,,,,,,SSL3AVRU,HD,HD,1500,,2,,,,,,2015-03-17,2018-07-03,,,,,0,,
13781,,005433658,13781,005433658,,RTCS,ประกอบ พรหมบุตร,1950-12-04,3501400616247,,,,,,,,,,,,,,,,,,,,,,,,,,,,,,,,2024-12-03 08:41:56,,,D,,E,,,W,,,,,,,,,,2000,,,,,,,,2018-07-10,2024-11-25,,,,,0,,
13781,,005263933,10690,0471523,,RTUC,ศิริวรรณ สินธิพงษ์,,3160101137331,,,,2,,,,,,,,,,,,,,,,,,,,,,,,,,,,2018-07-13 08:30:05.998000,,,U,,E,,,,,,,3,,,HDH2BRHP,HD,HD,1500,,2,,,,,O,2018-07-12,2022-12-31,,,,,0,,
13781,,004169978,22179,60/00021,,RTUC,ดวงจันทร์ ลีเลิศสุมานนท์,,3102102209257,,,,2,,,,,,,,,,,,,,,,,,,,,,,,,,,,2018-07-14 18:00:04,,,U,,E,,,,,,,3,,,HDB2HMGH,HD,HD,1500,,4,,,,,O,2018-05-18,2022-12-31,,,,,0,,
13781,,003676808,13781,003676808,,RTCS,เสรี วัฏฏานุรักษ์,1935-01-01,3100202125258,,,,,,,,,,,,,,,,,,,,,,,,,,,,,,,,2019-08-20 09:59:48,,,W,,E,,,W,,,,,,,,,,2000,,,,,,,,2018-07-16,2019-08-18,,,,,0,,
13781,,005034631,14588,61-00702,,RTUC,ผัน พลอยสว่าง,,3730200803598,,,,1,,,,,,,,,,,,,,,,,,,,,,,,,,,,2019-01-03 15:09:41.999000,,,D,,E,,,,,,,3,,,HDA35RHN,HD,HD,1500,,4,,,,,O,2018-07-14,2018-12-21,,,,,0,,
13781,,005009429,13781,005009429,,RTSS,ชุมพล เพชรประเสริฐผล,1967-09-15,3100800765625,,,,1,,,,,,,,,,,,,,,,,,,,,,,,,,,,2019-06-06 09:51:32,,,D,,E,,,,,,,,,,SSFDQIOU,HD,HD,1500,,2,,,,,,2014-04-14,2019-04-03,,,,,0,,
13781,,002997405,13781,002997405,,RTCS,สาลิณี ทองอ่อน,1967-12-30,3101100106671,,,,,,,,,,,,,,,,,,,,,,,,,,,,,,,,2023-01-04 13:16:49.999000,,,,,E,,,W,,,,,,,,,,2000,,,,,,,,2018-07-18,2023-01-03,,,,,0,,
13781,,005437488,11864,580012131,,RTUC,พวง คำทอง,,3210500628290,,,,1,,,,,,,,,,,,,,,,,,,,,,,,,,,,2019-05-17 16:09:16.999000,,,D,,E,,,,,,,3,,,HDB482XP,HD,HD,1500,,2,,,,,R,2018-07-14,2019-05-12,,,,,0,,
13781,,004077715,13781,004077715,,RTCS,กนกวรรณ ปานพรม,1953-06-15,3601000121592,,,,,,,,,,,,,,,,,,,,,,,,,,,,,,,,2024-04-24 08:27:06.998000,,,D,,E,,,W,,,,,,,,,,2000,,,,,,,,2018-07-20,2024-04-22,,,,,0,,
13781,,005161228,11282,0230155,,RTUC,ไข่ กุลเถกิงเดช,,8710776010378,,,,1,,,,,,,,,,,,,,,,,,,,,,,,,,,,2018-07-25 12:00:06,,,U,,E,,,,,,,3,,,HDL3SJYC,HD,HD,1500,,4,,,,,O,2018-07-25,2022-12-31,,,,,0,,
13781,,005449677,13781,005449677,,RTCS,ภวัต กิติโยดม,1947-01-01,3110200779714,,,,,,,,,,,,,,,,,,,,,,,,,,,,,,,,2025-08-19 14:46:18.998000,,,D,,E,,,W,,,,,,,,,,2000,,,,,,,,2018-07-26,2025-08-18,,,,,0,,
13781,,004779508,13781,004779508,,RTCS,กลม บำรุงรักษ์,1942-12-10,3150400007162,,,,,,,,,,,,,,,,,,,,,,,,,,,,,,,,2019-07-31 15:59:34,,,W,,E,,,W,,,,,,,,,,2000,,,,,,,,2018-07-26,2019-01-18,,,,,0,,
13781,,005301493,13781,005301493,,RTCS,ปรีดี เสตะจันทน์,1941-09-15,3101500525441,,,,,,,,,,,,,,,,,,,,,,,,,,,,,,,,2018-11-22 11:55:59,,,W,,E,,,W,,,,,,,,,,2000,,,,,,,,2018-07-26,2018-11-03,,,,,0,,
13781,,004324570,10681,44274/50,,RTUC,วิรัตน์ หนูฤกษ์,,3840100348103,,,,1,,,,,,,,,,,,,,,,,,,,,,,,,,,,2018-09-17 16:14:26.998000,,,D,,E,,,,,,,3,,,HDL37WGA,HD,HD,1500,,7,,,,,O,2018-07-30,2018-09-18,,,,,0,,
13781,,002467494,13781,002467494,,RTCS,สุกัญญา พลังวชิรา,1932-04-01,3101800065951,,,,,,,,,,,,,,,,,,,,,,,,,,,,,,,,2019-12-06 16:53:59,,,W,,E,,,W,,,,,,,,,,2000,,,,,,,,2018-07-31,2019-12-03,,,,,0,,
13781,,005444355,13781,005444355,,RTCS,ปรีชา สุขศรี,1959-10-29,3102201824499,,,,,,,,,,,,,,,,,,,,,,,,,,,,,,,,2020-06-04 15:59:36.998000,,,W,,E,,,W,,,,,,,,,,2000,,,,,,,,2018-08-01,2020-06-03,,,,,0,,
13781,,003812827,11743,48/11586,,RTUC,สมปอง พันโพธิ์,1938-01-21,5300100059552,,,,2,,,,,,,,,,,,,,,,,,,,,,,,,,,,2018-08-02 12:00:07,,,U,,E,,,,,,,3,,,HDK47NTQ,HD,HD,1500,,7,,,,,R,2018-08-02,2022-12-31,,,,,0,,
13781,,005456876,13781,005456876,,RTCS,ทวี ตุลาธาร,1944-04-23,3100503192418,,,,,,,,,,,,,,,,,,,,,,,,,,,,,,,,2018-10-31 09:57:36,,,W,,E,,,W,,,,,,,,,,2000,,,,,,,,2018-08-03,2018-09-03,,,,,0,,
13781,,005395441,13781,005395441,,RTCS,รักเกียรติ เหล่าเขตกิจ,1939-12-12,3609900351508,,,,,,,,,,,,,,,,,,,,,,,,,,,,,,,,2021-04-07 08:30:33,,,W,,E,,,W,,,,,,,,,,2000,,,,,,,,2018-08-03,2021-04-03,,,,,0,,
13781,,003764224,13781,003764224,,RTCS,ขณากฤตา แจ่มใสทวี,1982-01-31,3269900027585,,,,,,,,,,,,,,,,,,,,,,,,,,,,,,,,2019-07-31 16:28:31.998000,,,,,,,,W,,,,,,,,,,2000,,,,,,,,2018-08-03,2099-12-31,,,,,0,,
13781,,004513537,11864,600019162,,RTUC,วรรณะ แสวงกิจ,2494-01-01,3210500456278,,,,2,,,,,,,,,,,,,,,,,,,,,,,,,,,,2018-10-18 10:06:36,,,D,,E,,,,,,,3,,,HDC78VBW,PD,HD,1500,,4,,,,,R,2018-07-14,2018-10-05,,,,,0,,
13781,,004543967,13781,004543967,,RTSS,ประเสริฐ ชัยยะ,1972-11-04,3100600423160,,,,1,,,,,,,,,,,,,,,,,,,,,,,,,,,,2021-06-18 09:43:01.998000,,,D,,E,,,,,,,,,,SSJYHTKI,HD,HD,1500,,2,,,,,,2012-10-15,2021-05-17,,,,,0,,
13781,02,004181291,13781,004181291,,RTCS,เสริมศักดิ์ รุ่มจิตร,1954-01-01,3102400042636,,,,,,,,,,,,,,,,,,,,,,,,,,,,,,,,2023-05-08 08:16:00.998000,,,,,E,,,W,,,,,,,,,,2000,,,,,,,,2018-08-07,2022-09-30,,,,,0,,
13781,,004344708,27442,60-026,,RTUC,มนรดี บ่างวิรุฬห์รักษ์,,3860700081531,,,,2,,,,,,,,,,,,,,,,,,,,,,,,,,,,2019-03-04 16:57:09,,,D,,E,,,,,,,3,,,HDG4CQKX,HD,HD,1500,,2,,,,,R,2018-08-07,2019-02-21,,,,,0,,
13781,,005053935,13781,005053935,,RTSS,อุบลวรรณ มีธรรม,,3311000653856,,,,2,,,,,,,,,,,,,,,,,,,,,,,,,,,,2018-08-08 06:58:49,,,,,,,,,,,,,,,SSAX9MAU,HD,HD,1500,,2,,,,,,2012-10-15,,,,,,0,,
13781,,003633364,13781,003633364,,RTCS,ชาญณรงค์ บุญแก้ว,1956-08-21,3101401086253,,,,,,,,,,,,,,,,,,,,,,,,,,,,,,,,2023-05-08 08:15:43,,,,,E,,,W,,,,,,,,,,2000,,,,,,,,2018-08-09,2022-09-30,,,,,0,,
13781,,005050989,13781,005050989,,RTCS,สุรศักดิ์ บัวเผื่อน,1968-01-10,3130100113641,,,,,,,,,,,,,,,,,,,,,,,,,,,,,,,,2021-10-07 10:09:16.999000,,,W,,E,,,W,,,,,,,,,,2000,,,,,,,,2018-08-09,2021-09-18,,,,,0,,
13781,,004012923,13781,004012923,,RTCS,ชนากาญจน์ รายเวทย์,1956-01-01,3600500019427,,,,,,,,,,,,,,,,,,,,,,,,,,,,,,,,2021-06-23 09:55:47.999000,,,W,,E,,,W,,,,,,,,,,2000,,,,,,,,2018-08-09,2021-06-18,,,,,0,,
13781,,004448117,24037,58-007673,,RTUC,แอ๊ด แสงอากาศ,,3101400786383,,,,1,,,,,,,,,,,,,,,,,,,,,,,,,,,,2018-08-11 08:30:09,,,U,,E,,,,,,,3,,,HDMYCTZL,HD,HD,1500,,4,,,,,R,2018-08-10,2022-12-31,,,,,0,,
13781,,004252769,13781,004252769,,RTSS,อรทัย เมธีสิริพัฒนะพงศ์,1974-08-09,3100800755549,,,,2,,,,,,,,,,,,,,,,,,,,,,,,,,,,2023-02-03 21:31:38.998000,,,,,,,,,,,,,,,SSJXR85I,KT,KT,1500,,2,,,,,,2012-10-15,,,,,,0,,
13781,,004576189,13781,004576189,,RTSS,ศวรรยา ทองบุญ,,1929900058798,,,,2,,,,,,,,,,,,,,,,,,,,,,,,,,,,2018-08-15 10:43:25,,,,,,,,,,,,,,,SSFM7AAP,KT,KT,1500,,2,,,,,,2016-09-07,,,,,,0,,
13781,,005424618,13781,005424618,,RTCS,จรวย พรหมสมบัติ,1961-12-18,5800700046589,,,,,,,,,,,,,,,,,,,,,,,,,,,,,,,,2019-07-31 16:28:32.998000,,,,,,,,W,,,,,,,,,,2000,,,,,,,,2018-08-15,2099-12-31,,,,,0,,
13781,,002407262,13781,002407262,,RTCS,รจนา ชูเมือง,1937-01-07,3901000552981,,,,,,,,,,,,,,,,,,,,,,,,,,,,,,,,2023-06-19 11:24:37,,,,,E,,,W,,,,,,,,,,2000,,,,,,,,2018-08-15,,,,,,0,,
13781,,004675265,13781,004675265,,RTCS,รัตนา สุขจี๋,1959-12-08,3600300225953,,,,,,,,,,,,,,,,,,,,,,,,,,,,,,,,2025-01-21 08:19:49,,,D,,E,,,W,,,,,,,,,,2000,,,,,,,,2018-08-15,2025-01-06,,,,,0,,
13781,,005055128,24191,10477/58,,RTUC,อ่อน ลันทร,,3101900528120,,,,2,,,,,,,,,,,,,,,,,,,,,,,,,,,,2018-08-16 14:01:16,,,U,,E,,,,,,,3,,,HDL237E3,HD,HD,1500,,4,,,,,R,2018-08-16,2022-12-31,,,,,0,,
13781,,001412520,13781,001412520,,RTCS,พิเชษฐ ปัทมินทร,1949-07-05,3100100725663,,,,,,,,,,,,,,,,,,,,,,,,,,,,,,,,2020-03-06 08:46:14,,,W,,E,,,W,,,,,,,,,,2000,,,,,,,,2018-08-16,2020-03-03,,,,,0,,
13781,,005063411,13781,005063411,,RTCS,สี่ตี๋ แซ่ตั้ง,1934-01-01,3101801374281,,,,,,,,,,,,,,,,,,,,,,,,,,,,,,,,2021-06-23 09:55:37.998000,,,W,,E,,,W,,,,,,,,,,2000,,,,,,,,2018-08-16,2021-06-18,,,,,0,,
13781,,003761110,13781,003761110,,RTSS,อิสระ ประวัติยากูร,1982-05-11,3101000640306,,,,1,,,,,,,,,,,,,,,,,,,,,,,,,,,,2023-03-19 16:06:07,,,,,,,,,,,,,,,SSJSABST,HD,HD,1500,,2,,,,,,2012-10-15,,,,,,0,,
13781,,005054975,13781,005054975,,RTCS,เดวิด โพธิ์ทอง,1958-12-01,3120600207921,,,,,,,,,,,,,,,,,,,,,,,,,,,,,,,,2019-10-11 10:13:41.998000,,,W,,E,,,W,,,,,,,,,,2000,,,,,,,,2018-08-21,2019-10-03,,,,,0,,
13781,,002488619,13781,002488619,,RTCS,ไชโย ชมเชย,1941-01-26,3100203456720,,,,,,,,,,,,,,,,,,,,,,,,,,,,,,,,2019-08-06 10:20:16.999000,,,W,,E,,,W,,,,,,,,,,2000,,,,,,,,2018-08-21,2019-08-03,,,,,0,,
13781,,003790664,13781,003790664,,RTCS,อุไร รักสกุลพาณิชย์,1940-04-12,3120101132160,,,,,,,,,,,,,,,,,,,,,,,,,,,,,,,,2021-12-20 15:43:39.998000,,,W,,E,,,W,,,,,,,,,,2000,,,,,,,,2018-08-21,2021-12-18,,,,,0,,
13781,,004931849,13781,004931849,,RTSS,ปริวัฒน์ บาลทิพย์,1981-06-06,3930100975280,,,,1,,,,,,,,,,,,,,,,,,,,,,,,,,,,2024-06-20 11:47:46.998000,,,,,,,,,,,,,,,SSIOO0BC,HD,HD,1500,,2,,,,,,2014-06-22,,,,,,0,,
13781,,005420099,13781,005420099,,RTCS,วิศิษย์ศักดิ์ ศิริวัฒน์,1974-02-28,3850100067163,,,,,,,,,,,,,,,,,,,,,,,,,,,,,,,,2019-07-31 16:28:33.999000,,,,,,,,W,,,,,,,,,,2000,,,,,,,,2018-08-30,2099-12-31,,,,,0,,
13781,,004353553,13781,004353553,,RTCS,ถวิล รักเหลือ,1939-04-01,3120300027951,,,,,,,,,,,,,,,,,,,,,,,,,,,,,,,,2022-03-21 10:14:38,,,W,,E,,,W,,,,,,,,,,2000,,,,,,,,2018-08-30,2022-03-18,,,,,0,,
13781,,004061169,13781,004061169,,RTCS,ส้มเกลี้ยง สุขสำราญ,1932-04-01,3600400665670,,,,,,,,,,,,,,,,,,,,,,,,,,,,,,,,2021-02-03 13:43:26,,,W,,E,,,W,,,,,,,,,,2000,,,,,,,,2018-08-30,2021-02-03,,,,,0,,
13781,,003640340,10695,0332182,,RTUC,ราเชน จันทร์เพ็ญ,,3190900028011,,,,1,,,,,,,,,,,,,,,,,,,,,,,,,,,,2020-09-08 14:25:14,,,C,,E,,,,,,,3,,,HDE2XRWC,HD,HD,1500,,2,,,,,O,2018-08-31,2020-09-03,,,,,0,,
13781,,004639621,13781,004639621,,RTSS,วิชชุลดา ณ อัมภัย,,3660600643394,,,,2,,,,,,,,,,,,,,,,,,,,,,,,,,,,2018-09-03 15:30:02,,,,,,,,,,,,,,,SSKP6PSX,HD,HD,1500,,2,,,,,,2012-10-15,,,,,,0,,
13781,,004558608,13781,004558608,,RTCS,ไฉน เสรฐภักดี,1935-11-23,3101403124047,,,,,,,,,,,,,,,,,,,,,,,,,,,,,,,,2019-02-07 11:41:34,,,W,,E,,,W,,,,,,,,,,2000,,,,,,,,2018-09-04,2019-02-03,,,,,0,,
13781,,004701984,13781,004701984,,RTCS,ประธาน คำทอง,1949-09-13,3160100211325,,,,,,,,,,,,,,,,,,,,,,,,,,,,,,,,2021-04-22 08:52:41,,,W,,E,,,W,,,,,,,,,,2000,,,,,,,,2018-09-04,2021-04-18,,,,,0,,
13781,,003576898,13781,003576898,,RTCS,สมพงษ์ หนักไหล่,1938-04-11,3730101528262,,,,,,,,,,,,,,,,,,,,,,,,,,,,,,,,2018-12-19 15:42:56.999000,,,W,,E,,,W,,,,,,,,,,2000,,,,,,,,2018-09-04,2018-12-18,,,,,0,,
13781,,005400575,40538,60010,,RTUC,ธีรพล ยืนยงค์,,1209600149638,,,,1,,,,,,,,,,,,,,,,,,,,,,,,,,,,2018-09-04 10:38:26.998000,,,U,,E,,,,,,,3,,,HDM3G4NB,HD,HD,1500,,2,,,,,O,2018-09-04,2022-12-31,,,,,0,,
13781,,004927615,22952,510022963,,RTUC,นภดล อยู่ญาติมาก,1981-03-30,3730300394291,,,,1,,,,,,,,,,,,,,,,,,,,,,,,,,,,2018-09-05 14:00:03.998000,,,U,,E,,,,,,,3,,,HDH3NBJE,HD,HD,1500,,7,,,,,O,2018-09-05,2022-12-31,,,,,0,,
13781,,005025975,13781,005025975,,RTCS,ชลอ พรมเพียร,1975-06-08,3600300140354,,,,,,,,,,,,,,,,,,,,,,,,,,,,,,,,2019-07-31 16:28:33.999000,,,,,,,,W,,,,,,,,,,2000,,,,,,,,2018-09-05,2099-12-31,,,,,0,,
13781,,005464737,13781,005464737,,RTCS,เรวัตร์ ณ นคร,1987-05-07,1800700098489,,,,,,,,,,,,,,,,,,,,,,,,,,,,,,,,2019-07-31 16:28:33.999000,,,,,,,,W,,,,,,,,,,2000,,,,,,,,2018-09-06,2099-12-31,,,,,0,,
13781,,004981300,13781,004981300,,RTSS,เสาวลักษณ์ ดรเสระ,1991-12-28,1800100193961,,,,2,,,,,,,,,,,,,,,,,,,,,,,,,,,,2023-06-21 08:43:39,,,,,,,,,,,,,,,SSGI7IN7,HD,HD,1500,,2,,,,,,2015-06-24,,,,,,0,,
13781,,005320128,13781,005320128,,RTSS,อรสา เกตุสันเทียะ,,3730600536937,,,,2,,,,,,,,,,,,,,,,,,,,,,,,,,,,2018-09-12 18:46:22.998000,,,,,,,,,,,,,,,SSLT4S71,HD,HD,1500,,2,,,,,,2012-10-15,,,,,,0,,
13781,,002251334,13781,002251334,,RTCS,ฮวย แซ่ตั้ง,1935-04-01,3101300595951,,,,,,,,,,,,,,,,,,,,,,,,,,,,,,,,2023-02-13 13:11:46,,,D,,E,,,W,,,,,,,,,,2000,,,,,,,,2018-09-13,2023-02-03,,,,,0,,
13781,,004368220,13781,004368220,,RTCS,ช่วง บัวชาบาล,1954-04-13,3410600663346,,,,,,,,,,,,,,,,,,,,,,,,,,,,,,,,2020-10-06 11:05:56,,,W,,E,,,W,,,,,,,,,,2000,,,,,,,,2018-09-13,2020-10-03,,,,,0,,
13781,,004899109,13781,004899109,,RTCS,เสงี่ยม พรมมา,1931-04-01,3860400441257,,,,,,,,,,,,,,,,,,,,,,,,,,,,,,,,2018-12-19 15:42:52,,,W,,E,,,W,,,,,,,,,,2000,,,,,,,,2018-09-17,2018-12-18,,,,,0,,
13781,,004492470,13781,004492470,,RTCS,วันเพ็ญ อ่วมสิน,1958-03-03,3180600006003,,,,,,,,,,,,,,,,,,,,,,,,,,,,,,,,2019-07-31 16:28:35,,,,,,,,W,,,,,,,,,,2000,,,,,,,,2018-09-17,2099-12-31,,,,,0,,
13781,,005308843,13781,005308843,,RTSS,พัชรี เครือวัลย์,1991-10-23,1320700186609,,,,2,,,,,,,,,,,,,,,,,,,,,,,,,,,,2023-04-24 14:41:13.998000,,,,,,,,,,,,,,,SSDWTEMA,HD,HD,1500,,2,,,,,,2017-07-19,,,,,,0,,
13781,,004962572,13781,004962572,,RTCS,เรณู กีตา,1948-01-01,3610600163899,,,,,,,,,,,,,,,,,,,,,,,,,,,,,,,,2019-05-24 13:14:26.998000,,,W,,E,,,W,,,,,,,,,,2000,,,,,,,,2018-09-20,2019-05-18,,,,,0,,
13781,,005237175,13781,005237175,,RTCS,ไล้ รุ่งเรือง,1937-01-01,3760100399442,,,,,,,,,,,,,,,,,,,,,,,,,,,,,,,,2020-11-23 09:44:14,,,W,,E,,,W,,,,,,,,,,2000,,,,,,,,2018-09-20,2020-11-18,,,,,0,,
13781,,005468929,12033,7951-59,,RTUC,สี ถมเพ็ชร,,3601101364865,,,,2,,,,,,,,,,,,,,,,,,,,,,,,,,,,2018-09-20 14:00:03.998000,,,U,,E,,,,,,,3,,,HDH2EBY3,HD,HD,1500,,2,,,,,O,2018-09-20,2022-12-31,,,,,0,,
13781,,004977683,13781,004977683,,RTCS,ผ่องศรี ทรัพย์ประเสริฐ,1943-01-01,3100602069983,,,,,,,,,,,,,,,,,,,,,,,,,,,,,,,,2021-12-20 15:43:39.998000,,,W,,E,,,W,,,,,,,,,,2000,,,,,,,,2018-09-25,2021-12-18,,,,,0,,
13781,,005054985,13781,005054985,,RTSS,ประมุข เทพบุตร,1983-06-18,3721000362432,,,,1,,,,,,,,,,,,,,,,,,,,,,,,,,,,2021-11-03 15:52:25,,,D,,E,,,,,,,,,,SSCAI23H,HD,HD,1500,,2,,,,,,2015-01-25,2018-12-31,,,,,0,,
13781,,005418559,13781,005418559,,RTCS,ธัญญา กาญจนบุรพิภพ,1941-06-01,3940200183458,,,,,,,,,,,,,,,,,,,,,,,,,,,,,,,,2019-02-21 09:19:22,,,W,,E,,,W,,,,,,,,,,2000,,,,,,,,2018-09-28,2019-02-18,,,,,0,,
13781,,004580363,13781,004580363,,RTCS,มาลี แจ้งกิจ,1931-04-01,3110300872856,,,,,,,,,,,,,,,,,,,,,,,,,,,,,,,,2023-05-19 12:34:05,,,,,E,,,W,,,,,,,,,,2000,,,,,,,,2018-09-28,2023-05-18,,,,,0,,
13781,,004555840,13781,004555840,,RTCS,ชูศรี หงษ์ชูเกียรติ,1945-06-25,3850100207453,,,,,,,,,,,,,,,,,,,,,,,,,,,,,,,,2022-08-19 10:49:29,,,W,,E,,,W,,,,,,,,,,2000,,,,,,,,2018-09-28,2022-08-18,,,,,0,,
13781,,005245914,13781,005245914,,RTCS,สมศรี วันทอง,1962-06-06,3100903140377,,,,,,,,,,,,,,,,,,,,,,,,,,,,,,,,2019-07-31 16:28:36,,,,,,,,W,,,,,,,,,,2000,,,,,,,,2018-10-01,2099-12-31,,,,,0,,
13781,,004705907,13781,004705907,,RTCS,ขันติ วีระภาคย์การุณ,1936-04-01,3100400160181,,,,,,,,,,,,,,,,,,,,,,,,,,,,,,,,2019-05-07 13:38:31.998000,,,W,,E,,,W,,,,,,,,,,2000,,,,,,,,2018-10-01,2019-05-03,,,,,0,,
13781,,003279644,13781,003279644,,RTCS,วรรณี บกบน,1934-01-15,4100600043128,,,,,,,,,,,,,,,,,,,,,,,,,,,,,,,,2024-05-21 13:23:04,,,D,,E,,,W,,,,,,,,,,2000,,,,,,,,2018-10-01,2024-05-13,,,,,0,,
13781,,004459739,13781,004459739,,RTCS,ทองคำ พันธุ์จันทร์,1934-07-07,3100800020051,,,,,,,,,,,,,,,,,,,,,,,,,,,,,,,,2022-05-05 09:27:23,,,W,,E,,,W,,,,,,,,,,2000,,,,,,,,2018-10-02,2022-05-03,,,,,0,,
13781,,004655830,13781,004655830,,RTSS,พิสิษฐ์ เจือจันทร์,,3320901184758,,,,1,,,,,,,,,,,,,,,,,,,,,,,,,,,,2018-10-03 06:34:50,,,,,,,,,,,,,,,SSF80WIF,HD,HD,1500,,2,,,,,,2012-10-15,,,,,,0,,
13781,,005176646,13781,005176646,,RTCS,สิทธิณี แสงสุริยันต์,1960-06-25,3900700260176,,,,,,,,,,,,,,,,,,,,,,,,,,,,,,,,2019-01-07 15:50:28.998000,,,W,,E,,,W,,,,,,,,,,2000,,,,,,,,2018-10-03,2019-01-03,,,,,0,,
13781,,000207616,13781,000207616,,RTSS,อนันต์ ลักษณสุต,1950-06-04,3100903934292,,,,1,,,,,,,,,,,,,,,,,,,,,,,,,,,,2018-11-05 13:38:18.998000,,,D,,E,,,,,,,,,,SSJZY0VK,HD,HD,1500,,2,,,,,,2012-10-15,2018-10-15,,,,,0,,
13781,,003713745,13781,003713745,,RTSS,ทวีศักดิ์ ศึกประเสริฐ,1968-07-23,3101402343764,,,,1,,,,,,,,,,,,,,,,,,,,,,,,,,,,2024-11-05 08:40:51.998000,,,S,,E,,,,,,,,,,SSA2PXAT,HD,HD,1500,,2,,,,,,2013-03-18,2024-11-02,,,,,0,,
13781,,002817625,13781,002817625,,RTCS,วัชรินทร์ กิตตยานุกิตติ์,1938-09-28,3101400895948,,,,,,,,,,,,,,,,,,,,,,,,,,,,,,,,2019-02-07 11:41:33,,,W,,E,,,W,,,,,,,,,,2000,,,,,,,,2018-10-05,2019-02-03,,,,,0,,
13781,,004558120,13781,004558120,,RTCS,บุญเรียม พาเจริญ,1956-02-24,3110300049262,,,,,,,,,,,,,,,,,,,,,,,,,,,,,,,,2019-07-31 16:28:36,,,,,,,,W,,,,,,,,,,2000,,,,,,,,2018-10-09,2099-12-31,,,,,0,,
13781,,003332831,40863,005/60,,RTUC,ศิริ ณัฐพันธ์,,3102001552142,,,,1,,,,,,,,,,,,,,,,,,,,,,,,,,,,2018-11-19 16:12:11.998000,,,D,,E,,,,,,,3,,,HDB4L6MK,HD,HD,1500,,2,,,,,R,2018-10-10,2018-11-09,,,,,0,,
13781,,005483935,13781,005483935,,RTCS,อนันต์ กังสนันท์,1929-08-24,3609900260006,,,,,,,,,,,,,,,,,,,,,,,,,,,,,,,,2019-11-26 14:35:31,,,W,,E,,,W,,,,,,,,,,2000,,,,,,,,2018-10-16,2019-11-18,,,,,0,,
13781,,003510778,10685,100193391,,RTUC,ลำใย จิตต์รักธรรม,1952-10-20,3119900320798,,,,2,,,,,,,,,,,,,,,,,,,,,,,,,,,,2018-10-16 10:39:29,,,U,,E,,,,,,,3,,,HDD49CQF,HD,HD,1500,,2,,,,,O,2018-10-16,2022-12-31,,,,,0,,
13781,,004311494,13781,004311494,,RTCS,กิตติ ปริสุทธิกุล,1969-04-22,3509901018994,,,,,,,,,,,,,,,,,,,,,,,,,,,,,,,,2023-05-08 08:15:29,,,,,E,,,W,,,,,,,,,,2000,,,,,,,,2018-10-16,2022-09-30,,,,,0,,
13781,,005047895,77664,69-58,,RTUC,ศุภกิจ เคารพไมตรี,,3101200300169,,,,1,,,,,,,,,,,,,,,,,,,,,,,,,,,,2018-10-16 18:00:07,,,U,,E,,,,,,,3,,,HDF2DKAK,HD,HD,1500,,4,,,,,O,2018-10-15,2022-12-31,,,,,0,,
13781,,003783191,13781,003783191,,RTSS,สถาพร ชัยแก้ว,1973-03-24,3860200033627,,,,2,,,,,,,,,,,,,,,,,,,,,,,,,,,,2020-12-18 09:05:55,,,,,,,,,,,,,,,SSJY84X0,HD,HD,1500,,2,,,,,,2012-10-15,,,,,,0,,
13781,,002935658,11721,498924,,RTUC,นิสา รัชตะนาวิน,,3100603371641,,,,2,,,,,,,,,,,,,,,,,,,,,,,,,,,,2019-03-04 16:57:07.999000,,,D,,E,,,,,,,3,,,HDK3D866,HD,HD,1500,,8,,,,,O,2018-10-18,2019-02-19,,,,,0,,
13781,,004497931,13781,004497931,,RTSS,สมชาย ไตรเดชานันท์,,3100201248801,,,,1,,,,,,,,,,,,,,,,,,,,,,,,,,,,2018-10-19 06:39:55.998000,,,,,,,,,,,,,,,SSGFCPUY,KT,KT,1500,,2,,,,,,2018-03-12,,,,,,0,,
13781,,005294148,13781,005294148,,RTSS,พราวพัชชา พุดตาลดง,1976-09-18,3101701104176,,,,2,,,,,,,,,,,,,,,,,,,,,,,,,,,,2023-02-03 21:31:39.998000,,,,,,,,,,,,,,,SSBZ1D57,HD,HD,1500,,2,,,,,,2016-12-14,,,,,,0,,
13781,,003639810,13781,003639810,,RTCS,ประทุม เทพบรรเทิง,1944-05-22,3100603030088,,,,,,,,,,,,,,,,,,,,,,,,,,,,,,,,2024-09-03 14:18:58.998000,,,D,,E,,,W,,,,,,,,,,2000,,,,,,,,2018-10-24,2024-08-26,,,,,0,,
13781,,003471748,13781,003471748,,RTCS,สำราญ วัฒนา,1953-02-15,3180600109619,,,,,,,,,,,,,,,,,,,,,,,,,,,,,,,,2022-04-19 09:55:59,,,W,,E,,,W,,,,,,,,,,2000,,,,,,,,2018-10-24,2022-04-18,,,,,0,,
13781,,004937399,13781,004937399,,RTCS,วันเพ็ญ ภูธนะกูล,1956-04-25,3210500013007,,,,,,,,,,,,,,,,,,,,,,,,,,,,,,,,2019-07-31 16:28:37,,,,,,,,W,,,,,,,,,,2000,,,,,,,,2018-10-24,2099-12-31,,,,,0,,
13781,,001802791,13781,001802791,,RTCS,นงนุช รัติวานิช,1939-08-05,3120101281955,,,,,,,,,,,,,,,,,,,,,,,,,,,,,,,,2018-12-19 15:42:46,,,W,,E,,,W,,,,,,,,,,2000,,,,,,,,2018-10-24,2018-12-18,,,,,0,,
13781,,004813918,13781,004813918,,RTCS,บังอร จันทสีร์,1948-10-24,3101701443523,,,,,,,,,,,,,,,,,,,,,,,,,,,,,,,,2019-07-31 16:28:37,,,,,,,,W,,,,,,,,,,2000,,,,,,,,2018-10-24,2099-12-31,,,,,0,,
13781,,005250578,13781,005250578,,RTSS,รัชนี คงสุนทร,,3309800201451,,,,2,,,,,,,,,,,,,,,,,,,,,,,,,,,,2018-10-25 06:30:02.998000,,,,,,,,,,,,,,,SSDVRKRI,HD,HD,1500,,2,,,,,,2016-02-25,,,,,,0,,
13781,02,005482810,13781,005482810,,RTCS,สำรวย ลาภศุภมิตร,1944-11-03,3210500435262,,,,,,,,,,,,,,,,,,,,,,,,,,,,,,,,2026-03-19 08:56:54.998000,,,D,,E,,,W,,,,,,,,,,2000,,,,,,,,2018-10-25,2026-03-09,,,,,0,,
13781,,002392252,13781,002392252,,RTCS,แวว เป้ารุ่ง,1934-01-01,3102101808882,,,,,,,,,,,,,,,,,,,,,,,,,,,,,,,,2022-02-21 08:05:40,,,W,,E,,,W,,,,,,,,,,2000,,,,,,,,2018-10-25,2022-02-18,,,,,0,,
13781,,005485830,13781,005485830,,RTSS,พรปัญญา แสงอรุณ,1982-10-04,3200700259611,,,,2,,,,,,,,,,,,,,,,,,,,,,,,,,,,2019-09-03 14:45:19.999000,,,,,,,,,,,,,,,SSJDJWMT,HD,HD,1500,,2,,,,,,2018-06-07,,,,,,0,,
13781,,005469134,13781,005469134,,RTSS,วรรณะ มานะพรชัย,1956-01-02,3101800714070,,,,1,,,,,,,,,,,,,,,,,,,,,,,,,,,,2018-12-04 15:51:49.998000,,,D,,E,,,,,,,,,,SSACHI8V,HD,HD,1500,,2,,,,,,2017-02-12,2018-11-10,,,,,0,,
13781,,005295075,13781,005295075,,RTSS,พรชัย วิชชุธีระกุล,,3100800797152,,,,1,,,,,,,,,,,,,,,,,,,,,,,,,,,,2018-11-02 11:43:20.998000,,,,,,,,,,,,,,,SSDNDZT0,HD,HD,1500,,2,,,,,,2012-10-15,,,,,,0,,
13781,,004512251,13781,004512251,,RTCS,วันเพ็ญ แซ่อื้อ,1961-11-22,3860300180052,,,,,,,,,,,,,,,,,,,,,,,,,,,,,,,,2019-01-18 12:57:51.998000,,,W,,E,,,W,,,,,,,,,,2000,,,,,,,,2018-11-06,2019-01-18,,,,,0,,
13781,,004612907,13781,004612907,,"RTSS,RTSS",เปรมชัย เหลาโชติ,,1619900174138,,,,1,,,,,,,,,,,,,,,,,,,,,,,,,,,,2018-11-06 13:28:18.999000,,,,,,,,,,,,,,,SSARRVZF,HD,HD,1500,,1,,,,,,2013-01-23,,,,,,0,,
13781,,003708249,13781,003708249,,RTCS,สุมณฑา อินยา,1963-02-06,3170600575181,,,,,,,,,,,,,,,,,,,,,,,,,,,,,,,,2019-12-18 16:51:10.998000,,,W,,E,,,W,,,,,,,,,,2000,,,,,,,,2018-11-06,2019-12-18,,,,,0,,
13781,,005163719,13781,005163719,,RTCS,ทอง แสงสุวรรณ,1945-07-08,3341700271808,,,,,,,,,,,,,,,,,,,,,,,,,,,,,,,,2025-06-05 08:19:03,,,D,,E,,,W,,,,,,,,,,2000,,,,,,,,2018-11-09,2025-05-26,,,,,0,,
13781,,003507480,13781,003507480,,RTCS,ประเทือง ฉายารัตน์,1957-11-23,3749800024105,,,,,,,,,,,,,,,,,,,,,,,,,,,,,,,,2019-07-31 16:28:38,,,,,,,,W,,,,,,,,,,2000,,,,,,,,2018-11-12,2099-12-31,,,,,0,,
13781,,003750735,13781,003750735,,RTSS,สุภาวดี ภิรมย์พร,1968-06-11,3102101287696,,,,2,,,,,,,,,,,,,,,,,,,,,,,,,,,,2020-04-03 16:12:38,,,,,,,,,,,,,,,SSCEOCCX,HD,HD,1500,,2,,,,,,2018-08-24,,,,,,0,,
13781,,004969426,40981,2559-2025,,RTUC,ชนากานต์ วิเชียรดี,1973-12-26,3640900435738,,,,2,,,,,,,,,,,,,,,,,,,,,,,,,,,,2018-11-16 10:38:26.998000,,,U,,E,,,,,,,3,,,HDK2U73M,HD,HD,1500,,7,,,,,O,2018-11-16,2022-12-31,,,,,0,,
13781,,002792996,13781,002792996,,RTSS,วรณ์ ต่วนพิมาย,,3301500277799,,,,1,,,,,,,,,,,,,,,,,,,,,,,,,,,,2018-11-19 09:33:31.998000,,,,,,,,,,,,,,,SSLMYZBJ,HD,HD,1500,,2,,,,,,2018-08-09,,,,,,0,,
13781,,004498402,13781,004498402,,RTCS,วันชัย ประมงค์,1959-08-01,3129900375959,,,,,,,,,,,,,,,,,,,,,,,,,,,,,,,,2018-12-19 15:42:41.999000,,,W,,E,,,W,,,,,,,,,,2000,,,,,,,,2018-11-21,2018-12-18,,,,,0,,
13781,,004145215,13781,004145215,,RTSS,ทองสิน กินนอน,,3480100547592,,,,1,,,,,,,,,,,,,,,,,,,,,,,,,,,,2018-11-22 10:46:28.998000,,,,,,,,,,,,,,,SSIRSYJ3,HD,HD,1500,,2,,,,,,2012-10-15,,,,,,0,,
13781,,004977514,13781,004977514,,RTCS,ฉัตรณุชัย นุ่นปาน,1979-05-22,3930200233609,,,,,,,,,,,,,,,,,,,,,,,,,,,,,,,,2019-07-31 16:28:38,,,,,,,,W,,,,,,,,,,2000,,,,,,,,2018-11-23,2099-12-31,,,,,0,,
13781,,003999439,13781,003999439,,RTCS,พงศ์ศักดิ์ เจียมศรีพงษ์,1943-01-10,3660100369021,,,,,,,,,,,,,,,,,,,,,,,,,,,,,,,,2019-07-31 16:28:38,,,,,,,,W,,,,,,,,,,2000,,,,,,,,2018-11-26,2099-12-31,,,,,0,,
13781,,003753560,13781,003753560,,RTCS,อำภา ชีวังกูล,1952-04-01,5100299075061,,,,,,,,,,,,,,,,,,,,,,,,,,,,,,,,2021-06-23 09:55:42,,,W,,E,,,W,,,,,,,,,,2000,,,,,,,,2018-11-26,2021-06-18,,,,,0,,
13781,,004141982,24972,55-00013,,RTUC,สิทธิคุณ พรรัตนธรรม,1965-01-07,3101600321309,,,,1,,,,,,,,,,,,,,,,,,,,,,,,,,,,2018-11-26 12:00:05,,,U,,E,,,,,,,3,,,HDK39SBM,HD,HD,1500,,7,,,,,O,2018-11-26,2022-12-31,,,,,0,,
13781,,002717375,13781,002717375,,RTCS,จุลีทิพย์ บุญสวัสดิ์,1945-11-15,3100903134971,,,,,,,,,,,,,,,,,,,,,,,,,,,,,,,,2019-07-31 16:28:38.998000,,,,,,,,W,,,,,,,,,,2000,,,,,,,,2018-11-27,2099-12-31,,,,,0,,
13781,,001971297,13781,001971297,,RTCS,มนต์ชัย ศรีสุขประสิทธิ์,1943-01-01,5100400005123,,,,,,,,,,,,,,,,,,,,,,,,,,,,,,,,2021-06-23 09:55:42,,,W,,E,,,W,,,,,,,,,,2000,,,,,,,,2018-11-28,2021-06-18,,,,,0,,
13781,,005469006,13781,005469006,,RTSS,กาญจนา เสาะสิทธิ์,,3210600145835,,,,2,,,,,,,,,,,,,,,,,,,,,,,,,,,,2018-11-30 13:02:08,,,,,,,,,,,,,,,SSMRBGYA,HD,HD,1500,,2,,,,,,2012-10-15,,,,,,0,,
13781,,005088789,11616,17-1308,,RTUC,ขจรศักดิ์ เหล่าถาวร,,3400100838252,,,,1,,,,,,,,,,,,,,,,,,,,,,,,,,,,2018-11-30 14:00:03.998000,,,U,,E,,,,,,,3,,,HDC2QZ5F,HD,HD,1500,,4,,,,,O,2018-11-30,2022-12-31,,,,,0,,
13781,,004469838,13781,004469838,,RTSS,ขวัญชัย อยู่สกุล,1958-01-01,3720400391790,,,,1,,,,,,,,,,,,,,,,,,,,,,,,,,,,2019-03-04 11:44:23,,,D,,E,,,,,,,,,,SSLTPPVQ,HD,HD,1500,,1,,,,,,2015-09-04,2019-02-05,,,,,0,,
13781,,000263584,13781,000263584,,RTCS,อุปการะ ขำขนิษฐ์,1946-06-05,3120200004518,,,,,,,,,,,,,,,,,,,,,,,,,,,,,,,,2022-03-21 10:14:33.998000,,,W,,E,,,W,,,,,,,,,,2000,,,,,,,,2018-12-03,2022-03-18,,,,,0,,
13781,,002058994,13781,002058994,,RTCS,ทรัพย์ หาญถิรเดช,1931-04-01,3102000204531,,,,,,,,,,,,,,,,,,,,,,,,,,,,,,,,2021-02-22 13:18:40.999000,,,W,,E,,,W,,,,,,,,,,2000,,,,,,,,2018-12-03,2021-02-18,,,,,0,,
13781,02,002278055,13781,002278055,,RTCS,สมพิศ บุญชม,1937-04-01,3100901984331,,,,,,,,,,,,,,,,,,,,,,,,,,,,,,,,2019-07-31 16:28:38.998000,,,,,,,,W,,,,,,,,,,2000,,,,,,,,2018-12-04,2099-12-31,,,,,0,,
13781,,004306042,13781,004306042,,RTCS,สำอางค์ สมบูรณ์ศิริ,1952-03-27,3101400783732,,,,,,,,,,,,,,,,,,,,,,,,,,,,,,,,2020-01-07 11:33:03.998000,,,W,,E,,,W,,,,,,,,,,2000,,,,,,,,2018-12-04,2020-01-03,,,,,0,,
13781,,004739232,13781,004739232,,RTCS,สมชาย รัชธร,1972-03-11,3100200453215,,,,,,,,,,,,,,,,,,,,,,,,,,,,,,,,2021-08-19 16:21:50,,,W,,E,,,W,,,,,,,,,,2000,,,,,,,,2018-12-04,2021-08-18,,,,,0,,
13781,,005493666,13781,005493666,,RTCS,ชุนอี้(ชุนบวย) แซ่โง้ว,1929-01-01,3100400117332,,,,,,,,,,,,,,,,,,,,,,,,,,,,,,,,2019-01-18 12:57:52.998000,,,W,,E,,,W,,,,,,,,,,2000,,,,,,,,2018-12-04,2019-01-18,,,,,0,,
13781,,003255116,13781,003255116,,RTSS,สุภาภรณ์ เลาหพันธุ์,1941-08-01,3309900807415,,,,2,,,,,,,,,,,,,,,,,,,,,,,,,,,,2022-03-02 13:58:51.999000,,,D,,E,,,,,,,,,,SSJCRFIW,HD,HD,1500,,2,,,,,,2018-04-29,2021-05-17,,,,,0,,
13781,,004839973,13781,004839973,,RTCS,กมลชนก พลฤทธิ์,1969-04-28,3720100747815,,,,,,,,,,,,,,,,,,,,,,,,,,,,,,,,2019-07-31 16:28:38.998000,,,,,,,,W,,,,,,,,,,2000,,,,,,,,2018-12-06,2099-12-31,,,,,0,,
13781,,005104768,13781,005104768,,RTSS,นันทวุฒิ คงปลิก,1978-07-14,3100905306612,,,,1,,,,,,,,,,,,,,,,,,,,,,,,,,,,2020-05-18 10:40:40.999000,,,D,,E,,,,,,,,,,SSK2JERP,HD,HD,1500,,2,,,,,,2015-11-25,2020-05-11,,,,,0,,
13781,,002929290,11697,4811806,,RTUC,ปรมาภรณ์ โรจนรุ่งทวี,,1100900431234,,,,2,,,,,,,,,,,,,,,,,,,,,,,,,,,,2018-12-10 18:00:05,,,U,,E,,,,,,,3,,,HDH3BFQR,HD,HD,1500,,2,,,,,O,2018-12-10,2022-12-31,,,,,0,,
13781,,005489607,13781,005489607,,RTSS,สุวรรณ กีรัตยาภรณ์,,3100800127556,,,,1,,,,,,,,,,,,,,,,,,,,,,,,,,,,2018-12-13 11:25:00,,,,,,,,,,,,,,,SSJWMHLD,HD,HD,1500,,2,,,,,,2014-07-21,,,,,,0,,
13781,,005466019,13781,005466019,,RTCS,สุรีย์ ชวาลารัตน์,1934-02-07,3220100350821,,,,,,,,,,,,,,,,,,,,,,,,,,,,,,,,2020-08-04 09:50:26.998000,,,W,,E,,,W,,,,,,,,,,2000,,,,,,,,2018-12-17,2020-02-18,,,,,0,,
13781,,005137603,13781,005137603,,RTCS,จุ่น บุญกาญจน์วนิชา,1936-04-01,3720200384919,,,,,,,,,,,,,,,,,,,,,,,,,,,,,,,,2020-11-06 11:00:00,,,W,,E,,,W,,,,,,,,,,2000,,,,,,,,2018-12-18,2020-11-03,,,,,0,,
13781,,002544156,13781,002544156,,RTSS,สุริยา บุญจำรวญ,,3460200244362,,,,1,,,,,,,,,,,,,,,,,,,,,,,,,,,,2018-12-19 06:53:37,,,,,,,,,,,,,,,SSDTJ03Z,HD,HD,1500,,2,,,,,,2012-10-15,,,,,,0,,
13781,,005288259,13781,005288259,,RTCS,พิพัฒน์ ไมตรีรักษ์,1966-11-26,3100504018578,,,,,,,,,,,,,,,,,,,,,,,,,,,,,,,,2023-03-22 15:21:51,,,D,,E,,,W,,,,,,,,,,2000,,,,,,,,2018-12-20,2023-03-18,,,,,0,,
13781,,003251904,13781,003251904,,RTCS,เพ็ญศรี ชาญเจริญลาภ,1937-05-15,3101501830574,,,,,,,,,,,,,,,,,,,,,,,,,,,,,,,,2020-04-25 12:20:55.998000,,,W,,E,,,W,,,,,,,,,,2000,,,,,,,,2018-12-20,2020-04-18,,,,,0,,
13781,,005012410,13781,005012410,,RTCS,ไพศาล วรสถิตย์,1959-03-08,3101701870341,,,,,,,,,,,,,,,,,,,,,,,,,,,,,,,,2023-03-22 15:22:00.998000,,,D,,E,,,W,,,,,,,,,,2000,,,,,,,,2019-10-19,2023-03-18,,,,,0,,
13781,,005484578,13781,005484578,,RTCS,วารี อินทร,1962-02-15,3620500894395,,,,,,,,,,,,,,,,,,,,,,,,,,,,,,,,2022-05-05 09:27:04,,,W,,E,,,W,,,,,,,,,,2000,,,,,,,,2018-12-24,2022-05-03,,,,,0,,
13781,,004723768,13781,004723768,,RTCS,นิคม ทิมา,1957-01-30,3540100590276,,,,,,,,,,,,,,,,,,,,,,,,,,,,,,,,2020-03-20 16:39:38.998000,,,W,,E,,,W,,,,,,,,,,2000,,,,,,,,2018-12-24,2020-03-18,,,,,0,,
13781,02,004830338,13781,004830338,,RTCS,ช่อ พรายแสงเพ็ชร,1938-01-15,3100502847160,,,,,,,,,,,,,,,,,,,,,,,,,,,,,,,,2019-07-31 16:28:39.998000,,,,,,,,W,,,,,,,,,,2000,,,,,,,,2018-12-26,2099-12-31,,,,,0,,
13781,,005010729,13781,005010729,,RTCS,ยุพิน ปานใย,1946-10-02,3160100237669,,,,,,,,,,,,,,,,,,,,,,,,,,,,,,,,2019-01-18 12:57:51.998000,,,W,,E,,,W,,,,,,,,,,2000,,,,,,,,2018-12-27,2019-01-18,,,,,0,,
13781,,004695175,13781,004695175,,RTSS,กลอยใจ ศรีสาคร,,3760100156159,,,,2,,,,,,,,,,,,,,,,,,,,,,,,,,,,2019-01-11 15:42:15,,,,,,,,,,,,,,,SSAQ5EQ3,HD,HD,1500,,2,,,,,,2012-11-12,,,,,,0,,
13781,,005492147,13781,005492147,,RTCS,สุรัชนี พูลเพิ่ม,1952-11-28,3400500435341,,,,,,,,,,,,,,,,,,,,,,,,,,,,,,,,2024-04-24 08:26:59.998000,,,D,,E,,,W,,,,,,,,,,2000,,,,,,,,2019-01-03,2024-04-08,,,,,0,,
13781,,005255305,13781,005255305,,RTCS,พฏิดา เรืองศิลป์,1970-09-10,3609700225096,,,,,,,,,,,,,,,,,,,,,,,,,,,,,,,,2023-06-07 11:24:01.998000,,,,,E,,,W,,,,,,,,,,2000,,,,,,,,2019-01-04,2023-06-03,,,,,0,,
13781,02,004798545,13781,004798545,,RTCS,จำลอง ช่างสัก,1945-04-01,3120100370725,,,,,,,,,,,,,,,,,,,,,,,,,,,,,,,,2019-07-31 16:28:39.998000,,,,,,,,W,,,,,,,,,,2000,,,,,,,,2019-01-04,2099-12-31,,,,,0,,
13781,,005185470,13781,005185470,,RTCS,อรทัย ชีพสาทิศ,1950-06-28,3100501762411,,,,,,,,,,,,,,,,,,,,,,,,,,,,,,,,2024-06-18 15:01:59.998000,,,O,,E,,,W,,,,,,,,,,2000,,,,,,,,2019-01-04,2024-06-17,,,,,0,,
13781,,005444490,13781,005444490,,RTUC,สุเพียร ศรีอ่อน,,3341400278670,,,,2,,,,,,,,,,,,,,,,,,,,,,,,,,,,2019-06-04 17:31:14.999000,,,D,,E,,,,,,,H,,,UCC5CXGL,HD,HD,1500,,2,,,,,O,2018-12-20,2019-05-30,,,,,0,,
13781,,005492419,13781,005492419,,RTCS,สมชาย ทองน้อย,1958-05-19,3600101219431,,,,,,,,,,,,,,,,,,,,,,,,,,,,,,,,2021-11-08 08:35:23.998000,,,W,,E,,,W,,,,,,,,,,2000,,,,,,,,2019-01-07,2021-11-03,,,,,0,,
13781,,003845858,13781,003845858,,RTCS,พรณรงค์ เหลืองมณีรัตน์,1944-11-20,3100904339398,,,,,,,,,,,,,,,,,,,,,,,,,,,,,,,,2026-02-19 09:10:53.998000,,,D,,E,,,W,,,,,,,,,,2000,,,,,,,,2019-01-08,2026-02-16,,,,,0,,
13781,,005323263,13781,005323263,,RTCS,ถนอมศรี ปิตฝ่าย,1939-05-03,3450900021552,,,,,,,,,,,,,,,,,,,,,,,,,,,,,,,,2024-09-03 14:18:41,,,D,,E,,,W,,,,,,,,,,2000,,,,,,,,2019-01-09,2024-08-26,,,,,0,,
13781,,003926176,13781,003926176,,RTCS,สมเกียรติ เหล่าพูลสุข,1938-11-23,3909900425070,,,,,,,,,,,,,,,,,,,,,,,,,,,,,,,,2020-08-04 09:50:27.998000,,,W,,E,,,W,,,,,,,,,,2000,,,,,,,,2019-01-09,2020-02-18,,,,,0,,
13781,,003333215,13781,003333215,,RTCS,จรัญ อิ่มจันทร์,1944-05-02,3100200931079,,,,,,,,,,,,,,,,,,,,,,,,,,,,,,,,2020-01-21 08:41:46,,,W,,E,,,W,,,,,,,,,,2000,,,,,,,,2019-01-16,2020-01-18,,,,,0,,
13781,,004235842,13781,004235842,,RTCS,วุฒิชัย สิตภาหุล,1951-07-08,3600190000057,,,,,,,,,,,,,,,,,,,,,,,,,,,,,,,,2020-03-20 16:39:38,,,W,,E,,,W,,,,,,,,,,2000,,,,,,,,2019-01-18,2020-03-18,,,,,0,,
13781,,004499109,13781,004499109,,RTCS,วาสนา โพธิ,1956-09-18,3150400534804,,,,,,,,,,,,,,,,,,,,,,,,,,,,,,,,2026-02-04 09:20:55.998000,,,D,,E,,,W,,,,,,,,,,2000,,,,,,,,2019-01-18,2026-02-02,,,,,0,,
13781,,004620826,13781,004620826,,RTCS,วิวัฒน์ไชย ศรีวิพัฒน์,1958-02-06,3101600196792,,,,,,,,,,,,,,,,,,,,,,,,,,,,,,,,2025-02-18 15:50:04.998000,,,D,,E,,,W,,,,,,,,,,2000,,,,,,,,2019-01-18,2025-02-10,,,,,0,,
13781,,004613431,10699,260318,,RTUC,ทัศณีย์ แก้วนำ,,5320490031488,,,,2,,,,,,,,,,,,,,,,,,,,,,,,,,,,2019-01-18 17:00:46,,,U,,E,,,,,,,3,,,HDK49Z4M,PD,HD,1500,,4,,,,,O,2019-01-18,2022-12-31,,,,,0,,
13781,,004829098,24810,55026,,RTUC,ปิยะมาศ คงยอดสถาพร,1980-04-26,3839900103120,,,,2,,,,,,,,,,,,,,,,,,,,,,,,,,,,2019-01-19 18:00:05,,,U,,E,,,,,,,3,,,HDGUDQ7W,HD,HD,1500,,7,,,,,O,2019-01-19,2022-12-31,,,,,0,,
13781,,005383705,13781,005383705,,RTSS,เทพบังอร ภู่ห้อย,1974-10-13,3250700262116,,,,2,,,,,,,,,,,,,,,,,,,,,,,,,,,,2024-10-02 18:27:58.998000,,,S,,E,,,,,,,,,,SSCY8TIS,HD,HD,1500,,2,,,,,,2012-10-15,2024-09-29,,,,,0,,
13781,,005348038,13781,005348038,,RTCS,สอด อาศัย,1932-04-01,3210500017592,,,,,,,,,,,,,,,,,,,,,,,,,,,,,,,,2019-07-18 14:48:18.999000,,,W,,E,,,W,,,,,,,,,,2000,,,,,,,,2019-01-23,2019-07-18,,,,,0,,
13781,,004310621,13781,004310621,,RTCS,ประทุม สำราญ,1940-03-11,3100600988388,,,,,,,,,,,,,,,,,,,,,,,,,,,,,,,,2024-11-05 08:13:31.998000,,,D,,E,,,W,,,,,,,,,,2000,,,,,,,,2019-01-23,2024-11-04,,,,,0,,
13781,,003928810,13781,003928810,,RTSS,สุนทร นุยอนรัมย์,1979-02-16,3319900258926,,,,1,,,,,,,,,,,,,,,,,,,,,,,,,,,,2026-03-31 10:00:27.998000,,,,,,,,,,,,,,,SSALYF49,KT,KT,1500,,2,,,,,,2012-10-15,,,,,,0,,
13781,,005142444,13781,005142444,,RTCS,ศรีเมือง ทองดี,1977-09-01,3330700616987,,,,,,,,,,,,,,,,,,,,,,,,,,,,,,,,2019-07-31 16:28:41.999000,,,,,,,,W,,,,,,,,,,2000,,,,,,,,2019-01-30,2099-12-31,,,,,0,,
13781,,004701569,13781,004701569,,RTCS,สมรรถ ปรีดากรณ์,1949-09-26,3200100057791,,,,,,,,,,,,,,,,,,,,,,,,,,,,,,,,2025-02-18 15:50:04.998000,,,D,,E,,,W,,,,,,,,,,2000,,,,,,,,2019-01-30,2025-02-10,,,,,0,,
13781,02,004820913,13781,004820913,,RTCS,สโรชา จิตต์ถวิล,1979-09-21,3240100632541,,,,,,,,,,,,,,,,,,,,,,,,,,,,,,,,2023-05-08 08:15:10.999000,,,,,E,,,W,,,,,,,,,,2000,,,,,,,,2019-02-01,2022-09-30,,,,,0,,
13781,,004203012,13781,004203012,,RTCS,ศรีอรุณ รากะรินทร์,1953-07-20,3650100929264,,,,,,,,,,,,,,,,,,,,,,,,,,,,,,,,2023-09-04 14:23:39.998000,,,D,,E,,,W,,,,,,,,,,2000,,,,,,,,2019-02-01,2023-09-03,,,,,0,,
13781,,004861112,13781,004861112,,RTCS,วรุตม์ธร เกียรติเสริมขจร,1951-07-21,3101201591167,,,,,,,,,,,,,,,,,,,,,,,,,,,,,,,,2019-03-25 11:31:20.998000,,,W,,E,,,W,,,,,,,,,,2000,,,,,,,,2019-02-01,2019-03-18,,,,,0,,
13781,,005369724,11626,889/61,,RTUC,ประนอม โนนเภา,,3250200402717,,,,2,,,,,,,,,,,,,,,,,,,,,,,,,,,,2019-02-01 14:00:04.998000,,,U,,E,,,,,,,H,,,HDE476RP,HD,HD,1500,,4,,,,,O,2019-01-23,2022-12-31,,,,,0,,
13781,02,002887107,13781,002887107,,RTCS,พูลศรี สามารถ,1952-12-06,3101900546420,,,,,,,,,,,,,,,,,,,,,,,,,,,,,,,,2019-07-31 16:28:41.999000,,,,,,,,W,,,,,,,,,,2000,,,,,,,,2019-02-01,2099-12-31,,,,,0,,
13781,,003988290,13781,003988290,,RTSS,เพิ่มศักดิ์ ตันติวุฒิ,1950-01-06,4100900076501,,,,1,,,,,,,,,,,,,,,,,,,,,,,,,,,,2020-02-04 09:47:35,,,D,,E,,,,,,,,,,SSGAZP4L,HD,HD,1500,,2,,,,,,2018-11-13,2019-12-07,,,,,0,,
13781,,004057400,13781,004057400,,RTCS,เสวย บุญน้อย,1945-12-05,3100200267373,,,,,,,,,,,,,,,,,,,,,,,,,,,,,,,,2019-06-06 09:53:32.998000,,,W,,E,,,W,,,,,,,,,,2000,,,,,,,,2019-02-05,2019-06-03,,,,,0,,
13781,,004875320,13781,004875320,,RTSS,อนุวัตร ปรีดาสุทธิ์,,3850100312311,,,,1,,,,,,,,,,,,,,,,,,,,,,,,,,,,2019-02-05 17:51:44.998000,,,,,,,,,,,,,,,SSMQ54N1,HD,HD,1500,,2,,,,,,2014-05-19,,,,,,0,,
13781,,005001101,23885,61573230,,RTUC,แก้วกัลยา ขวัญม่วง,,1200901379049,,,,2,,,,,,,,,,,,,,,,,,,,,,,,,,,,2019-02-06 17:00:42.999000,,,U,,E,,,,,,,3,,,HDL2TMHN,HD,HD,1500,,1,,,,,O,2019-02-04,2022-12-31,,,,,0,,
13781,,004648172,13781,004648172,,RTCS,อนุสิษฐ์ นิลลักษณ์,1960-08-14,3530100941397,,,,,,,,,,,,,,,,,,,,,,,,,,,,,,,,2019-11-26 14:35:44,,,W,,E,,,W,,,,,,,,,,2000,,,,,,,,2019-11-04,2019-11-18,,,,,0,,
13781,,004130007,13781,004130007,,RTCS,กิรณา กาญจนรังษี,1960-08-04,3810500028416,,,,,,,,,,,,,,,,,,,,,,,,,,,,,,,,2019-07-31 16:28:43,,,,,,,,W,,,,,,,,,,2000,,,,,,,,2019-02-07,2099-12-31,,,,,0,,
13781,,000024845,13781,000024845,,RTCS,เจอดใจ จารุปาณฑุ,1946-08-08,3110400298272,,,,,,,,,,,,,,,,,,,,,,,,,,,,,,,,2022-11-08 15:01:58,,,W,,E,,,W,,,,,,,,,,2000,,,,,,,,2019-02-11,2022-11-03,,,,,0,,
13781,,002871263,13781,002871263,,RTSS,สุวดี ลาภา,1949-03-28,3101402342482,,,,2,,,,,,,,,,,,,,,,,,,,,,,,,,,,2019-06-06 09:51:33.998000,,,D,,E,,,,,,,,,,SSKM8DQW,HD,HD,1500,,2,,,,,,2018-04-04,2019-02-15,,,,,0,,
13781,02,003240767,13781,003240767,,RTCS,สุวรรณ หุ่นสุวรรณ์,1951-02-06,3101700828707,,,,,,,,,,,,,,,,,,,,,,,,,,,,,,,,2019-07-31 16:28:43,,,,,,,,W,,,,,,,,,,2000,,,,,,,,2019-02-13,2099-12-31,,,,,0,,
13781,,003112835,13781,003112835,,RTSS,ปราโมทย์ สุดประเสริฐ,1956-10-03,3101000187148,,,,1,,,,,,,,,,,,,,,,,,,,,,,,,,,,2026-03-31 10:00:28.998000,,,D,,E,,,,,,,,,,SSEHL1SQ,HD,HD,1500,,2,,,,,,2012-10-15,2020-10-07,,,,,0,,
13781,,002904772,13781,002904772,,RTCS,ขนิษฐา จำปีรัตน์,1931-09-12,3120101394083,,,,,,,,,,,,,,,,,,,,,,,,,,,,,,,,2019-09-04 08:45:24,,,W,,E,,,W,,,,,,,,,,2000,,,,,,,,2019-02-18,2019-09-03,,,,,0,,
13781,,004624038,10660,593240,,RTUC,สุนทรี แก้วสุรินทร์,,5302090033027,,,,2,,,,,,,,,,,,,,,,,,,,,,,,,,,,2019-02-19 12:00:06,,,U,,E,,,,,,,3,,,HDD4HGDU,HD,HD,1500,,4,,,,,O,2019-02-19,2022-12-31,,,,,0,,
13781,,004439667,11310,000070554,,RTUC,จิตมณี ไทยสงฆ์,,1769900645351,,,,2,,,,,,,,,,,,,,,,,,,,,,,,,,,,2019-02-19 12:00:06,,,U,,E,,,,,,,3,,,HDH22KLR,HD,HD,1500,,4,,,,,O,2019-02-18,2022-12-31,,,,,0,,
13781,,003497286,23880,1321/57,,RTUC,สายัณห์ สุมาลี,,3101402296618,,,,1,,,,,,,,,,,,,,,,,,,,,,,,,,,,2019-02-19 18:00:07,,,U,,E,,,,,,,3,,,HDC2S3F8,HD,HD,1500,,2,,,,,R,2019-02-19,2022-12-31,,,,,0,,
13781,,004016717,13781,004016717,,RTCS,ทองสุข ยศอ่อน,1940-06-22,3600400133961,,,,,,,,,,,,,,,,,,,,,,,,,,,,,,,,2025-08-06 14:30:40,,,D,,E,,,W,,,,,,,,,,2000,,,,,,,,2019-02-22,2025-08-04,,,,,0,,
13781,02,002837471,13781,002837471,,RTCS,สันติภาพ คุณศิริวัฒนา,1970-07-17,3101701562760,,,,,,,,,,,,,,,,,,,,,,,,,,,,,,,,2019-07-31 16:28:43,,,,,,,,W,,,,,,,,,,2000,,,,,,,,2019-02-22,2099-12-31,,,,,0,,
13781,,005217543,13781,005217543,,RTSS,วาสนา เทพรักษา,1966-01-16,3240600140388,,,,2,,,,,,,,,,,,,,,,,,,,,,,,,,,,2025-09-30 08:26:27,,,S,,E,,,,,,,,,,SSKBYU9U,HD,HD,1500,,2,,,,,,2014-07-16,2025-09-29,,,,,0,,
13781,,005512940,11629,14694/05,,RTUC,สันติพงษ์ สุวรรณสิงห์,,3101701087859,,,,1,,,,,,,,,,,,,,,,,,,,,,,,,,,,2019-05-03 15:28:11.998000,,,D,,E,,,,,,,3,,,HDG2UMEH,HD,HD,1500,,2,,,,,O,2019-02-23,2019-04-24,,,,,0,,
13781,,002979237,13781,002979237,,RTCS,วีระ เล็กน้อย,1944-05-15,3100602674054,,,,,,,,,,,,,,,,,,,,,,,,,,,,,,,,2023-09-04 14:23:52,,,D,,E,,,W,,,,,,,,,,2000,,,,,,,,2019-02-27,2023-09-03,,,,,0,,
13781,,003784658,13781,003784658,,RTCS,ทวี โพธิสัตย์,1925-08-20,3141100248831,,,,,,,,,,,,,,,,,,,,,,,,,,,,,,,,2020-11-06 10:59:55.998000,,,W,,E,,,W,,,,,,,,,,2000,,,,,,,,2019-02-28,2020-11-03,,,,,0,,
13781,,004639727,13781,004639727,,RTCS,อภิชัย อมรพิสุทธิ์,1953-11-08,3869900083099,,,,,,,,,,,,,,,,,,,,,,,,,,,,,,,,2019-05-07 13:38:31,,,W,,E,,,W,,,,,,,,,,2000,,,,,,,,2019-02-28,2019-05-03,,,,,0,,
13781,,003138634,13781,003138634,,RTCS,วรนุช มีรัตน์,1973-10-21,3610300005279,,,,,,,,,,,,,,,,,,,,,,,,,,,,,,,,2026-03-04 14:40:21.998000,,,,,U,,,W,,,,,,,,,,2000,,,,,,,,2026-03-03,2099-12-31,,,,,0,,
13781,,001026247,13781,001026247,,RTCS,จำลอง ปานรอด,1934-04-26,3102100418622,,,,,,,,,,,,,,,,,,,,,,,,,,,,,,,,2019-07-18 14:48:15.998000,,,W,,E,,,W,,,,,,,,,,2000,,,,,,,,2019-03-01,2019-07-18,,,,,0,,
13781,,002066747,13781,002066747,,RTCS,อำนวย คล้ายมณี,1933-03-14,3120200213176,,,,,,,,,,,,,,,,,,,,,,,,,,,,,,,,2024-06-18 15:02:06,,,D,,E,,,W,,,,,,,,,,2000,,,,,,,,2019-03-05,2024-06-17,,,,,0,,
13781,,005034785,12044,014810-50,,RTUC,โสภาวัลย์ วัชรจารุนันทน์,,3101700827425,,,,2,,,,,,,,,,,,,,,,,,,,,,,,,,,,2019-03-06 18:00:07.998000,,,U,,E,,,,,,,3,,,HDF4695S,HD,HD,1500,,2,,,,,R,2019-03-06,2022-12-31,,,,,0,,
13781,,002158569,13781,002158569,,RTCS,อุดม จันทรารักษ์ศรี,1948-06-10,3101202319754,,,,,,,,,,,,,,,,,,,,,,,,,,,,,,,,2024-06-05 10:50:39.998000,,,D,,E,,,W,,,,,,,,,,2000,,,,,,,,2019-03-07,2024-06-03,,,,,0,,
13781,,004588563,13781,004588563,,RTCS,สมคิด พังยาง,1948-01-01,3800600247250,,,,,,,,,,,,,,,,,,,,,,,,,,,,,,,,2019-07-31 16:28:44,,,,,,,,W,,,,,,,,,,2000,,,,,,,,2019-03-07,2099-12-31,,,,,0,,
13781,,004955047,13781,004955047,,RTSS,หัสริญญา นนท์ชาลี,,3400200451643,,,,2,,,,,,,,,,,,,,,,,,,,,,,,,,,,2019-03-09 10:52:37,,,,,,,,,,,,,,,SSJEJ6MP,HD,HD,1500,,2,,,,,,2015-12-09,,,,,,0,,
13781,,005321687,13781,005321687,,RTCS,ผจญ สุชาติพิมลธร,1953-06-20,3249900002981,,,,,,,,,,,,,,,,,,,,,,,,,,,,,,,,2024-06-18 15:02:05,,,D,,E,,,W,,,,,,,,,,2000,,,,,,,,2019-03-11,2024-06-10,,,,,0,,
13781,,004336203,13781,004336203,,RTUC,สุพร ตฤณเกศโกศล,,3100501467304,,,,1,,,,,,,,,,,,,,,,,,,,,,,,,,,,2019-03-12 16:26:41.998000,,,U,,E,,,,,,,H,,,UCFLLEZS,HD,HD,1500,,2,,,,,O,2019-01-24,2022-12-31,,,,,0,,
13781,02,003809346,13781,003809346,,RTCS,ชูศรี กาญจนประดิษฐ์,1949-02-04,3100202581008,,,,,,,,,,,,,,,,,,,,,,,,,,,,,,,,2025-04-18 13:40:07,,,D,,E,,,W,,,,,,,,,,2000,,,,,,,,2019-03-19,2025-04-14,,,,,0,,
13781,,004837026,13781,004837026,,RTSS,บุญรักษ์ ภิญโญ,1982-12-18,3411900681499,,,,1,,,,,,,,,,,,,,,,,,,,,,,,,,,,2022-04-05 10:38:27.999000,,,D,,E,,,,,,,,,,SSA6C7ND,HD,HD,1500,,2,,,,,,2012-10-15,2022-08-27,,,,,0,,
13781,02,003687844,13781,003687844,,RTCS,ยิ้ม พรหมมานนท์,1945-04-26,3331400396036,,,,,,,,,,,,,,,,,,,,,,,,,,,,,,,,2025-03-18 14:51:06.998000,,,D,,E,,,W,,,,,,,,,,2000,,,,,,,,2019-03-21,2025-03-10,,,,,0,,
13781,,004625685,10664,4733166,,RTUC,ทิพวรรณ บรรจงใจรักษ์,,3229800086555,,,,2,,,,,,,,,,,,,,,,,,,,,,,,,,,,2019-03-22 08:30:09,,,U,,E,,,,,,,3,,,HDJ2SW9R,HD,HD,1500,,4,,,,,O,2019-03-15,2022-12-31,,,,,0,,
13781,,004041750,13781,004041750,,RTSS,ยุพา อินสว่าง,1975-05-20,3720500389495,,,,2,,,,,,,,,,,,,,,,,,,,,,,,,,,,2019-04-02 16:06:08,,,D,,E,,,,,,,,,,SSHL0OWL,HD,HD,1500,,2,,,,,,2015-11-27,2019-03-24,,,,,0,,
13781,,005385209,23870,42237/54,,RTUC,อฟีฟ ครุฤเสนีย์,,1959900269926,,,,1,,,,,,,,,,,,,,,,,,,,,,,,,,,,2019-03-28 17:00:42.999000,,,U,,E,,,,,,,H,,,HDH3BJU9,HD,HD,1500,,4,,,,,O,2019-03-25,2022-12-31,,,,,0,,
13781,,005524429,13781,005524429,,RTCS,สนิท โสวัตร,1941-04-20,3150100224303,,,,,,,,,,,,,,,,,,,,,,,,,,,,,,,,2019-07-31 16:28:44,,,,,,,,W,,,,,,,,,,2000,,,,,,,,2019-03-25,2099-12-31,,,,,0,,
13781,,005320907,13781,005320907,,RTCS,หงษ์ บุณญะพานิชสกุล,1924-10-17,3179900192501,,,,,,,,,,,,,,,,,,,,,,,,,,,,,,,,2020-01-07 11:33:01,,,W,,E,,,W,,,,,,,,,,2000,,,,,,,,2019-07-04,2020-01-03,,,,,0,,
13781,,005328877,13781,005328877,,RTCS,วิไล อ่อนน้อม,1941-06-27,3101900715078,,,,,,,,,,,,,,,,,,,,,,,,,,,,,,,,2019-04-19 14:26:30.998000,,,W,,E,,,W,,,,,,,,,,2000,,,,,,,,2019-03-26,2019-04-18,,,,,0,,
13781,,005472497,13781,005472497,,RTCS,ชูศรี พฤกษชาติ,1944-05-16,3219900024039,,,,,,,,,,,,,,,,,,,,,,,,,,,,,,,,2023-05-08 08:16:43.998000,,,,,E,,,W,,,,,,,,,,2000,,,,,,,,2020-03-04,2022-09-30,,,,,0,,
13781,,004537845,13781,004537845,,RTCS,เสมอ ทองปอน,1945-01-01,3101701368831,,,,,,,,,,,,,,,,,,,,,,,,,,,,,,,,2020-06-04 15:59:36.998000,,,W,,E,,,W,,,,,,,,,,2000,,,,,,,,2019-03-28,2020-06-03,,,,,0,,
13781,,005111787,13781,005111787,,RTSS,ชานนท์ วงษ์ไพศาล,,1219900020126,,,,1,,,,,,,,,,,,,,,,,,,,,,,,,,,,2019-03-30 11:56:44,,,,,,,,,,,,,,,SSKPZUPI,HD,HD,1500,,2,,,,,,2015-11-18,,,,,,0,,
13781,,004182835,13781,004182835,,RTSS,นัทธมน พริกบางงอน,1985-07-15,1841700018460,,,,2,,,,,,,,,,,,,,,,,,,,,,,,,,,,2026-03-31 10:00:29.999000,,,,,,,,,,,,,,,SSF6SQF7,HD,HD,1500,,2,,,,,,2012-10-15,,,,,,0,,
13781,,003081825,13781,003081825,,RTSS,สมนึก จั่นเพ็ชร์,1978-08-10,3150600527861,,,,2,,,,,,,,,,,,,,,,,,,,,,,,,,,,2020-02-19 07:31:14.998000,,,,,,,,,,,,,,,SSJNUL4X,HD,HD,1500,,2,,,,,,2018-12-14,,,,,,0,,
13781,,005497977,13781,005497977,,RTCS,พิจิตร นิวงษา,1962-03-06,3480300309768,,,,,,,,,,,,,,,,,,,,,,,,,,,,,,,,2024-08-20 14:14:42,,,D,,E,,,W,,,,,,,,,,2000,,,,,,,,2019-04-02,2024-08-19,,,,,0,,
13781,,003153351,10690,0146846,,RTUC,ปัญจนิตย์ ขันตี,,3169900238668,,,,2,,,,,,,,,,,,,,,,,,,,,,,,,,,,2019-04-03 18:00:14,,,U,,E,,,,,,,3,,,HDGASVVT,HD,HD,1500,,2,,,,,O,2019-04-03,2022-12-31,,,,,0,,
13781,,003722923,11801,661000804,,RTUC,ปัญญา ปัญจพรผล,,3739900228977,,,,1,,,,,,,,,,,,,,,,,,,,,,,,,,,,2019-07-18 14:10:03,,,D,,E,,,,,,,3,,,HDK6MS7T,HD,HD,1500,,2,,,,,O,2019-04-04,2019-07-10,,,,,0,,
13781,,005062887,40735,083/58,,RTUC,รัตนาภร อ่วมสอาด,,3110100270526,,,,2,,,,,,,,,,,,,,,,,,,,,,,,,,,,2019-04-08 18:00:15.998000,,,U,,E,,,,,,,3,,,HDD3LBHB,HD,HD,1500,,2,,,,,O,2019-04-05,2022-12-31,,,,,0,,
13781,,005288720,13781,005288720,,RTCS,สวง เหวจะบก,1944-12-01,3659900257145,,,,,,,,,,,,,,,,,,,,,,,,,,,,,,,,2020-05-28 14:01:09,,,W,,E,,,W,,,,,,,,,,2000,,,,,,,,2019-04-09,2020-05-18,,,,,0,,
13781,,002704345,13781,002704345,,RTCS,พิสมัย สมโสภณ,1942-09-02,3809900045090,,,,,,,,,,,,,,,,,,,,,,,,,,,,,,,,2019-10-22 15:31:33.998000,,,W,,E,,,W,,,,,,,,,,2000,,,,,,,,2019-04-09,2019-10-18,,,,,0,,
13781,,005527816,13781,005527816,,RTCS,สงวน ซื่อสัตตบงกช,1934-01-01,3809900603131,,,,,,,,,,,,,,,,,,,,,,,,,,,,,,,,2024-09-18 11:00:41.998000,,,D,,E,,,W,,,,,,,,,,2000,,,,,,,,2019-04-10,2024-09-09,,,,,0,,
13781,,001073068,13781,001073068,,RTCS,แสง เอี่ยมภู,1937-05-17,3100500991221,,,,,,,,,,,,,,,,,,,,,,,,,,,,,,,,2024-12-18 08:52:57,,,D,,E,,,W,,,,,,,,,,2000,,,,,,,,2019-04-10,2024-12-09,,,,,0,,
13781,,004548943,11616,15-011844,,RTUC,นภัสภรณ์ ตั้งจิตต์สุนทร,,1100400196660,,,,2,,,,,,,,,,,,,,,,,,,,,,,,,,,,2019-04-10 10:38:27.999000,,,U,,E,,,,,,,3,,,HDK3MURN,HD,HD,1500,,4,,,,,O,2019-04-10,2022-12-31,,,,,0,,
13781,,002845750,13781,002845750,,RTCS,แดง กายะปานิช,1941-09-04,3100502369608,,,,,,,,,,,,,,,,,,,,,,,,,,,,,,,,2023-12-04 14:34:18.998000,,,D,,E,,,W,,,,,,,,,,2000,,,,,,,,2019-04-11,2023-11-20,,,,,0,,
13781,,004790662,77556,6225-56,,RTUC,ศรีอำพร นิลหัต,,3660500594588,,,,1,,,,,,,,,,,,,,,,,,,,,,,,,,,,2019-04-16 12:00:05,,,U,,E,,,,,,,3,,,HDC3EHHK,HD,HD,1500,,4,,,,,O,2019-04-16,2022-12-31,,,,,0,,
13781,,005330890,13781,005330890,,"RTSS,RTSS",น้ำผึ้ง ผมงาม,1984-12-09,1450500022831,,,,2,,,,,,,,,,,,,,,,,,,,,,,,,,,,2026-03-31 10:00:29.999000,,,D,,E,,,,,,,,,,SSB36DRW,HD,HD,1500,,2,,,,,,2019-01-23,2024-03-31,,,,,0,,
13781,,003358861,13781,003358861,,RTCS,นพดล คุณะสารพันธ์,1971-07-23,3200600250027,,,,,,,,,,,,,,,,,,,,,,,,,,,,,,,,2023-07-19 09:39:03,,,D,,E,,,W,,,,,,,,,,2000,,,,,,,,2019-04-18,2023-07-18,,,,,0,,
13781,,005119879,13781,005119879,,RTCS,อาวรณ์ บุตรดีขันธ์,1941-04-04,3101701031578,,,,,,,,,,,,,,,,,,,,,,,,,,,,,,,,2020-11-06 11:00:02,,,W,,E,,,W,,,,,,,,,,2000,,,,,,,,2019-04-18,2020-11-03,,,,,0,,
13781,,001903739,13781,001903739,,RTCS,เปี่ยม ป๋อพริ้ง,1922-04-01,3101900557162,,,,,,,,,,,,,,,,,,,,,,,,,,,,,,,,2019-05-24 13:14:25,,,W,,E,,,W,,,,,,,,,,2000,,,,,,,,2019-04-18,2019-05-18,,,,,0,,
13781,,003629594,13781,003629594,,RTSS,สมชาย ชำนาญชานันท์,1968-03-02,3209900043742,,,,1,,,,,,,,,,,,,,,,,,,,,,,,,,,,2024-07-01 21:47:05,,,,,,,,,,,,,,,SSJ06IHA,HD,HD,1500,,2,,,,,,2016-01-11,,,,,,0,,
13781,,005538201,13781,005538201,,RTCS,สมนึก ประกอบผล,1946-10-10,4100500049086,,,,,,,,,,,,,,,,,,,,,,,,,,,,,,,,2022-03-21 10:14:56.998000,,,W,,E,,,W,,,,,,,,,,2000,,,,,,,,2019-04-18,2022-03-18,,,,,0,,
13781,,003655443,13781,003655443,,RTCS,ทวีศิลป์ อนุแสน,1943-06-03,3450500290980,,,,,,,,,,,,,,,,,,,,,,,,,,,,,,,,2020-11-06 10:59:59,,,W,,E,,,W,,,,,,,,,,2000,,,,,,,,2019-04-19,2020-11-03,,,,,0,,
13781,02,003724676,13781,003724676,,RTCS,อรทัย โชติช่วง,1953-05-03,3479900182261,,,,,,,,,,,,,,,,,,,,,,,,,,,,,,,,2019-07-31 16:28:45,,,,,,,,W,,,,,,,,,,2000,,,,,,,,2019-04-19,2099-12-31,,,,,0,,
13781,,003128158,13781,003128158,,RTCS,สุดาสวรรค์ ฟองเอม,1964-08-21,3600100468119,,,,,,,,,,,,,,,,,,,,,,,,,,,,,,,,2020-01-07 11:33:02,,,W,,E,,,W,,,,,,,,,,2000,,,,,,,,2019-04-19,2020-01-03,,,,,0,,
13781,,004024079,13781,004024079,,RTCS,พิเชต สุนทรพิพิธ,1941-01-08,3101700525828,,,,,,,,,,,,,,,,,,,,,,,,,,,,,,,,2019-07-31 16:28:45,,,,,,,,W,,,,,,,,,,2000,,,,,,,,2019-04-22,2099-12-31,,,,,0,,
13781,,005508461,11789,60/32703,,RTUC,กำไรทอง ทองคำ,,5100900099445,,,,2,,,,,,,,,,,,,,,,,,,,,,,,,,,,2019-04-22 12:00:07,,,U,,E,,,,,,,3,,,HDB49QYB,HD,HD,1500,,2,,,,,R,2019-04-22,2022-12-31,,,,,0,,
13781,,005011575,13781,005011575,,RTCS,สิทธิวัชร์ ศรสุวรรณหิรัญ,1960-02-14,3209600154158,,,,,,,,,,,,,,,,,,,,,,,,,,,,,,,,2019-07-31 16:28:45,,,,,,,,W,,,,,,,,,,2000,,,,,,,,2019-04-24,2099-12-31,,,,,0,,
13781,,001900042,13781,001900042,,RTCS,นันทศักดิ์ ผาติกุลศิลา,1944-04-18,3102000095112,,,,,,,,,,,,,,,,,,,,,,,,,,,,,,,,2019-06-19 13:50:46,,,W,,E,,,W,,,,,,,,,,2000,,,,,,,,2019-04-30,2019-06-18,,,,,0,,
13781,,004961771,13781,004961771,,RTCS,นคร เกิดจิ๋ว,1966-12-31,3700700128652,,,,,,,,,,,,,,,,,,,,,,,,,,,,,,,,2020-08-04 09:50:31,,,W,,E,,,W,,,,,,,,,,2000,,,,,,,,2019-04-30,2020-02-18,,,,,0,,
13781,,004943166,13781,004943166,,RTCS,ทองสุข บำรุงศรี,1958-01-17,3220400179159,,,,,,,,,,,,,,,,,,,,,,,,,,,,,,,,2020-03-20 16:39:40.998000,,,W,,E,,,W,,,,,,,,,,2000,,,,,,,,2019-05-01,2020-03-18,,,,,0,,
13781,,005395341,13781,005395341,,RTCS,สงกรานต์ แก้วกาหลง,,3420200062809,,,,2,,,,,,,,,,,,,,,,,,,,,,,,,,,,2019-09-19 15:41:20.999000,,,W,,E,,,W,,,,,,,,HD,HD,0,,6,,,,,O,2019-05-01,2019-06-18,,,,,0,,
13781,,005537176,13781,005537176,,RTCS,สุนีย์ ไพรวัลย์,1940-01-01,3100502849707,,,,,,,,,,,,,,,,,,,,,,,,,,,,,,,,2019-12-18 16:51:09.998000,,,W,,E,,,W,,,,,,,,,,2000,,,,,,,,2019-05-01,2019-12-18,,,,,0,,
13781,02,004942209,13781,004942209,,RTSS,พงศ์ชัย พูลศรี,,1610100051858,,,,1,,,,,,,,,,,,,,,,,,,,,,,,,,,,2019-05-02 07:52:13,,,,,,,,,,,,,,,SSIS7FPM,HD,HD,1500,,2,,,,,,2018-06-04,,,,,,0,,
13781,,005560049,10720,32429,,RTUC,สร้าง มณีรมณ์,,3610400075830,,,,1,,,,,,,,,,,,,,,,,,,,,,,,,,,,2019-05-02 14:00:04.998000,,,U,,E,,,,,,,3,,,HDE493Q5,HD,HD,1500,,4,,,,,O,2019-05-02,2022-12-31,,,,,0,,
13781,,004644129,13781,004644129,,RTCS,วันเพ็ญ บุญนาม,1957-12-07,3601000393649,,,,,,,,,,,,,,,,,,,,,,,,,,,,,,,,2020-07-22 17:05:43,,,W,,E,,,W,,,,,,,,,,2000,,,,,,,,2019-05-03,2020-07-03,,,,,0,,
13781,,004074355,13781,004074355,,RTCS,ชื่นจิต ภาวะโสภณ,1946-05-10,3260200201860,,,,,,,,,,,,,,,,,,,,,,,,,,,,,,,,2024-11-05 08:13:41.999000,,,D,,E,,,W,,,,,,,,,,2000,,,,,,,,2019-05-03,2024-10-28,,,,,0,,
13781,,005291036,11305,000028 55,,RTUC,ฐิติกา ลูกศร,,1749900250747,,,,2,,,,,,,,,,,,,,,,,,,,,,,,,,,,2019-05-04 08:30:07.999000,,,U,,E,,,,,,,3,,,HDJWJ6RA,HD,HD,1500,,2,,,,,O,2019-05-01,2022-12-31,,,,,0,,
13781,02,000246855,13781,000246855,,RTCS,พานิช วงษ์ห้าวศึก,1937-06-01,3102201227334,,,,,,,,,,,,,,,,,,,,,,,,,,,,,,,,2019-07-31 16:28:45.998000,,,,,,,,W,,,,,,,,,,2000,,,,,,,,2019-05-07,2099-12-31,,,,,0,,
13781,,003903409,13781,003903409,,RTCS,สุภาพ คล้ายแก้ว,1942-03-21,3120100645198,,,,,,,,,,,,,,,,,,,,,,,,,,,,,,,,2023-09-04 14:23:51,,,D,,E,,,W,,,,,,,,,,2000,,,,,,,,2019-05-07,2023-09-03,,,,,0,,
13781,,004259699,13781,004259699,,RTCS,ไสว อันประนิตย์,1931-12-31,3470101532807,,,,,,,,,,,,,,,,,,,,,,,,,,,,,,,,2021-03-05 09:04:40,,,W,,E,,,W,,,,,,,,,,2000,,,,,,,,2019-05-10,2021-03-03,,,,,0,,
13781,,005534515,13781,005534515,,RTCS,เสริมศิริ เผื่อนพิภพ,1934-11-06,3100901759701,,,,,,,,,,,,,,,,,,,,,,,,,,,,,,,,2021-03-05 09:04:43.998000,,,W,,E,,,W,,,,,,,,,,2000,,,,,,,,2019-05-10,2021-03-03,,,,,0,,
13781,02,004637690,13781,004637690,,RTCS,พงศ์ธนา แววรัตน์,1958-01-02,3101400113109,,,,,,,,,,,,,,,,,,,,,,,,,,,,,,,,2019-07-31 16:28:45.998000,,,,,,,,W,,,,,,,,,,2000,,,,,,,,2019-05-14,2099-12-31,,,,,0,,
13781,,003214363,11621,56-2972,,RTUC,ศกุณต์ ตั้งจิตเพียรชัย,1946-12-08,3102200581436,,,,1,,,,,,,,,,,,,,,,,,,,,,,,,,,,2019-05-16 08:30:09,,,U,,E,,,,,,,3,,,HDAVZWM2,HD,HD,1500,,7,,,,,R,2019-05-13,2022-12-31,,,,,0,,
13781,,004430714,21708,57-79,,RTUC,อัมพร มุกดาชัยพินาธร,,8499988017971,,,,2,,,,,,,,,,,,,,,,,,,,,,,,,,,,2019-05-16 17:01:32.998000,,,U,,E,,,,,,,3,,,HDD2YL3P,HD,HD,0,,6,,,,,O,2019-05-15,2022-12-31,,,,,0,,
13781,,005570947,11775,33524-52,,RTUC,สารภี นราภิรมย์ขวัญ,,3102400109102,,,,2,,,,,,,,,,,,,,,,,,,,,,,,,,,,2019-05-16 18:00:07,,,U,,E,,,,,,,3,,,HDD2H4Z9,HD,HD,1500,,2,,,,,O,2019-05-15,2022-12-31,,,,,0,,
13781,,004008166,13781,004008166,,RTUC,ชนิกา สมดุลธรรม,,3100400297977,,,,2,,,,,,,,,,,,,,,,,,,,,,,,,,,,2019-06-04 17:31:13.998000,,,D,,E,,,,,,,H,,,UCE2BBQ9,HD,HD,1500,,2,,,,,O,2018-03-05,2019-05-25,,,,,0,,
13781,,003450807,13781,003450807,,RTSS,จินตนา ปิ่นเพ็ชร,1965-07-06,3101400104771,,,,2,,,,,,,,,,,,,,,,,,,,,,,,,,,,2026-03-31 10:00:29.999000,,,,,,,,,,,,,,,SSCU7S9J,HD,HD,1500,,2,,,,,,2014-08-15,,,,,,0,,
13781,,003189173,13781,003189173,,RTCS,วิริยะ เกตุมาโร,1949-09-17,3101800606391,,,,,,,,,,,,,,,,,,,,,,,,,,,,,,,,2019-07-31 16:28:45.998000,,,,,,,,W,,,,,,,,,,2000,,,,,,,,2019-05-22,2099-12-31,,,,,0,,
13781,02,005339032,13781,005339032,,RTSS,ณาวาลี คนยืน,1998-04-08,1499900276471,,,,2,,,,,,,,,,,,,,,,,,,,,,,,,,,,2020-08-03 14:11:54,,,,,,,,,,,,,,,SSMT6HJB,HD,HD,1500,,2,,,,,,2017-06-29,,,,,,0,,
13781,,004567233,13781,004567233,,RTSS,ทับทิม ฉายาภู่ศร,1964-06-02,2650800001002,,,,2,,,,,,,,,,,,,,,,,,,,,,,,,,,,2019-07-03 15:12:17.999000,,,D,,E,,,,,,,,,,SSGT0C2Q,HD,HD,1500,,2,,,,,,2012-10-15,2019-05-30,,,,,0,,
13781,,004680315,13781,004680315,,RTCS,หลวง นามนุ,1960-08-03,3310500369986,,,,,,,,,,,,,,,,,,,,,,,,,,,,,,,,2023-03-22 15:21:47.998000,,,D,,E,,,W,,,,,,,,,,2000,,,,,,,,2019-05-23,2023-02-18,,,,,0,,
13781,,005544242,13781,005544242,,RTCS,วราภรณ์ ชะนะกุล,1946-01-01,3609900460315,,,,,,,,,,,,,,,,,,,,,,,,,,,,,,,,2019-07-31 16:28:45.998000,,,,,,,,W,,,,,,,,,,2000,,,,,,,,2019-05-23,2099-12-31,,,,,0,,
13781,,003802639,13781,003802639,,RTCS,จารุกุล นิยติวัฒน์ชาญชัย,1943-07-08,5101700058452,,,,,,,,,,,,,,,,,,,,,,,,,,,,,,,,2021-08-19 16:22:03,,,W,,E,,,W,,,,,,,,,,2000,,,,,,,,2019-05-23,2021-08-18,,,,,0,,
13781,,004029421,13781,004029421,,RTCS,วนิดา นามไว,1964-05-27,3760600440034,,,,,,,,,,,,,,,,,,,,,,,,,,,,,,,,2021-04-07 08:30:37.999000,,,W,,E,,,W,,,,,,,,,,2000,,,,,,,,2019-05-27,2021-04-03,,,,,0,,
13781,,005238846,13781,005238846,,RTSS,เกศนภา เกตุสว่าง,1982-05-28,3102201575162,,,,1,,,,,,,,,,,,,,,,,,,,,,,,,,,,2020-04-03 16:12:39,,,,,,,,,,,,,,,SSDT8KZ7,HD,HD,1500,,2,,,,,,2017-01-04,,,,,,0,,
13781,,005571909,13781,005571909,,RTCS,ถุงเงิน เพชรพงษ์,1953-01-01,3609900660331,,,,,,,,,,,,,,,,,,,,,,,,,,,,,,,,2019-07-31 16:28:45.998000,,,,,,,,W,,,,,,,,,,2000,,,,,,,,2019-05-28,2099-12-31,,,,,0,,
13781,,005546157,13781,005546157,,RTCS,สุฤทัย ประจักษานนท์,1940-08-08,3219900096544,,,,,,,,,,,,,,,,,,,,,,,,,,,,,,,,2024-03-19 15:44:39.998000,,,D,,E,,,W,,,,,,,,,,2000,,,,,,,,2019-05-28,2024-03-18,,,,,0,,
13781,,004516402,13781,004516402,,RTCS,สายทอง ชิงชัย,1970-09-08,5610400004491,,,,,,,,,,,,,,,,,,,,,,,,,,,,,,,,2024-10-03 14:21:37,,,O,,E,,,W,,,,,,,,,,2000,,,,,,,,2019-05-28,2024-09-30,,,,,0,,
13781,,005361703,13781,005361703,,RTCS,จันทนา ชาวสมุทร,1956-11-05,3110401085566,,,,,,,,,,,,,,,,,,,,,,,,,,,,,,,,2019-10-11 10:13:46,,,W,,E,,,W,,,,,,,,,,2000,,,,,,,,2019-05-29,2019-10-03,,,,,0,,
13781,,004329498,13781,004329498,,RTSS,มณีรัตน์ คงเคน,1965-10-13,3341300361222,,,,2,,,,,,,,,,,,,,,,,,,,,,,,,,,,2021-11-03 15:52:29,,,D,,E,,,,,,,,,,SSIBVOP6,HD,HD,1500,,2,,,,,,2012-10-15,2021-07-31,,,,,0,,
13781,,005560832,11616,17-13357,,RTUC,สมศักดิ์ พิมลพันธุ์,,3101900773876,,,,1,,,,,,,,,,,,,,,,,,,,,,,,,,,,2019-06-18 14:51:58.998000,,,D,,E,,,,,,,3,,,HDK3PZFQ,HD,HD,1500,,2,,,,,O,2019-05-27,2019-06-10,,,,,0,,
13781,,003987406,13781,003987406,,RTCS,ถาวร ชาวสมุทร,1947-01-01,3740100880051,,,,,,,,,,,,,,,,,,,,,,,,,,,,,,,,2019-09-19 15:41:14,,,W,,E,,,W,,,,,,,,,,2000,,,,,,,,2019-06-02,2019-09-18,,,,,0,,
13781,,005522460,13781,005522460,,RTCS,เอี่ยมเสาะ แซ่อวง,1941-02-05,3729800063895,,,,,,,,,,,,,,,,,,,,,,,,,,,,,,,,2019-07-31 16:28:46.998000,,,,,,,,W,,,,,,,,,,2000,,,,,,,,2019-06-02,2099-12-31,,,,,0,,
13781,,004335187,13781,004335187,,RTCS,ไชโย เขมะชิต,1929-05-23,3150100059485,,,,,,,,,,,,,,,,,,,,,,,,,,,,,,,,2019-07-18 14:48:14,,,W,,E,,,W,,,,,,,,,,2000,,,,,,,,2019-06-03,2019-07-18,,,,,0,,
13781,,001637738,13781,001637738,,RTCS,ดำเนิน ศิริวิลัย,1956-03-30,3619900146220,,,,,,,,,,,,,,,,,,,,,,,,,,,,,,,,2019-07-31 16:28:46.998000,,,,,,,,W,,,,,,,,,,2000,,,,,,,,2019-06-03,2099-12-31,,,,,0,,
13781,,004706414,13781,004706414,,RTSS,ชิชญาดา โปรา,,3101200260329,,,,2,,,,,,,,,,,,,,,,,,,,,,,,,,,,2019-06-04 09:19:18.998000,,,,,,,,,,,,,,,SSMHD4FN,HD,HD,1500,,2,,,,,,2012-10-15,,,,,,0,,
13781,,002397169,13781,002397169,,RTCS,แช่มช้อย นิลใบ,1934-01-01,3101701567575,,,,,,,,,,,,,,,,,,,,,,,,,,,,,,,,2019-07-18 14:48:20,,,W,,E,,,W,,,,,,,,,,2000,,,,,,,,2019-06-04,2019-07-18,,,,,0,,
13781,,005552521,13781,005552521,,RTCS,สังคม แสนเสนา,1962-01-03,3400400279721,,,,,,,,,,,,,,,,,,,,,,,,,,,,,,,,2019-07-31 16:28:46.998000,,,,,,,,W,,,,,,,,,,2000,,,,,,,,2019-06-05,2099-12-31,,,,,0,,
13781,,004536749,13781,004536749,,RTCS,ฉัตรชัย พลเยี่ยม,1988-06-27,1450900056368,,,,,,,,,,,,,,,,,,,,,,,,,,,,,,,,2024-09-18 11:01:25.998000,,,,,U,,,W,,,,,,,,,,2000,,,,,,,,2024-09-10,2099-12-31,,,,,0,,
13781,,004033884,13781,004033884,,RTCS,บุญธรรม แก่นเขียว,1930-04-01,3600400487062,,,,,,,,,,,,,,,,,,,,,,,,,,,,,,,,2023-08-04 13:10:20.998000,,,D,,E,,,W,,,,,,,,,,2000,,,,,,,,2019-06-05,2023-08-03,,,,,0,,
13781,,000414869,13781,000414869,,RTCS,เรวดี คูรัตน์,1951-01-01,3100100723440,,,,,,,,,,,,,,,,,,,,,,,,,,,,,,,,2020-01-21 08:41:47,,,W,,E,,,W,,,,,,,,,,2000,,,,,,,,2019-06-05,2020-01-18,,,,,0,,
13781,,005009065,13781,005009065,,RTSS,ยุทธนา คงสัจจาภรณ์,1955-04-17,3229700089480,,,,1,,,,,,,,,,,,,,,,,,,,,,,,,,,,2023-07-04 11:39:25,,,D,,E,,,,,,,,,,SSLL86QR,HD,HD,1500,,2,,,,,,2014-12-09,2023-05-02,,,,,0,,
13781,,004943182,13781,004943182,,RTCS,เชาวรัตน์ ศรีมณี,1942-08-20,3160101707758,,,,,,,,,,,,,,,,,,,,,,,,,,,,,,,,2020-03-06 08:46:15,,,W,,E,,,W,,,,,,,,,,2000,,,,,,,,2019-06-07,2020-03-03,,,,,0,,
13781,,004562918,23880,1256/56,,RTUC,พุธ นารี,,5440800080201,,,,1,,,,,,,,,,,,,,,,,,,,,,,,,,,,2019-06-07 17:00:44,,,U,,E,,,,,,,3,,,HDG872CJ,HD,HD,1500,,4,,,,,O,2019-05-30,2022-12-31,,,,,0,,
13781,,005205602,11282,47699,,RTUC,คทาวุธ ตันโสดเจริญ,,3710600159319,,,,1,,,,,,,,,,,,,,,,,,,,,,,,,,,,2019-06-09 08:30:05.998000,,,U,,E,,,,,,,3,,,HDD238DW,HD,HD,1500,,2,,,,,O,2019-06-08,2022-12-31,,,,,0,,
13781,,005469782,13781,005469782,,RTSS,วินัย นาคง,1982-12-22,3800600604621,,,,1,,,,,,,,,,,,,,,,,,,,,,,,,,,,2024-06-20 11:47:52,,,,,,,,,,,,,,,SSBWY8KU,HD,HD,1500,,2,,,,,,2017-12-05,,,,,,0,,
13781,,005454431,13781,005454431,,RTSS,มณี อาคมเวช,1961-07-19,3859900163629,,,,2,,,,,,,,,,,,,,,,,,,,,,,,,,,,2024-12-03 15:06:08,,,S,,E,,,,,,,,,,SSBUVCKQ,HD,HD,1500,,2,,,,,,2013-08-22,2024-11-29,,,,,0,,
13781,,005168440,13781,005168440,,RTCS,จุฑามาส จ่าเมือง,1982-09-07,3100500983007,,,,,,,,,,,,,,,,,,,,,,,,,,,,,,,,2019-07-31 16:28:46.998000,,,,,,,,W,,,,,,,,,,2000,,,,,,,,2019-06-11,2099-12-31,,,,,0,,
13781,,004706825,13781,004706825,,RTSS,วิทู เบ็ญกูล,1968-10-26,3100901572695,,,,1,,,,,,,,,,,,,,,,,,,,,,,,,,,,2022-08-03 09:22:47.999000,,,D,,E,,,,,,,,,,SSBS9U89,HD,HD,1500,,2,,,,,,2019-02-16,2021-12-08,,,,,0,,
13781,,005573491,13781,005573491,,RTCS,สร้อย สมทอง,1942-01-01,3920700179492,,,,,,,,,,,,,,,,,,,,,,,,,,,,,,,,2021-02-22 13:18:38.998000,,,W,,E,,,W,,,,,,,,,,2000,,,,,,,,2019-06-12,2021-02-18,,,,,0,,
13781,,004966332,11864,560006461,,RTUC,อรุณ กลัดแขก,,3210500717292,,,,2,,,,,,,,,,,,,,,,,,,,,,,,,,,,2019-06-12 14:00:03.998000,,,U,,E,,,,,,,3,,,HDAQAZ5C,HD,HD,1500,,8,,,,,R,2019-06-12,2022-12-31,,,,,0,,
13781,,004682378,13781,004682378,,RTCS,อรุณี สุสม,1959-04-26,3260100253434,,,,,,,,,,,,,,,,,,,,,,,,,,,,,,,,2020-03-06 08:46:22,,,W,,E,,,W,,,,,,,,,,2000,,,,,,,,2019-06-17,2020-03-03,,,,,0,,
13781,,003386068,13781,003386068,,RTCS,ไตรวุฒิ กิจศรีวิเชียร,1945-02-07,3100502468452,,,,,,,,,,,,,,,,,,,,,,,,,,,,,,,,2019-07-31 16:28:47.998000,,,,,,,,W,,,,,,,,,,2000,,,,,,,,2019-06-18,2099-12-31,,,,,0,,
13781,02,004397886,13781,004397886,,RTSS,บุญมา กล่อมระนก,1968-08-01,3102000827806,,,,1,,,,,,,,,,,,,,,,,,,,,,,,,,,,2026-03-31 10:00:29.999000,,,D,,E,,,,,,,,,,SSEJTF8K,HD,HD,1500,,2,,,,,,2012-10-15,2025-03-24,,,,,0,,
13781,,005533843,13781,005533843,,RTCS,อำไพ ทีฆเสถียร,1946-10-20,3100500172602,,,,,,,,,,,,,,,,,,,,,,,,,,,,,,,,2020-06-19 16:51:48.999000,,,W,,E,,,W,,,,,,,,,,2000,,,,,,,,2019-06-18,2020-06-18,,,,,0,,
13781,,003123785,13781,003123785,,RTCS,ปกรณ์ สุวรรณพรหมา,1954-11-03,3100603030118,,,,,,,,,,,,,,,,,,,,,,,,,,,,,,,,2019-07-31 16:28:47.998000,,,,,,,,W,,,,,,,,,,2000,,,,,,,,2019-06-20,2099-12-31,,,,,0,,
13781,,002561203,12033,7120-57,,RTUC,ศศิธร แตงร่ม,,1600100257201,,,,2,,,,,,,,,,,,,,,,,,,,,,,,,,,,2019-06-21 10:38:26.998000,,,U,,E,,,,,,,3,,,HDG2PS2G,HD,HD,1500,,8,,,,,O,2019-06-21,2022-12-31,,,,,0,,
13781,,004877121,40981,2560-2007,,RTUC,ภัทร์ ใจบุญ,,1489900125996,,,,1,,,,,,,,,,,,,,,,,,,,,,,,,,,,2019-06-29 18:00:05,,,U,,E,,,,,,,3,,,HDF2KVVQ,HD,HD,1500,,2,,,,,O,2019-06-29,2022-12-31,,,,,0,,
13781,,003457169,13781,003457169,,RTCS,ชวลิต ยวงทอง,1963-08-03,3160100389523,,,,,,,,,,,,,,,,,,,,,,,,,,,,,,,,2019-12-18 16:50:59,,,W,,E,,,W,,,,,,,,,,2000,,,,,,,,2019-10-04,2019-12-18,,,,,0,,
13781,,005002166,13781,005002166,,RTCS,สมศักดิ์ คลองแถว,1961-11-02,3660400014661,,,,,,,,,,,,,,,,,,,,,,,,,,,,,,,,2024-02-19 10:10:30.999000,,,D,,E,,,W,,,,,,,,,,2000,,,,,,,,2019-07-02,2024-02-05,,,,,0,,
13781,,004996160,13781,004996160,,RTCS,อภิรดี กลัดพ่วง,1953-01-20,3100502756407,,,,,,,,,,,,,,,,,,,,,,,,,,,,,,,,2023-08-21 14:10:08,,,D,,E,,,W,,,,,,,,,,2000,,,,,,,,2019-07-02,2023-08-18,,,,,0,,
13781,,005069220,13781,005069220,,RTCS,พิมพินันทร์ บัณฑูรนิพิท,1956-06-09,3101401254938,,,,,,,,,,,,,,,,,,,,,,,,,,,,,,,,2019-07-31 16:28:48.999000,,,,,,,,W,,,,,,,,,,2000,,,,,,,,2019-07-02,2099-12-31,,,,,0,,
13781,,005555017,13781,005555017,,RTCS,ยูโซ๊ะ จ้อยรุ่ง,1934-04-01,3100901055551,,,,,,,,,,,,,,,,,,,,,,,,,,,,,,,,2020-01-07 11:33:02.998000,,,W,,E,,,W,,,,,,,,,,2000,,,,,,,,2019-07-02,2020-01-03,,,,,0,,
13781,,004607988,10720,00243363,,RTUC,เรณู สิงห์ทอง,,3610600354937,,,,1,,,,,,,,,,,,,,,,,,,,,,,,,,,,2019-07-02 18:00:12,,,U,,E,,,,,,,3,,,HDK3XVRB,PD,HD,1500,,2,,,,,O,2019-07-01,2022-12-31,,,,,0,,
13781,,003795529,13781,003795529,,RTCS,บุษบง พินิจมั้ง,1963-11-04,3101401827351,,,,,,,,,,,,,,,,,,,,,,,,,,,,,,,,2019-07-31 16:28:48.999000,,,,,,,,W,,,,,,,,,,2000,,,,,,,,2019-07-03,2099-12-31,,,,,0,,
13781,,004645191,13781,004645191,,RTSS,สุทันต์ ประกอบบุญ,,3770300124790,,,,1,,,,,,,,,,,,,,,,,,,,,,,,,,,,2019-07-06 08:41:35.998000,,,,,,,,,,,,,,,SSA77JYO,HD,HD,1500,,2,,,,,,2012-10-15,,,,,,0,,
13781,,004378281,13781,004378281,,RTSS,ฉันทิศา ทาสถาน,1960-01-01,3302100374101,,,,2,,,,,,,,,,,,,,,,,,,,,,,,,,,,2026-03-31 10:00:32,,,D,,E,,,,,,,,,,SSFWL2OV,KT,KT,1500,,2,,,,,,2012-10-15,2023-03-02,,,,,0,,
13781,,005047818,13781,005047818,,RTCS,อาซียะห์ ทองอ่อน,1946-01-01,3100300451851,,,,,,,,,,,,,,,,,,,,,,,,,,,,,,,,2023-05-08 08:16:08.998000,,,,,E,,,W,,,,,,,,,,2000,,,,,,,,2019-07-09,2022-09-30,,,,,0,,
13781,,004964917,13781,004964917,,RTCS,ฉลวย พลนอก,1939-10-16,3349800264657,,,,,,,,,,,,,,,,,,,,,,,,,,,,,,,,2023-03-22 15:22:07.998000,,,D,,E,,,W,,,,,,,,,,2000,,,,,,,,2019-07-09,2023-03-03,,,,,0,,
13781,,005370328,10690,0294798,,RTUC,พรพรรณ ยงมานิตชัย,,3160101549699,,,,2,,,,,,,,,,,,,,,,,,,,,,,,,,,,2019-07-09 18:00:19,,,U,,E,,,,,,,3,,,HDALU6WU,HD,HD,1500,,2,,,,,O,2019-07-09,2022-12-31,,,,,0,,
13781,,003749116,13781,003749116,,RTCS,ส้มเกลี้ยง พรหมศร,1940-04-13,3259900081776,,,,,,,,,,,,,,,,,,,,,,,,,,,,,,,,2025-01-21 08:20:05.998000,,,D,,E,,,W,,,,,,,,,,2000,,,,,,,,2019-07-10,2025-01-20,,,,,0,,
13781,,005416420,13781,005416420,,RTSS,พนิดา แสงทวานนท์,1974-06-05,3750200395228,,,,2,,,,,,,,,,,,,,,,,,,,,,,,,,,,2023-04-04 22:35:10,,,,,,,,,,,,,,,SSG99ERY,HD,HD,1500,,2,,,,,,2017-09-20,,,,,,0,,
13781,,005564116,12033,2218-54,,RTUC,มานพ หมวกเหล็ก,,3600200288490,,,,1,,,,,,,,,,,,,,,,,,,,,,,,,,,,2019-07-11 17:00:45,,,U,,E,,,,,,,3,,,HDGJYFCC,HD,HD,1500,,4,,,,,O,2019-07-11,2022-12-31,,,,,0,,
13781,,005508428,13781,005508428,,RTCS,วิวัฒน์ เสือสงวนศักดิ์,1961-05-08,3659900173898,,,,,,,,,,,,,,,,,,,,,,,,,,,,,,,,2022-05-20 14:08:16,,,W,,E,,,W,,,,,,,,,,2000,,,,,,,,2019-07-12,2022-05-18,,,,,0,,
13781,,004546437,13781,004546437,,RTCS,ขนิษฐา ทองรอด,1959-07-31,5841300001325,,,,,,,,,,,,,,,,,,,,,,,,,,,,,,,,2022-10-19 12:37:56,,,W,,E,,,W,,,,,,,,,,2000,,,,,,,,2019-07-12,2022-10-18,,,,,0,,
13781,,004799240,13781,004799240,,RTCS,นิตยา ชอบดี,1954-04-26,3240100488989,,,,,,,,,,,,,,,,,,,,,,,,,,,,,,,,2019-07-31 16:28:48.999000,,,,,,,,W,,,,,,,,,,2000,,,,,,,,2019-07-18,2099-12-31,,,,,0,,
13781,02,003537904,13781,003537904,,RTCS,ไสว พัดภู่,1933-08-28,3420200193440,,,,,,,,,,,,,,,,,,,,,,,,,,,,,,,,2019-07-31 16:28:48.999000,,,,,,,,W,,,,,,,,,,2000,,,,,,,,2019-07-18,2099-12-31,,,,,0,,
13781,,004579138,13781,004579138,,RTSS,วรรณา คงทรัพย์,1979-02-10,3210400104001,,,,2,,,,,,,,,,,,,,,,,,,,,,,,,,,,2022-11-03 15:45:45.998000,,,D,,E,,,,,,,,,,SSMVQ6IY,HD,HD,1500,,2,,,,,,2016-12-11,2022-04-14,,,,,0,,
13781,,004194213,13781,004194213,,RTCS,เลิศ ศริ,1943-01-01,3149700025601,,,,,,,,,,,,,,,,,,,,,,,,,,,,,,,,2025-03-04 14:51:36.998000,,,D,,E,,,W,,,,,,,,,,2000,,,,,,,,2019-07-22,2025-03-03,,,,,0,,
13781,,003992591,13781,003992591,,RTCS,นุชนารถ เจริญชีพ,1947-05-18,3101700005611,,,,,,,,,,,,,,,,,,,,,,,,,,,,,,,,2025-11-05 09:52:11.998000,,,D,,E,,,W,,,,,,,,,,2000,,,,,,,,2019-07-22,2025-11-03,,,,,0,,
13781,,005447677,13781,005447677,,RTCS,พิทักษ์ มากพูน,1955-02-26,3409900144326,,,,,,,,,,,,,,,,,,,,,,,,,,,,,,,,2019-07-31 16:28:48.999000,,,,,,,,W,,,,,,,,,,2000,,,,,,,,2019-07-23,2099-12-31,,,,,0,,
13781,02,002764430,13781,002764430,,RTCS,เสริม แซ่แต้,1940-01-27,3102002206591,,,,,,,,,,,,,,,,,,,,,,,,,,,,,,,,2023-05-08 08:16:18,,,,,E,,,W,,,,,,,,,,2000,,,,,,,,2019-07-23,2022-09-30,,,,,0,,
13781,,004771905,13781,004771905,,RTCS,ยุพิน โพธิ์ทอง,1963-03-05,3101100083875,,,,,,,,,,,,,,,,,,,,,,,,,,,,,,,,2023-05-08 08:15:23.998000,,,,,E,,,W,,,,,,,,,,2000,,,,,,,,2019-07-23,2022-09-30,,,,,0,,
13781,,005489209,13781,005489209,,RTCS,พิเชษฐ์ มนต์ประสิทธิ์,1958-04-14,3210500686001,,,,,,,,,,,,,,,,,,,,,,,,,,,,,,,,2019-07-31 16:28:51,,,,,,,,W,,,,,,,,,,2000,,,,,,,,2019-07-24,2099-12-31,,,,,0,,
13781,,003583200,40858,59-013,,RTUC,วัชระ มากศิลป์,,3140700111241,,,,1,,,,,,,,,,,,,,,,,,,,,,,,,,,,2019-07-26 12:00:14,,,U,,E,,,,,,,3,,,HDE44A5Z,HD,HD,1500,,2,,,,,O,2019-07-26,2022-12-31,,,,,0,,
13781,02,004934262,13781,004934262,,RTSS,ศราวุฒิ ผู้มีศีล,,3760100093149,,,,1,,,,,,,,,,,,,,,,,,,,,,,,,,,,2019-07-31 09:15:47,,,,,,,,,,,,,,,SSBOUXW9,HD,HD,1500,,2,,,,,,2014-03-31,,,,,,0,,
13781,,005269936,13781,005269936,,RTCS,สุรชาติ สกลภาพ,1941-08-28,3102000877978,,,,,,,,,,,,,,,,,,,,,,,,,,,,,,,,2024-12-03 08:41:59.999000,,,D,,E,,,W,,,,,,,,,,2000,,,,,,,,2019-07-31,2024-11-25,,,,,0,,
13781,,003777800,77607,2159-55,,RTUC,ธันวา วิเชียรฉาย,,3100503771655,,,,1,,,,,,,,,,,,,,,,,,,,,,,,,,,,2019-08-01 12:00:07.998000,,,U,,E,,,,,,,3,,,HDH42UU8,HD,HD,1500,,4,,,,,O,2019-08-01,2022-12-31,,,,,0,,
13781,,005584677,13781,005584677,,RTCS,จิราภรณ์ ตันติมาสน์,1941-01-01,3909900528481,,,,,,,,,,,,,,,,,,,,,,,,,,,,,,,,2019-08-20 09:59:42.998000,,,W,,E,,,W,,,,,,,,,,2000,,,,,,,,2019-08-06,2019-08-18,,,,,0,,
13781,,004669951,77664,68607-49,,RTUC,วิเชียร สุคันธจันทร์,,3102401186143,,,,1,,,,,,,,,,,,,,,,,,,,,,,,,,,,2019-08-07 10:38:27.999000,,,U,,E,,,,,,,3,,,HDM28CUG,HD,HD,1500,,4,,,,,O,2019-08-07,2022-12-31,,,,,0,,
13781,,003994455,13781,003994455,,RTCS,มิถุนา อนุแสน,1955-06-24,3450500290998,,,,,,,,,,,,,,,,,,,,,,,,,,,,,,,,2019-10-22 15:31:31,,,W,,E,,,W,,,,,,,,,,2000,,,,,,,,2019-08-09,2019-10-18,,,,,0,,
13781,,003595641,10690,0708264,,RTUC,เพ็ญรัตน์ ฐานะสุทธ์,,3169700093399,,,,2,,,,,,,,,,,,,,,,,,,,,,,,,,,,2019-08-09 17:00:46,,,U,,E,,,,,,,2,,,HRG4FN97,HD,HD,1500,,2,,,,,R,2019-08-09,2022-12-31,,,,,0,,
13781,02,003289279,13781,003289279,,RTSS,วิชา วุฒิการณ์,1948-08-19,3102201263161,,,,1,,,,,,,,,,,,,,,,,,,,,,,,,,,,2022-10-03 16:29:01.998000,,,,,,,,,,,,,,,SSB73ME9,HD,HD,1500,,2,,,,,,2018-10-26,,,,,,0,,
13781,,004239864,13781,004239864,,RTSS,มัณฑิตา ศรจิตติ,,1101400085516,,,,2,,,,,,,,,,,,,,,,,,,,,,,,,,,,2019-08-13 06:46:36.998000,,,,,,,,,,,,,,,SSC0KVCR,HD,HD,1500,,2,,,,,,2013-03-19,,,,,,0,,
13781,,000854427,13781,000854427,,RTCS,อารมย์ ย่อมเจริญ,1935-09-03,5102299000135,,,,,,,,,,,,,,,,,,,,,,,,,,,,,,,,2021-01-06 08:46:17.998000,,,W,,E,,,W,,,,,,,,,,2000,,,,,,,,2019-08-13,2021-01-03,,,,,0,,
13781,,03994455,13781,03994455,,RTCS,มิถุนา อนุแสน,1955-06-24,3450500290998,,,,,,,,,,,,,,,,,,,,,,,,,,,,,,,,2019-08-13 11:54:39,,,,,X,,,W,,,,,,,,,,2000,,,,,,,,2019-08-09,2019-08-03,,,,,0,,
13781,,005565255,13781,005565255,,RTCS,สมชาย โพธิ์น้อย,1954-12-07,3259700004751,,,,,,,,,,,,,,,,,,,,,,,,,,,,,,,,2019-09-19 15:41:10.998000,,,W,,E,,,W,,,,,,,,,,2000,,,,,,,,2019-08-13,2019-09-18,,,,,0,,
13781,,003909856,13781,003909856,,RTCS,ธนา อุดมชัยรัศมี,1937-04-01,3100200970881,,,,,,,,,,,,,,,,,,,,,,,,,,,,,,,,2024-02-05 10:52:15.998000,,,D,,E,,,W,,,,,,,,,,2000,,,,,,,,2019-08-14,2024-01-22,,,,,0,,
13781,,005098270,13781,005098270,,RTSS,โชค สุขทัศน์,1970-04-22,3660100347311,,,,1,,,,,,,,,,,,,,,,,,,,,,,,,,,,2025-09-30 08:26:27,,,S,,E,,,,,,,,,,SSLXWG7E,HD,HD,1500,,2,,,,,,2012-10-15,2025-09-30,,,,,0,,
13781,,005567298,13781,005567298,,RTSS,ชัยวัฒน์ สานุสันติ์,1980-11-03,3320701075785,,,,1,,,,,,,,,,,,,,,,,,,,,,,,,,,,2023-02-18 22:12:19,,,D,,E,,,,,,,,,,SSKFPRKT,HD,HD,1500,,2,,,,,,2017-07-06,2023-01-27,,,,,0,,
13781,,005347483,11786,159-60,,RTUC,วสันต์ พงษ์ธัญญะวิริยา,,3100501426942,,,,1,,,,,,,,,,,,,,,,,,,,,,,,,,,,2019-08-17 08:30:06.998000,,,U,,E,,,,,,,3,,,HDG466YN,HD,HD,1500,,2,,,,,O,2019-08-16,2022-12-31,,,,,0,,
13781,,005540364,13781,005540364,,RTCS,สุนทร เนตรศิริ,1946-09-08,3489900244461,,,,,,,,,,,,,,,,,,,,,,,,,,,,,,,,2022-09-07 08:29:33,,,W,,E,,,W,,,,,,,,,,2000,,,,,,,,2019-08-21,2022-09-03,,,,,0,,
13781,,005027432,13781,005027432,,RTCS,สายัณห์ สาระมิตร,1949-01-01,3250100436881,,,,,,,,,,,,,,,,,,,,,,,,,,,,,,,,2023-05-08 08:15:59,,,,,E,,,W,,,,,,,,,,2000,,,,,,,,2011-02-04,2022-09-30,,,,,0,,
13781,,004328655,13781,004328655,,RTCS,กิจไพศาล เจียมตน,1952-01-01,3101701749100,,,,,,,,,,,,,,,,,,,,,,,,,,,,,,,,2019-09-19 15:41:17.998000,,,W,,E,,,W,,,,,,,,,,2000,,,,,,,,2019-08-21,2019-09-18,,,,,0,,
13781,,005251878,13781,005251878,,RTSS,วาณิช ลีนานุรักษ์,,3829800094285,,,,1,,,,,,,,,,,,,,,,,,,,,,,,,,,,2019-08-23 06:44:17.998000,,,,,,,,,,,,,,,SSH3M60N,HD,HD,1500,,2,,,,,,2016-12-28,,,,,,0,,
13781,,003084875,13781,003084875,,RTCS,บุญธรรม รักษามั่น,1958-12-28,3139900021367,,,,,,,,,,,,,,,,,,,,,,,,,,,,,,,,2019-10-22 15:31:46,,,W,,E,,,W,,,,,,,,,,2000,,,,,,,,2019-08-23,2019-10-18,,,,,0,,
13781,,005315915,13781,005315915,,RTCS,สุแก้ว บุญตัน,1954-09-21,3500900335017,,,,,,,,,,,,,,,,,,,,,,,,,,,,,,,,2022-11-08 15:05:54,,,,,U,,,W,,,,,,,,,,2000,,,,,,,,2007-09-04,2099-12-31,,,,,0,,
13781,,005350498,13781,005350498,,RTSS,สุกัญญา เฮงสมบูรณ์,1983-08-14,3120600648234,,,,2,,,,,,,,,,,,,,,,,,,,,,,,,,,,2020-01-20 13:32:43,,,,,,,,,,,,,,,SSGJS459,HD,HD,1500,,2,,,,,,2017-04-15,,,,,,0,,
13781,,003458936,13781,003458936,,RTCS,สุดสนิท สุวรรณจิต,1953-07-11,3959900522911,,,,,,,,,,,,,,,,,,,,,,,,,,,,,,,,2022-11-08 15:05:20.998000,,,,,U,,,W,,,,,,,,,,2000,,,,,,,,2006-10-03,2099-12-31,,,,,0,,
13781,,001505228,13781,001505228,,RTCS,ศิริพรรณ ศรีสุวรรณ,1953-06-10,3341100432118,,,,,,,,,,,,,,,,,,,,,,,,,,,,,,,,2023-10-04 09:50:18,,,D,,E,,,W,,,,,,,,,,2000,,,,,,,,2006-10-03,2023-10-03,,,,,0,,
13781,,004755110,10756,5500493,,RTUC,นิตยา จิตภิรมย์ลาภ,,3250700053029,,,,2,,,,,,,,,,,,,,,,,,,,,,,,,,,,2019-08-28 17:00:45,,,U,,E,,,,,,,3,,,HDK25KM4,HD,HD,1500,,2,,,,,O,2019-08-28,2022-12-31,,,,,0,,
13781,,003739958,13781,003739958,,RTCS,ศิริญรัตน์ พลศักดิ์,1963-05-26,3160101473706,,,,,,,,,,,,,,,,,,,,,,,,,,,,,,,,2023-05-08 08:15:09.998000,,,,,E,,,W,,,,,,,,,,2000,,,,,,,,2020-12-19,2022-09-30,,,,,0,,
13781,,005458392,13781,005458392,,RTCS,เถียม นาคเกิด,1933-05-04,3240100211103,,,,,,,,,,,,,,,,,,,,,,,,,,,,,,,,2019-10-22 15:31:38.998000,,,W,,E,,,W,,,,,,,,,,2000,,,,,,,,2019-08-30,2019-10-18,,,,,0,,
13781,,003754457,13781,003754457,,RTCS,อารีรัตน์ รอดอ่อง,1965-03-15,3120500243551,,,,,,,,,,,,,,,,,,,,,,,,,,,,,,,,2021-12-07 09:18:33.998000,,,W,,E,,,W,,,,,,,,,,2000,,,,,,,,2019-09-03,2021-12-03,,,,,0,,
13781,,004213100,13781,004213100,,RTCS,ศิริ จามรมาน,1937-04-01,3639900037595,,,,,,,,,,,,,,,,,,,,,,,,,,,,,,,,2019-10-22 15:31:33.998000,,,W,,E,,,W,,,,,,,,,,2000,,,,,,,,2019-09-03,2019-10-18,,,,,0,,
13781,,005241104,13781,005241104,,RTCS,ฉกาจ เลี่ยงสกุล,1941-01-13,3809900471269,,,,,,,,,,,,,,,,,,,,,,,,,,,,,,,,2020-04-25 12:20:58,,,W,,E,,,W,,,,,,,,,,2000,,,,,,,,2019-09-05,2020-04-18,,,,,0,,
13781,,004792827,13781,004792827,,RTSS,ก้องนภา มิสวิล,,1800400024315,,,,1,,,,,,,,,,,,,,,,,,,,,,,,,,,,2019-09-10 06:38:01,,,,,,,,,,,,,,,SSHR01RI,HD,HD,1500,,2,,,,,,2013-02-24,,,,,,0,,
13781,,005568252,11761,30735/51,,RTUC,ยุธยง ศรีแก้ว,2495-01-01,3100700627484,,,,1,,,,,,,,,,,,,,,,,,,,,,,,,,,,2019-09-12 14:00:05.999000,,,U,,E,,,,,,,3,,,HDA24Q97,PD,HD,1500,,4,,,,,R,2019-09-12,2022-12-31,,,,,0,,
13781,,005083658,13781,005083658,,RTCS,สิรณี พหลแพทย์,1956-08-16,3100100439920,,,,,,,,,,,,,,,,,,,,,,,,,,,,,,,,2021-05-18 16:06:50,,,W,,E,,,W,,,,,,,,,,2000,,,,,,,,2019-09-13,2021-05-18,,,,,0,,
13781,,003601469,24037,60-032412,,RTUC,มนตรี ลือสายวงศ์,,3101702223969,,,,1,,,,,,,,,,,,,,,,,,,,,,,,,,,,2019-09-18 18:00:07,,,U,,E,,,,,,,3,,,HDH35E3Q,HD,HD,1500,,2,,,,,O,2019-09-18,2022-12-31,,,,,0,,
13781,,004977010,13781,004977010,,RTSS,ศิริพงษ์ สุวรรณดี,1973-08-24,3720100014095,,,,1,,,,,,,,,,,,,,,,,,,,,,,,,,,,2021-11-03 15:52:31,,,D,,E,,,,,,,,,,SSLL31ZV,HD,HD,1500,,2,,,,,,2015-03-18,2019-10-31,,,,,0,,
13781,,005186620,11629,30383/02,,RTUC,มาลี ขำวิไล,,5100699044839,,,,2,,,,,,,,,,,,,,,,,,,,,,,,,,,,2019-09-19 10:38:30,,,U,,E,,,,,,,3,,,HDB2YSYU,HD,HD,1500,,2,,,,,O,2019-09-19,2022-12-31,,,,,0,,
13781,,003561760,41399,62-007,,RTUC,ชาตรี เคารพกิตติวงศ์,,3100502431192,,,,1,,,,,,,,,,,,,,,,,,,,,,,,,,,,2019-09-20 08:30:05.998000,,,U,,E,,,,,,,3,,,HDG728QZ,HD,HD,1500,,2,,,,,O,2019-09-19,2022-12-31,,,,,0,,
13781,,004731283,13781,004731283,,RTCS,มิ่ง ประมวลศักดา,1946-01-01,5400199030003,,,,,,,,,,,,,,,,,,,,,,,,,,,,,,,,2023-12-19 12:29:59,,,D,,E,,,W,,,,,,,,,,2000,,,,,,,,2017-08-04,2023-12-04,,,,,0,,
13781,,004722762,13781,004722762,,RTCS,ยงยุทธ สายงาม,1963-12-11,3101402395853,,,,,,,,,,,,,,,,,,,,,,,,,,,,,,,,2024-02-21 08:31:10,,,,,U,,,W,,,,,,,,,,2000,,,,,,,,2024-02-20,2099-12-31,,,,,0,,
13781,,005012466,13781,005012466,,RTCS,พรรณี ดวงมาลา,1962-07-04,3440300536136,,,,,,,,,,,,,,,,,,,,,,,,,,,,,,,,2022-11-08 15:06:03,,,,,U,,,W,,,,,,,,,,2000,,,,,,,,2010-04-06,2099-12-31,,,,,0,,
13781,,4074355,13781,4074355,,RTCS,ชื่นจิต ภาวะโสภณ,1946-05-10,3260200201860,,,,,,,,,,,,,,,,,,,,,,,,,,,,,,,,2019-09-25 14:59:02.998000,,,,,X,,,W,,,,,,,,,,2000,,,,,,,,2019-05-03,2019-09-18,,,,,0,,
13781,,004451911,13781,004451911,,RTCS,ปราณี ดาวสุข,1967-06-09,3140400137767,,,,,,,,,,,,,,,,,,,,,,,,,,,,,,,,2025-07-04 10:40:43,,,D,,E,,,W,,,,,,,,,,2000,,,,,,,,2015-08-19,2025-06-30,,,,,0,,
13781,,004075825,13781,004075825,,RTCS,วิเชียร สุพร,1951-07-01,4101700099835,,,,,,,,,,,,,,,,,,,,,,,,,,,,,,,,2023-05-08 08:15:37.998000,,,,,E,,,W,,,,,,,,,,2000,,,,,,,,2008-01-04,2022-09-30,,,,,0,,
13781,,002844030,13781,002844030,,RTCS,ภาณุ ทองผาสุก,1933-01-01,3749900051376,,,,,,,,,,,,,,,,,,,,,,,,,,,,,,,,2019-12-18 16:51:09.998000,,,W,,E,,,W,,,,,,,,,,2000,,,,,,,,2019-09-29,2019-12-18,,,,,0,,
13781,,004130503,13781,004130503,,RTCS,ชูศรี อนุสสรนิติสาร,1933-12-27,3101401194960,,,,,,,,,,,,,,,,,,,,,,,,,,,,,,,,2021-04-22 08:52:51.998000,,,W,,E,,,W,,,,,,,,,,2000,,,,,,,,2019-09-30,2021-04-18,,,,,0,,
13781,,005322027,13781,005322027,,RTCS,พงษ์เดช มโนรัตน์,1950-04-24,3309900123702,,,,,,,,,,,,,,,,,,,,,,,,,,,,,,,,2022-11-08 15:05:34.998000,,,,,U,,,W,,,,,,,,,,2000,,,,,,,,2006-10-03,2099-12-31,,,,,0,,
13781,,000068122,13781,000068122,,RTCS,นันทนา สัญญากร,1946-07-01,3100502133167,,,,,,,,,,,,,,,,,,,,,,,,,,,,,,,,2021-07-19 11:34:10.998000,,,W,,E,,,W,,,,,,,,,,2000,,,,,,,,2019-10-01,2021-07-18,,,,,0,,
13781,,005494867,13781,005494867,,RTCS,ชาตินัย เทพพิทักษ์,1951-02-15,3710100447129,,,,,,,,,,,,,,,,,,,,,,,,,,,,,,,,2020-09-21 14:11:56.998000,,,W,,E,,,W,,,,,,,,,,2000,,,,,,,,2019-10-02,2020-09-18,,,,,0,,
13781,,004428657,13781,004428657,,RTCS,สุธิดา พรมแสง,1985-10-02,1600100086066,,,,,,,,,,,,,,,,,,,,,,,,,,,,,,,,2022-11-08 15:04:44.999000,,,,,U,,,W,,,,,,,,,,2000,,,,,,,,2011-04-19,2099-12-31,,,,,0,,
13781,,002903393,13781,002903393,,RTCS,อภิชาติ รอดเจริญชัย,1964-09-24,3100200967413,,,,,,,,,,,,,,,,,,,,,,,,,,,,,,,,2024-10-03 14:21:24,,,O,,E,,,W,,,,,,,,,,2000,,,,,,,,2006-10-03,2024-09-30,,,,,0,,
13781,,005569443,13781,005569443,,RTCS,บุญเรือน จิตตธรรม,1933-04-01,3710200073719,,,,,,,,,,,,,,,,,,,,,,,,,,,,,,,,2022-04-19 09:56:01.998000,,,W,,E,,,W,,,,,,,,,,2000,,,,,,,,2019-10-07,2022-04-18,,,,,0,,
13781,,005372365,13781,005372365,,RTSS,ดุสิต ใจชื้น,,1669800118490,,,,1,,,,,,,,,,,,,,,,,,,,,,,,,,,,2019-10-08 06:41:52,,,,,,,,,,,,,,,SSHU9B4Y,HD,HD,1500,,2,,,,,,2016-11-26,,,,,,0,,
13781,,002365696,13781,002365696,,RTCS,จึงกิมคุน แซ่จึง,1928-04-01,3959800032629,,,,,,,,,,,,,,,,,,,,,,,,,,,,,,,,2020-08-04 09:50:34.998000,,,W,,E,,,W,,,,,,,,,,2000,,,,,,,,2019-10-10,2020-02-18,,,,,0,,
13781,,002692066,13781,002692066,,RTCS,อุไร นิภานันท์,1941-04-26,3919900102491,,,,,,,,,,,,,,,,,,,,,,,,,,,,,,,,2019-11-26 14:35:31,,,W,,E,,,W,,,,,,,,,,2000,,,,,,,,2019-10-10,2019-11-18,,,,,0,,
13781,,004495743,10830,000129296,,RTUC,จางวาง อรัญวาศรี,,3210300517681,,,,2,,,,,,,,,,,,,,,,,,,,,,,,,,,,2019-10-10 10:38:29,,,U,,E,,,,,,,3,,,HDA22E9G,HD,HD,1500,,2,,,,,O,2019-10-10,2022-12-31,,,,,0,,
13781,02,004852426,13781,004852426,,RTCS,ทองเจือ พุกอาษา,1960-08-06,3120600504135,,,,,,,,,,,,,,,,,,,,,,,,,,,,,,,,2022-11-08 15:07:00,,,,,U,,,W,,,,,,,,,,2000,,,,,,,,2017-11-04,2099-12-31,,,,,0,,
13781,,004537302,13781,004537302,,RTCS,สุวรรณี คงเจริญสมบัติ,1942-01-01,3669700051853,,,,,,,,,,,,,,,,,,,,,,,,,,,,,,,,2020-06-19 16:51:46.998000,,,W,,E,,,W,,,,,,,,,,2000,,,,,,,,2019-10-11,2020-06-18,,,,,0,,
13781,,005620079,13781,005620079,,RTCS,ประพันธ์ เจริญรัตน์,1956-02-09,3320700393481,,,,,,,,,,,,,,,,,,,,,,,,,,,,,,,,2022-11-08 15:05:47,,,,,U,,,W,,,,,,,,,,2000,,,,,,,,2006-10-03,2099-12-31,,,,,0,,
13781,,005579506,13781,005579506,,RTCS,วิชัย เที่ยงคำดี,1947-05-30,3119900227569,,,,,,,,,,,,,,,,,,,,,,,,,,,,,,,,2019-12-06 16:53:59.998000,,,W,,E,,,W,,,,,,,,,,2000,,,,,,,,2019-10-16,2019-12-03,,,,,0,,
13781,,005377277,13781,005377277,,RTCS,สมบูรณ์ ปุ่นมีกิจ,1936-09-20,3100603192231,,,,,,,,,,,,,,,,,,,,,,,,,,,,,,,,2022-11-22 09:11:50,,,D,,E,,,W,,,,,,,,,,2000,,,,,,,,2006-10-03,2022-11-18,,,,,0,,
13781,,002521930,13781,002521930,,RTSS,ดำรงรักษ์ แสงชายเจริญ,,3100501871385,,,,1,,,,,,,,,,,,,,,,,,,,,,,,,,,,2019-10-28 11:10:52,,,,,,,,,,,,,,,SSBKDZRW,HD,HD,1500,,1,,,,,,2012-10-15,,,,,,0,,
13781,,004355083,13781,004355083,,RTCS,เฉลิมพร สายทองอินทร์,1953-05-17,3100602806945,,,,,,,,,,,,,,,,,,,,,,,,,,,,,,,,2022-11-08 15:05:17,,,,,U,,,W,,,,,,,,,,2000,,,,,,,,2009-12-04,2099-12-31,,,,,0,,
13781,,005275211,13781,005275211,,RTCS,ศิริพงศ์ เรณุมาศ,1983-04-24,3801600237972,,,,,,,,,,,,,,,,,,,,,,,,,,,,,,,,2022-11-08 15:04:19.998000,,,,,U,,,W,,,,,,,,,,2000,,,,,,,,2008-05-21,2099-12-31,,,,,0,,
13781,,005607973,13781,005607973,,RTCS,วิมล จงสกุล,1943-01-01,3100600702077,,,,,,,,,,,,,,,,,,,,,,,,,,,,,,,,2020-09-21 14:12:00,,,W,,E,,,W,,,,,,,,,,2000,,,,,,,,2019-10-29,2020-09-18,,,,,0,,
13781,,005604167,13781,005604167,,RTCS,นที ทิพยางกูร,1942-01-01,3200200031476,,,,,,,,,,,,,,,,,,,,,,,,,,,,,,,,2022-02-21 08:05:38.999000,,,W,,E,,,W,,,,,,,,,,2000,,,,,,,,2019-10-30,2022-02-18,,,,,0,,
13781,,005601490,13781,005601490,,RTCS,เตือน พุฒหยวก,1953-02-20,3180500288716,,,,,,,,,,,,,,,,,,,,,,,,,,,,,,,,2020-01-21 08:41:44.999000,,,W,,E,,,W,,,,,,,,,,2000,,,,,,,,2019-10-30,2020-01-18,,,,,0,,
13781,,005601790,13781,005601790,,RTCS,เตือน พุฒหยวก,1953-02-20,3180500288716,,,,,,,,,,,,,,,,,,,,,,,,,,,,,,,,2019-10-30 14:45:01,,,,,X,,,W,,,,,,,,,,2000,,,,,,,,2019-10-30,2019-10-18,,,,,0,,
13781,02,004135168,13781,004135168,,RTCS,สุชาดา ตันติอริยทรัพย์,1952-01-01,3920400051083,,,,,,,,,,,,,,,,,,,,,,,,,,,,,,,,2022-11-08 15:06:27.998000,,,,,U,,,W,,,,,,,,,,2000,,,,,,,,2009-11-04,2099-12-31,,,,,0,,
13781,,004641258,13781,004641258,,RTCS,บุญชม แช่มลำเจียก,1951-01-01,3160300840598,,,,,,,,,,,,,,,,,,,,,,,,,,,,,,,,2023-05-08 08:15:47.999000,,,,,E,,,W,,,,,,,,,,2000,,,,,,,,2006-12-05,2023-05-03,,,,,0,,
13781,02,004245242,13781,004245242,,RTCS,สุพจน์ ชยุติมาพันธ์,1958-11-08,4100600015272,,,,,,,,,,,,,,,,,,,,,,,,,,,,,,,,2022-11-08 15:06:24,,,,,U,,,W,,,,,,,,,,2000,,,,,,,,2013-10-04,2099-12-31,,,,,0,,
13781,,004717947,13781,004717947,,RTCS,ทองใบ ม่วงมณี,1933-04-01,4100500061434,,,,,,,,,,,,,,,,,,,,,,,,,,,,,,,,2020-12-18 12:06:10.998000,,,W,,E,,,W,,,,,,,,,,2000,,,,,,,,2019-11-13,2020-12-18,,,,,0,,
13781,,005342646,13781,005342646,,RTCS,ภัควลัญชญ์ คำไชย,1976-11-25,3560200068903,,,,,,,,,,,,,,,,,,,,,,,,,,,,,,,,2024-03-06 14:34:07,,,O,,E,,,W,,,,,,,,,,2000,,,,,,,,2017-10-04,2024-02-26,,,,,0,,
13781,,003785725,13781,003785725,,RTSS,ประโยชน์ จันทร์วิไล,,3129900344948,,,,1,,,,,,,,,,,,,,,,,,,,,,,,,,,,2019-11-19 13:22:58.998000,,,,,,,,,,,,,,,SSAL749B,HD,HD,1500,,2,,,,,,2012-10-15,,,,,,0,,
13781,,005611423,13781,005611423,,RTCS,จารุรินทร์ อินทรวิชัย,1966-02-02,3200300004748,,,,,,,,,,,,,,,,,,,,,,,,,,,,,,,,2021-10-07 10:09:36,,,W,,E,,,W,,,,,,,,,,2000,,,,,,,,2019-11-19,2021-09-18,,,,,0,,
13781,,003837933,13781,003837933,,RTCS,พร พั้วช่วย,1950-12-03,3100600231023,,,,,,,,,,,,,,,,,,,,,,,,,,,,,,,,2024-01-19 08:42:27.998000,,,D,,E,,,W,,,,,,,,,,2000,,,,,,,,2006-10-03,2024-01-15,,,,,0,,
13781,,003859446,13781,003859446,,RTSS,สมศักดิ์ เพ้งวิริวานนท์,1971-10-22,3209700080903,,,,1,,,,,,,,,,,,,,,,,,,,,,,,,,,,2024-11-05 08:39:09.999000,,,D,,E,,,,,,,,,,SSJVUYBT,KT,KT,1500,,1,,,,,,2019-04-27,2024-10-05,,,,,0,,
13781,,005595377,13781,005595377,,RTCS,อิสรีย์ เย็นฉ่ำ,1964-05-30,3101701662829,,,,,,,,,,,,,,,,,,,,,,,,,,,,,,,,2023-05-08 08:15:52.998000,,,,,E,,,W,,,,,,,,,,2000,,,,,,,,2022-09-04,2022-09-30,,,,,0,,
13781,,000127541,13781,000127541,,RTCS,สุขุม พงศ์กระวี,1955-09-23,3100600094425,,,,,,,,,,,,,,,,,,,,,,,,,,,,,,,,2022-09-07 08:29:30.999000,,,W,,E,,,W,,,,,,,,,,4000,,,,,,,,2019-11-26,2022-09-03,,,,,0,,
13781,,004891827,13781,004891827,,RTSS,สาธิต มีต้องปัน,,1709900125764,,,,1,,,,,,,,,,,,,,,,,,,,,,,,,,,,2019-11-26 12:32:08,,,,,,,,,,,,,,,SSGRGQVN,HD,HD,1500,,1,,,,,,2014-07-16,,,,,,0,,
13781,,005489237,13781,005489237,,RTCS,จุฬาพร มณีทอง,1959-10-20,3510300003561,,,,,,,,,,,,,,,,,,,,,,,,,,,,,,,,2022-11-08 15:06:41.998000,,,,,U,,,W,,,,,,,,,,2000,,,,,,,,2012-01-05,2099-12-31,,,,,0,,
13781,,003901615,13781,003901615,,RTSS,เชิงภพ บุญมงคลกิจ,1953-12-25,3110300466033,,,,1,,,,,,,,,,,,,,,,,,,,,,,,,,,,2022-08-03 09:22:51,,,D,,E,,,,,,,,,,SSKD882A,HD,HD,1500,,2,,,,,,2012-10-15,2022-03-16,,,,,0,,
13781,,005621582,13781,005621582,,RTCS,ชูศรี ทองภาษี,1937-06-10,3100900998303,,,,,,,,,,,,,,,,,,,,,,,,,,,,,,,,2020-08-04 09:50:36.999000,,,W,,E,,,W,,,,,,,,,,2000,,,,,,,,2020-02-04,2020-02-18,,,,,0,,
13781,,005067368,13781,005067368,,RTCS,ธวัชชัย มูลขำ,1976-01-05,3120100849559,,,,,,,,,,,,,,,,,,,,,,,,,,,,,,,,2023-05-08 08:15:13,,,,,E,,,W,,,,,,,,,,2000,,,,,,,,2008-01-04,2022-09-30,,,,,0,,
13781,,003859152,13781,003859152,,RTCS,น้อย อุปศรี,1938-04-01,3419900422539,,,,,,,,,,,,,,,,,,,,,,,,,,,,,,,,2021-06-23 09:55:37.998000,,,W,,E,,,W,,,,,,,,,,2000,,,,,,,,2019-12-04,2021-06-18,,,,,0,,
13781,,003533074,13781,003533074,,RTCS,จิระศักดิ์ ภัทรวนากุล,1941-06-20,3100502539074,,,,,,,,,,,,,,,,,,,,,,,,,,,,,,,,2022-12-21 08:12:10.998000,,,D,,E,,,W,,,,,,,,,,2000,,,,,,,,2006-12-05,2022-12-03,,,,,0,,
13781,,004584044,13781,004584044,,RTCS,ประสาน สุขรังสรรค์,1936-10-09,3100501911077,,,,,,,,,,,,,,,,,,,,,,,,,,,,,,,,2020-03-06 08:46:15,,,W,,E,,,W,,,,,,,,,,2000,,,,,,,,2019-12-06,2020-03-03,,,,,0,,
13781,,005083237,13781,005083237,,RTCS,สุมาลี โกมลมิศร์,1929-03-25,3100200429861,,,,,,,,,,,,,,,,,,,,,,,,,,,,,,,,2020-01-21 08:41:48,,,W,,E,,,W,,,,,,,,,,2000,,,,,,,,2019-12-11,2020-01-18,,,,,0,,
13781,,004740915,13781,004740915,,RTCS,ณรงค์ โปร่งธุระ,1951-04-15,3240100243919,,,,,,,,,,,,,,,,,,,,,,,,,,,,,,,,2020-10-21 08:50:22.998000,,,W,,E,,,W,,,,,,,,,,2000,,,,,,,,2019-12-11,2020-10-18,,,,,0,,
13781,,000319145,13781,000319145,,RTCS,สุพรรณี ปากวิเศษ,1955-01-14,3269900017890,,,,,,,,,,,,,,,,,,,,,,,,,,,,,,,,2022-06-06 13:09:56,,,W,,E,,,W,,,,,,,,,,2000,,,,,,,,2019-12-12,2022-06-03,,,,,0,,
13781,,004637091,13781,004637091,,RTCS,วราชิต มุยคำ,1957-06-09,3670300661494,,,,,,,,,,,,,,,,,,,,,,,,,,,,,,,,2022-10-04 10:00:06.998000,,,W,,E,,,W,,,,,,,,,,2000,,,,,,,,2019-12-12,2022-10-03,,,,,0,,
13781,,004875595,13781,004875595,,RTCS,ณรงค์ ไกรสำอางค์,1948-06-25,3140600067258,,,,,,,,,,,,,,,,,,,,,,,,,,,,,,,,2020-03-06 08:46:15,,,W,,E,,,W,,,,,,,,,,2000,,,,,,,,2019-12-16,2020-03-03,,,,,0,,
13781,,004803506,13781,004803506,,RTCS,ประสงค์ จารุเกศนันท์,1951-04-20,5120699005019,,,,,,,,,,,,,,,,,,,,,,,,,,,,,,,,2021-01-20 17:09:38,,,W,,E,,,W,,,,,,,,,,2000,,,,,,,,2019-12-16,2021-01-18,,,,,0,,
13781,,003693327,13781,003693327,,RTCS,อำพร จรเทศ,1934-02-15,3100504068079,,,,,,,,,,,,,,,,,,,,,,,,,,,,,,,,2022-09-07 08:29:32,,,W,,E,,,W,,,,,,,,,,2000,,,,,,,,2019-12-16,2022-09-03,,,,,0,,
13781,,004855055,13781,004855055,,RTCS,พยอม บุญคง,1935-01-01,3219900300516,,,,,,,,,,,,,,,,,,,,,,,,,,,,,,,,2020-06-04 15:59:35,,,W,,E,,,W,,,,,,,,,,2000,,,,,,,,2019-12-17,2020-06-03,,,,,0,,
13781,,005623696,13781,005623696,,RTCS,วรรณี รัตนพันธ์,1952-11-07,5800900003182,,,,,,,,,,,,,,,,,,,,,,,,,,,,,,,,2023-05-08 08:15:32.999000,,,,,E,,,W,,,,,,,,,,2000,,,,,,,,2006-10-03,2023-05-03,,,,,0,,
13781,,004505326,13781,004505326,,RTCS,กันต์ศม บัวพนัด,1934-12-21,3100501801468,,,,,,,,,,,,,,,,,,,,,,,,,,,,,,,,2020-04-25 12:20:52,,,W,,E,,,W,,,,,,,,,,2000,,,,,,,,2019-12-23,2020-04-18,,,,,0,,
13781,,004664168,13781,004664168,,RTCS,อุษา พรมมาเตียม,1953-01-01,3630800066030,,,,,,,,,,,,,,,,,,,,,,,,,,,,,,,,2020-03-20 16:39:45.998000,,,W,,E,,,W,,,,,,,,,,2000,,,,,,,,2019-12-25,2020-03-18,,,,,0,,
13781,02,003938019,13781,003938019,,RTCS,วนิดา ผลเพิ่มสุข,1944-06-03,3190600358155,,,,,,,,,,,,,,,,,,,,,,,,,,,,,,,,2022-11-08 15:06:54,,,,,U,,,W,,,,,,,,,,2000,,,,,,,,2006-11-03,2099-12-31,,,,,0,,
13781,02,003852605,13781,003852605,,RTSS,ฉันทิธ จันทร์พิทักษ์,,3100901484494,,,,1,,,,,,,,,,,,,,,,,,,,,,,,,,,,2019-12-26 06:40:38,,,,,,,,,,,,,,,SSGWP9WH,HD,HD,1500,,2,,,,,,2017-01-15,,,,,,0,,
13781,,004295764,13781,004295764,,RTCS,สมัย ญาณพันธ์,1940-10-18,3101701065201,,,,,,,,,,,,,,,,,,,,,,,,,,,,,,,,2025-07-04 10:40:39.998000,,,D,,E,,,W,,,,,,,,,,2000,,,,,,,,2006-10-03,2025-06-23,,,,,0,,
13781,,000535305,13781,000535305,,RTCS,อุไร แฉล้มประเสริฐ,1956-04-02,3100904676599,,,,,,,,,,,,,,,,,,,,,,,,,,,,,,,,2020-06-04 15:59:37.999000,,,W,,E,,,W,,,,,,,,,,2000,,,,,,,,2020-01-03,2020-06-03,,,,,0,,
13781,,004028745,13781,004028745,,RTCS,พิศวาส ทองภักดี,1928-01-24,3100400098702,,,,,,,,,,,,,,,,,,,,,,,,,,,,,,,,2020-11-23 09:44:09.998000,,,W,,E,,,W,,,,,,,,,,2000,,,,,,,,2020-01-08,2020-11-18,,,,,0,,
13781,02,005574084,13781,005574084,,RTCS,สวัสดิ์ ประทุมวัน,1944-02-03,3101700663414,,,,,,,,,,,,,,,,,,,,,,,,,,,,,,,,2025-11-19 08:52:47,,,D,,E,,,W,,,,,,,,,,2000,,,,,,,,2006-10-18,2025-11-17,,,,,0,,
13781,,003518272,13781,003518272,,RTCS,พิศลักษณ์ จันทยผล,1961-08-11,3100501154853,,,,,,,,,,,,,,,,,,,,,,,,,,,,,,,,2020-08-04 09:50:38,,,W,,E,,,W,,,,,,,,,,2000,,,,,,,,2020-01-10,2020-02-18,,,,,0,,
13781,,005229968,13781,005229968,,RTSS,ณัฐพรรณ ทรัพย์ทวี,1986-12-11,1769900120681,,,,2,,,,,,,,,,,,,,,,,,,,,,,,,,,,2022-11-03 15:45:50,,,D,,E,,,,,,,,,,SSKR6UVU,HD,HD,1500,,2,,,,,,2016-08-31,2022-10-18,,,,,0,,
13781,,003780862,13781,003780862,,RTCS,ช้วน ประทวน,1946-01-01,3250600137174,,,,,,,,,,,,,,,,,,,,,,,,,,,,,,,,2023-07-19 09:39:17,,,D,,E,,,W,,,,,,,,,,2000,,,,,,,,2006-10-18,2023-07-18,,,,,0,,
13781,,002563698,13781,002563698,,RTCS,ชุนเอ็ง แซ่โล้ว,1931-04-01,3210100169344,,,,,,,,,,,,,,,,,,,,,,,,,,,,,,,,2022-11-08 15:05:54,,,,,U,,,W,,,,,,,,,,2000,,,,,,,,2006-10-03,2099-12-31,,,,,0,,
13781,,003720148,13781,003720148,,RTCS,จรัล ทองอุทิศ,1941-06-10,3101202985029,,,,,,,,,,,,,,,,,,,,,,,,,,,,,,,,2022-09-07 08:29:27.998000,,,W,,E,,,W,,,,,,,,,,2000,,,,,,,,2020-01-15,2022-09-03,,,,,0,,
13781,,004473173,13781,004473173,,RTCS,ภัณณพัฐ  สรรทวีทรัพย์,1960-01-15,3101203108056,,,,,,,,,,,,,,,,,,,,,,,,,,,,,,,,2022-11-08 15:06:09,,,,,U,,,W,,,,,,,,,,2000,,,,,,,,2008-04-19,2099-12-31,,,,,0,,
13781,,003691821,13781,003691821,,RTCS,ดำรงศักดิ์ รุ่งเรืองวงค์,1966-11-05,3669800039570,,,,,,,,,,,,,,,,,,,,,,,,,,,,,,,,2023-10-04 09:50:04,,,D,,E,,,W,,,,,,,,,,2000,,,,,,,,2021-06-19,2023-10-03,,,,,0,,
13781,02,002438548,13781,002438548,,RTSS,ปรีดา ชัยศิริ,,3101403413235,,,,2,,,,,,,,,,,,,,,,,,,,,,,,,,,,2020-01-21 09:39:26.998000,,,,,,,,,,,,,,,SSKY7MYH,HD,HD,1500,,2,,,,,,2019-05-03,,,,,,0,,
13781,02,004491102,13781,004491102,,RTCS,ธีราพรรณ ทองขาว,1978-08-16,3440700434594,,,,,,,,,,,,,,,,,,,,,,,,,,,,,,,,2022-11-08 15:06:02,,,,,U,,,W,,,,,,,,,,2000,,,,,,,,2008-12-04,2099-12-31,,,,,0,,
13781,,004731705,13781,004731705,,RTCS,บุรีรัตน์ คันธโกวิท,1961-01-18,3169900281164,,,,,,,,,,,,,,,,,,,,,,,,,,,,,,,,2021-08-19 16:21:50,,,W,,E,,,W,,,,,,,,,,2000,,,,,,,,2020-01-28,2021-08-18,,,,,0,,
13781,02,000630175,13781,000630175,,RTCS,ติ้วเอ็ง แซ่อุ่ย,1933-01-08,3100603229283,,,,,,,,,,,,,,,,,,,,,,,,,,,,,,,,2025-12-19 09:47:13,,,D,,E,,,W,,,,,,,,,,2000,,,,,,,,2006-10-03,2025-12-08,,,,,0,,
13781,,004681085,13781,004681085,,RTCS,ไพโรจน์ ภู่ศิริ,1939-06-21,3100601926441,,,,,,,,,,,,,,,,,,,,,,,,,,,,,,,,2022-11-08 15:05:46,,,,,U,,,W,,,,,,,,,,2000,,,,,,,,2006-10-03,2099-12-31,,,,,0,,
13781,,004380351,13781,004380351,,RTCS,สังทอง กิตชัย,1930-05-06,3470300138181,,,,,,,,,,,,,,,,,,,,,,,,,,,,,,,,2020-05-28 14:01:09.998000,,,W,,E,,,W,,,,,,,,,,2000,,,,,,,,2020-02-04,2020-05-18,,,,,0,,
13781,,000633197,13781,000633197,,RTCS,รัชนี เชิงฉลาด,1948-06-22,3100400749576,,,,,,,,,,,,,,,,,,,,,,,,,,,,,,,,2022-11-08 15:05:33.998000,,,,,U,,,W,,,,,,,,,,2000,,,,,,,,2006-10-03,2099-12-31,,,,,0,,
13781,,005338990,13781,005338990,,RTCS,สมาน คำมันตรี,1955-07-20,3412000096531,,,,,,,,,,,,,,,,,,,,,,,,,,,,,,,,2021-11-08 08:35:14,,,W,,E,,,W,,,,,,,,,,2000,,,,,,,,2020-02-07,2021-11-03,,,,,0,,
13781,,003578751,13781,003578751,,RTSS,สุพิชชา กิติศรีวรพันธุ์,1976-09-10,3160101339431,,,,2,,,,,,,,,,,,,,,,,,,,,,,,,,,,2021-08-03 08:35:09,,,,,,,,,,,,,,,SSA0I2C0,HD,HD,1500,,2,,,,,,2012-10-15,,,,,,0,,
13781,,003688905,13781,003688905,,"RTSS,RTSS",เจษฎา รุ่งเรือง,,3200100551281,,,,1,,,,,,,,,,,,,,,,,,,,,,,,,,,,2020-02-12 14:56:30,,,,,,,,,,,,,,,SSGLJ7R9,HD,HD,1500,,2,,,,,,2012-10-15,,,,,,0,,
13781,,005489032,13781,005489032,,RTCS,สมชาย อุทัยนาง,1966-01-14,3101800192561,,,,,,,,,,,,,,,,,,,,,,,,,,,,,,,,2023-05-08 08:15:06,,,,,E,,,W,,,,,,,,,,2000,,,,,,,,2008-01-04,2022-09-30,,,,,0,,
13781,,005376839,13781,005376839,,RTSS,กันตภณ ปรางค์โอภาศวงษ์,,1839900362048,,,,1,,,,,,,,,,,,,,,,,,,,,,,,,,,,2020-02-12 06:51:20.999000,,,,,,,,,,,,,,,SSL0FOLB,HD,HD,1500,,2,,,,,,2017-05-11,,,,,,0,,
13781,,005303088,13781,005303088,,RTSS,อนุชิต ประสพ,,1100800359230,,,,1,,,,,,,,,,,,,,,,,,,,,,,,,,,,2020-02-12 18:04:49,,,,,,,,,,,,,,,SSMOSNWW,HD,HD,1500,,2,,,,,,2016-10-21,,,,,,0,,
13781,,004238440,13781,004238440,,RTSS,ธานี สาแก้ว,1980-03-13,3610600582891,,,,1,,,,,,,,,,,,,,,,,,,,,,,,,,,,2025-03-11 08:22:49.999000,,,,,,,,,,,,,,,SSF9ZHOY,HD,HD,1500,,2,,,,,,2012-10-15,,,,,,0,,
13781,,005631791,13781,005631791,,RTCS,นครินทร์ สมทอง,1981-09-08,3179900099340,,,,,,,,,,,,,,,,,,,,,,,,,,,,,,,,2022-11-08 15:06:58.999000,,,,,U,,,W,,,,,,,,,,2000,,,,,,,,2015-09-04,2099-12-31,,,,,0,,
13781,,005002456,13781,005002456,,RTCS,ชลอ อำภัยบุญ,1945-01-07,3610100158438,,,,,,,,,,,,,,,,,,,,,,,,,,,,,,,,2022-08-19 10:49:32.998000,,,W,,E,,,W,,,,,,,,,,2000,,,,,,,,2020-02-26,2022-08-18,,,,,0,,
13781,,004416844,13781,004416844,,RTCS,บัญจสิรีย์ เกษมสวัสดิ์,1951-07-07,3240400155497,,,,,,,,,,,,,,,,,,,,,,,,,,,,,,,,2020-11-23 09:44:09.998000,,,W,,E,,,W,,,,,,,,,,2000,,,,,,,,2020-02-27,2020-11-18,,,,,0,,
13781,,005639079,13781,005639079,,RTCS,สมพร แสงสุวรรณ,1975-12-09,3100700034602,,,,,,,,,,,,,,,,,,,,,,,,,,,,,,,,2022-08-05 12:40:23,,,W,,E,,,W,,,,,,,,,,2000,,,,,,,,2020-02-28,2022-08-03,,,,,0,,
13781,02,005219055,13781,005219055,,RTCS,กฤษณ์ นิลวงษ์,1964-04-03,3100800351219,,,,,,,,,,,,,,,,,,,,,,,,,,,,,,,,2023-06-19 11:24:41.999000,,,,,E,,,W,,,,,,,,,,2000,,,,,,,,2019-11-04,,,,,,0,,
13781,,003591196,13781,003591196,,RTCS,ประเวศ หาญณรงค์,1936-06-20,5120600010635,,,,,,,,,,,,,,,,,,,,,,,,,,,,,,,,2022-11-08 15:05:24,,,,,U,,,W,,,,,,,,,,2000,,,,,,,,2006-10-03,2099-12-31,,,,,0,,
13781,,005639308,13781,005639308,,RTCS,เนียน นพชัย,1950-04-19,3240700050739,,,,,,,,,,,,,,,,,,,,,,,,,,,,,,,,2020-06-19 16:51:42,,,W,,E,,,W,,,,,,,,,,2000,,,,,,,,2020-03-02,2020-06-18,,,,,0,,
13781,,002517487,13781,002517487,,RTSS,หัดตา เครือเนตร,,3410600468462,,,,2,,,,,,,,,,,,,,,,,,,,,,,,,,,,2020-03-02 16:27:32.998000,,,,,,,,,,,,,,,SSAYTRTJ,HD,HD,1500,,2,,,,,,2014-11-05,,,,,,0,,
13781,,005609922,13781,005609922,,RTCS,เมธชนัน ชมสุขประกิต,1952-11-14,3359900025280,,,,,,,,,,,,,,,,,,,,,,,,,,,,,,,,2022-10-04 10:00:06.998000,,,W,,E,,,W,,,,,,,,,,2000,,,,,,,,2020-03-03,2022-10-03,,,,,0,,
13781,,003202478,13781,003202478,,RTSS,พัชรี โชคขจรไพศาล,1980-06-11,5570300087698,,,,2,,,,,,,,,,,,,,,,,,,,,,,,,,,,2020-12-03 11:58:17.998000,,,D,,E,,,,,,,,,,SSH9LNTA,HD,HD,1500,,2,,,,,,2015-12-24,2020-04-26,,,,,0,,
13781,,005592004,13781,005592004,,RTSS,วัชระ ตริยาวนิช,1964-09-14,5330400034563,,,,1,,,,,,,,,,,,,,,,,,,,,,,,,,,,2021-04-05 08:57:39,,,D,,E,,,,,,,,,,SSBQQHCP,HD,HD,1500,,2,,,,,,2019-10-30,2020-05-20,,,,,0,,
13781,,004143710,13781,004143710,,RTCS,ศิลธรรม รังสุวรรณ์,1960-07-08,3300400680965,,,,,,,,,,,,,,,,,,,,,,,,,,,,,,,,2023-05-08 08:16:34,,,,,E,,,W,,,,,,,,,,2000,,,,,,,,2008-01-04,2022-09-30,,,,,0,,
13781,,005147472,13781,005147472,,RTSS,ประสาท แก้วสองเมือง,1960-09-21,5930690010713,,,,1,,,,,,,,,,,,,,,,,,,,,,,,,,,,2022-05-18 13:40:23,,,D,,E,,,,,,,,,,SSB9JJTI,HD,HD,1500,,2,,,,,,2016-07-11,2022-03-27,,,,,0,,
13781,02,002897892,13781,002897892,,RTCS,กำพล ยงศิริกุล,1963-10-15,3100600761227,,,,,,,,,,,,,,,,,,,,,,,,,,,,,,,,2022-11-08 15:06:55,,,,,U,,,W,,,,,,,,,,2000,,,,,,,,2014-03-04,2099-12-31,,,,,0,,
13781,,005517506,13781,005517506,,RTSS,ปรีชา เหล่ชาย,,3810100239215,,,,1,,,,,,,,,,,,,,,,,,,,,,,,,,,,2020-03-07 06:33:36,,,,,,,,,,,,,,,SSAM901Z,HD,HD,1500,,2,,,,,,2015-02-25,,,,,,0,,
13781,,003118512,13781,003118512,,RTCS,เปรม บุรี,1918-11-16,3100902190435,,,,,,,,,,,,,,,,,,,,,,,,,,,,,,,,2023-02-13 13:11:33,,,D,,E,,,W,,,,,,,,,,2000,,,,,,,,2006-10-03,2023-02-03,,,,,0,,
13781,,002964219,13781,002964219,,RTCS,อดิเรก นาคมาลี,1969-07-06,3170400149005,,,,,,,,,,,,,,,,,,,,,,,,,,,,,,,,2022-11-08 15:04:53,,,,,U,,,W,,,,,,,,,,2000,,,,,,,,2006-10-03,2099-12-31,,,,,0,,
13781,,003925955,13781,003925955,,RTCS,สุนทรี แจ่มแจ้ง,1957-12-07,3629900090259,,,,,,,,,,,,,,,,,,,,,,,,,,,,,,,,2020-04-07 08:57:46.998000,,,W,,E,,,W,,,,,,,,,,2000,,,,,,,,2020-03-10,2020-04-03,,,,,0,,
13781,,003814847,13781,003814847,,RTCS,วันชัย ยั่งยืน,1949-07-01,3101400401732,,,,,,,,,,,,,,,,,,,,,,,,,,,,,,,,2024-10-03 14:21:38,,,D,,E,,,W,,,,,,,,,,2000,,,,,,,,2010-04-06,2024-09-30,,,,,0,,
13781,,005307438,13781,005307438,,RTCS,เพ็ญศรี อ่วมมีเพียร,1937-07-22,3219900024314,,,,,,,,,,,,,,,,,,,,,,,,,,,,,,,,2022-07-20 10:41:16.998000,,,W,,E,,,W,,,,,,,,,,2000,,,,,,,,2020-03-17,2022-07-18,,,,,0,,
13781,,002344341,13781,002344341,,RTSS,ธิดาวรรณ มีภูนะ,,3480800092369,,,,2,,,,,,,,,,,,,,,,,,,,,,,,,,,,2020-03-18 06:42:09.998000,,,,,,,,,,,,,,,SSC4W2LT,HD,HD,1500,,2,,,,,,2018-06-05,,,,,,0,,
13781,,004232982,13781,004232982,,RTCS,สมศักดิ์ ใจประเสริฐ,1961-04-06,3251000163591,,,,,,,,,,,,,,,,,,,,,,,,,,,,,,,,2022-11-08 15:04:50.998000,,,,,U,,,W,,,,,,,,,,2000,,,,,,,,2008-11-19,2099-12-31,,,,,0,,
13781,,004906841,13781,004906841,,RTCS,สมพงษ์ โรจน์รัตนวาณิชย์,1957-02-14,3209900007444,,,,,,,,,,,,,,,,,,,,,,,,,,,,,,,,2022-11-22 09:11:57,,,D,,E,,,W,,,,,,,,,,2000,,,,,,,,2014-04-04,2022-11-18,,,,,0,,
13781,,005632680,13781,005632680,,RTCS,อุดมศักดิ์ ศรุติพันธ์,1948-09-15,3100902976366,,,,,,,,,,,,,,,,,,,,,,,,,,,,,,,,2021-02-22 13:18:37.998000,,,W,,E,,,W,,,,,,,,,,2000,,,,,,,,2020-04-03,2021-02-18,,,,,0,,
13781,,004188975,13781,004188975,,RTCS,อำนวยพร กำพลรัตน์,1938-05-21,3100502524310,,,,,,,,,,,,,,,,,,,,,,,,,,,,,,,,2021-01-20 17:09:38,,,W,,E,,,W,,,,,,,,,,2000,,,,,,,,2020-04-08,2021-01-18,,,,,0,,
13781,,004185041,13781,004185041,,RTCS,ขาน พิมพ์โคตร,1938-01-02,3100901833111,,,,,,,,,,,,,,,,,,,,,,,,,,,,,,,,2021-07-19 11:34:04.999000,,,W,,E,,,W,,,,,,,,,,2000,,,,,,,,2020-04-10,2021-07-18,,,,,0,,
13781,02,003875100,13781,003875100,,RTCS,ชนัส คัมภีราวัฒน์,1947-12-08,3302000063006,,,,,,,,,,,,,,,,,,,,,,,,,,,,,,,,2026-02-19 09:10:50,,,D,,E,,,W,,,,,,,,,,2000,,,,,,,,2006-10-03,2026-02-09,,,,,0,,
13781,,005632825,13781,005632825,,RTSS,รัชนี รุจิเพิ่มพูน,1949-01-01,3200100422741,,,,2,,,,,,,,,,,,,,,,,,,,,,,,,,,,2024-09-02 20:53:44.999000,,,S,,E,,,,,,,,,,SSLXSEQM,HD,HD,1500,,2,,,,,,2018-01-24,2024-08-28,,,,,0,,
13781,,003359117,13781,003359117,,RTCS,สุภาภรณ์ พลายมาศ,1948-08-14,3100502531987,,,,,,,,,,,,,,,,,,,,,,,,,,,,,,,,2020-05-28 14:01:09,,,W,,E,,,W,,,,,,,,,,2000,,,,,,,,2020-04-16,2020-05-18,,,,,0,,
13781,,005389430,13781,005389430,,RTCS,อัศวิน แจ่มสุวรรณ,1957-02-06,3100903619290,,,,,,,,,,,,,,,,,,,,,,,,,,,,,,,,2022-11-08 15:05:19.998000,,,,,U,,,W,,,,,,,,,,2000,,,,,,,,2006-11-18,2099-12-31,,,,,0,,
13781,,002329524,13781,002329524,,RTCS,ชาติชาย ทิมสุนทร,1950-06-22,3102002503323,,,,,,,,,,,,,,,,,,,,,,,,,,,,,,,,2022-11-08 15:05:14.999000,,,,,U,,,W,,,,,,,,,,2000,,,,,,,,2006-11-03,2099-12-31,,,,,0,,
13781,,002915976,13781,002915976,,RTCS,กุสุมภ์ นรราษฎร์,1932-12-19,3200200489511,,,,,,,,,,,,,,,,,,,,,,,,,,,,,,,,2022-12-21 08:12:10.998000,,,D,,E,,,W,,,,,,,,,,2000,,,,,,,,2006-10-18,2022-12-18,,,,,0,,
13781,,005515862,13781,005515862,,RTSS,ชัชวาลย์ พันธุ์ทองดี,,3102000947470,,,,1,,,,,,,,,,,,,,,,,,,,,,,,,,,,2020-04-30 13:24:18,,,,,,,,,,,,,,,SSD8MYUE,HD,HD,1500,,2,,,,,,2019-02-14,,,,,,0,,
13781,,003601394,13781,003601394,,RTCS,สนั่น ลือวราพงษ์,1937-05-05,3100600204344,,,,,,,,,,,,,,,,,,,,,,,,,,,,,,,,2024-02-19 10:10:25,,,D,,E,,,W,,,,,,,,,,2000,,,,,,,,2006-10-03,2024-02-05,,,,,0,,
13781,,002592040,13781,002592040,,RTCS,เหว่า ผิวงาม,1944-01-01,3101700099519,,,,,,,,,,,,,,,,,,,,,,,,,,,,,,,,2021-02-03 13:43:23.999000,,,W,,E,,,W,,,,,,,,,,2000,,,,,,,,2020-05-12,2021-02-03,,,,,0,,
13781,,004784096,13781,004784096,,RTSS,พวงรัตน์ มีเถื่อน,,3801200069576,,,,2,,,,,,,,,,,,,,,,,,,,,,,,,,,,2020-05-15 06:33:44,,,,,,,,,,,,,,,SSF5918N,HD,HD,1500,,2,,,,,,2018-07-16,,,,,,0,,
13781,,004992564,13781,004992564,,RTCS,ชรินทร์ นุ่มแสง,1956-09-02,3180500326707,,,,,,,,,,,,,,,,,,,,,,,,,,,,,,,,2020-10-21 08:50:26,,,W,,E,,,W,,,,,,,,,,2000,,,,,,,,2020-05-19,2020-10-18,,,,,0,,
13781,,002873462,13781,002873462,,RTSS,สุรชัย ตั้งวังวิวัฒน์,1949-04-13,5100900005858,,,,1,,,,,,,,,,,,,,,,,,,,,,,,,,,,2024-03-19 10:18:03.999000,,,D,,E,,,,,,,,,,SSGP7HU5,HD,HD,1500,,2,,,,,,2019-08-13,2023-07-04,,,,,0,,
13781,,004816712,13781,004816712,,RTCS,สมัยสิน ทรัพย์ธนาดล,1954-01-29,3309901271055,,,,,,,,,,,,,,,,,,,,,,,,,,,,,,,,2022-11-08 15:06:25,,,,,U,,,W,,,,,,,,,,2000,,,,,,,,2014-05-07,2099-12-31,,,,,0,,
13781,,004069761,13781,004069761,,RTCS,พจมาน เชื้อผู้ดี,1948-04-12,3120600949951,,,,,,,,,,,,,,,,,,,,,,,,,,,,,,,,2021-08-19 16:21:59.998000,,,W,,E,,,W,,,,,,,,,,2000,,,,,,,,2020-05-22,2021-08-18,,,,,0,,
13781,,005611207,13781,005611207,,RTCS,ฝอย เยื่อใย,1932-02-16,3210500680518,,,,,,,,,,,,,,,,,,,,,,,,,,,,,,,,2025-02-18 15:50:12.998000,,,D,,E,,,W,,,,,,,,,,2000,,,,,,,,2006-10-03,2025-02-10,,,,,0,,
13781,,004818074,13781,004818074,,RTCS,วงเดือน จอมบดินทร์,1939-08-09,3101702262727,,,,,,,,,,,,,,,,,,,,,,,,,,,,,,,,2024-02-05 10:52:07,,,D,,E,,,W,,,,,,,,,,2000,,,,,,,,2006-10-03,2024-01-22,,,,,0,,
13781,,002430839,13781,002430839,,RTCS,สุวิทย์ สระทองคำ,1925-05-25,3100904934385,,,,,,,,,,,,,,,,,,,,,,,,,,,,,,,,2020-12-18 12:06:09,,,W,,E,,,W,,,,,,,,,,2000,,,,,,,,2020-06-09,2020-12-18,,,,,0,,
13781,,004153677,13781,004153677,,RTCS,บุญมี ประดับมุข,1948-03-21,3670700887155,,,,,,,,,,,,,,,,,,,,,,,,,,,,,,,,2021-10-19 09:49:04,,,W,,E,,,W,,,,,,,,,,2000,,,,,,,,2020-06-09,2021-10-18,,,,,0,,
13781,,002401859,13781,002401859,,RTCS,สุภวัชร สุกิตติวงศ์,1955-04-14,3100800738482,,,,,,,,,,,,,,,,,,,,,,,,,,,,,,,,2022-11-08 15:06:10,,,,,U,,,W,,,,,,,,,,2000,,,,,,,,2020-02-04,2099-12-31,,,,,0,,
13781,,004523433,13781,004523433,,RTCS,ชญาน์นันท์ วรรณทะวงษ์,1983-02-18,3330500441296,,,,,,,,,,,,,,,,,,,,,,,,,,,,,,,,2022-11-08 15:04:18,,,,,U,,,W,,,,,,,,,,2000,,,,,,,,2010-01-19,2099-12-31,,,,,0,,
13781,,005261633,13781,005261633,,RTSS,พัชรีรัตน์ จันทร์ไสย์,1981-01-08,3350600160370,,,,2,,,,,,,,,,,,,,,,,,,,,,,,,,,,2023-11-08 14:59:10.999000,,,,,,,,,,,,,,,SSL2ND22,HD,HD,1500,,2,,,,,,2016-10-17,,,,,,0,,
13781,02,003946067,13781,003946067,,RTCS,บุญเรือง แซ่โอ้ว,1948-01-01,3100100691050,,,,,,,,,,,,,,,,,,,,,,,,,,,,,,,,2022-11-08 15:06:12.998000,,,,,U,,,W,,,,,,,,,,2000,,,,,,,,2006-10-03,2099-12-31,,,,,0,,
13781,,000966333,13781,000966333,,RTCS,อารุณี ธำรงยุทธ,1936-08-09,3101600862831,,,,,,,,,,,,,,,,,,,,,,,,,,,,,,,,2023-05-08 08:15:36,,,,,E,,,W,,,,,,,,,,2000,,,,,,,,2006-10-03,2023-05-03,,,,,0,,
13781,,005642262,13781,005642262,,RTCS,สมพงษ์ แสนศรี,1952-08-28,3349900529512,,,,,,,,,,,,,,,,,,,,,,,,,,,,,,,,2022-01-19 07:41:05,,,W,,E,,,W,,,,,,,,,,2000,,,,,,,,2020-06-12,2022-01-18,,,,,0,,
13781,,004038068,13781,004038068,,RTCS,ละมุน ศรีเสมอ,1960-02-05,3350400090203,,,,,,,,,,,,,,,,,,,,,,,,,,,,,,,,2025-07-04 10:40:45.998000,,,D,,E,,,W,,,,,,,,,,2000,,,,,,,,2006-10-03,2025-06-30,,,,,0,,
13781,,004854734,13781,004854734,,RTCS,รำภา เศวตศิลา,1931-04-06,3100100778571,,,,,,,,,,,,,,,,,,,,,,,,,,,,,,,,2025-03-04 14:51:28,,,D,,E,,,W,,,,,,,,,,2000,,,,,,,,2006-10-03,2025-03-03,,,,,0,,
13781,02,001811231,13781,001811231,,RTCS,ศรีจันทร์ จินตะไลย์,1935-04-01,5101200110668,,,,,,,,,,,,,,,,,,,,,,,,,,,,,,,,2022-11-08 15:06:53,,,,,U,,,W,,,,,,,,,,2000,,,,,,,,2006-11-03,2099-12-31,,,,,0,,
13781,,004043913,13781,004043913,,RTCS,กัลยา เหลืองวรารัตน์,1938-04-01,3720700150763,,,,,,,,,,,,,,,,,,,,,,,,,,,,,,,,2020-10-06 11:05:53.999000,,,W,,E,,,W,,,,,,,,,,2000,,,,,,,,2020-06-17,2020-10-03,,,,,0,,
13781,,005030459,13781,005030459,,RTCS,พงษ์ศรี ศาสนนันทน์,1940-04-13,3100200048850,,,,,,,,,,,,,,,,,,,,,,,,,,,,,,,,2021-01-20 17:09:38,,,W,,E,,,W,,,,,,,,,,2000,,,,,,,,2020-06-17,2021-01-18,,,,,0,,
13781,,004633958,13781,004633958,,RTCS,อำพร นพศิริ,1946-03-14,3180500027343,,,,,,,,,,,,,,,,,,,,,,,,,,,,,,,,2022-11-08 15:05:57.998000,,,,,U,,,W,,,,,,,,,,2000,,,,,,,,2006-11-18,2099-12-31,,,,,0,,
13781,,005048931,13781,005048931,,RTCS,พยงค์ สุขมา,1939-09-01,3101700353474,,,,,,,,,,,,,,,,,,,,,,,,,,,,,,,,2021-07-19 11:33:57.999000,,,W,,E,,,W,,,,,,,,,,2000,,,,,,,,2020-06-19,2021-07-03,,,,,0,,
13781,,005516335,13781,005516335,,RTCS,ยงยุทธ แสงเดช,1937-05-23,3141200058104,,,,,,,,,,,,,,,,,,,,,,,,,,,,,,,,2022-05-05 09:27:13.998000,,,W,,E,,,W,,,,,,,,,,2000,,,,,,,,2020-06-19,2022-05-03,,,,,0,,
13781,,004404321,13781,004404321,,RTCS,นิพนธ์ ชูชลิตกุล,1943-02-07,3120101751820,,,,,,,,,,,,,,,,,,,,,,,,,,,,,,,,2024-11-05 08:13:32.998000,,,D,,E,,,W,,,,,,,,,,2000,,,,,,,,2006-10-03,2024-10-28,,,,,0,,
13781,,005576721,13781,005576721,,RTSS,สมโภชน์ สุขมุข,1950-10-11,3102002942572,,,,1,,,,,,,,,,,,,,,,,,,,,,,,,,,,2021-07-05 16:02:04.998000,,,D,,E,,,,,,,,,,SSIOO9E1,HD,HD,1500,,2,,,,,,2016-04-28,2021-03-07,,,,,0,,
13781,,005261131,13781,005261131,,RTCS,อัศวินชัย พ่วงพระเดช,1956-02-07,3101600033320,,,,,,,,,,,,,,,,,,,,,,,,,,,,,,,,2021-07-19 11:34:02,,,W,,E,,,W,,,,,,,,,,2000,,,,,,,,2020-06-29,2021-07-18,,,,,0,,
13781,,005254871,13781,005254871,,RTCS,ฟู แจ้งกระจ่าง,1944-01-01,3100601842247,,,,,,,,,,,,,,,,,,,,,,,,,,,,,,,,2023-05-08 08:16:08.998000,,,,,E,,,W,,,,,,,,,,2000,,,,,,,,2008-08-05,2022-09-30,,,,,0,,
13781,,000616473,13781,000616473,,RTCS,อุดมลักษณ์ ตรีโภคา,1925-04-01,3141400038603,,,,,,,,,,,,,,,,,,,,,,,,,,,,,,,,2020-11-23 09:44:15,,,W,,E,,,W,,,,,,,,,,2000,,,,,,,,2020-07-02,2020-11-18,,,,,0,,
13781,,005545471,13781,005545471,,RTSS,วสกร จันตะดุลย์,,1100200144321,,,,1,,,,,,,,,,,,,,,,,,,,,,,,,,,,2020-07-06 16:45:19,,,,,,,,,,,,,,,SSEFUGBX,HD,HD,1500,,2,,,,,,2020-05-05,,,,,,0,,
13781,02,002604828,13781,002604828,,RTCS,พุฒินาท วิวัฒนศานต์,1960-10-07,3100202942353,,,,,,,,,,,,,,,,,,,,,,,,,,,,,,,,2022-11-08 15:06:53,,,,,U,,,W,,,,,,,,,,2000,,,,,,,,2020-07-04,2099-12-31,,,,,0,,
13781,,004900034,13781,004900034,,RTCS,ธวัชชัย วัฒนาเสงี่ยมจิต,1955-03-03,3320501258843,,,,,,,,,,,,,,,,,,,,,,,,,,,,,,,,2025-06-18 14:57:31.998000,,,D,,E,,,W,,,,,,,,,,2000,,,,,,,,2006-10-03,2025-06-16,,,,,0,,
13781,,003796466,13781,003796466,,RTCS,สุรางค์ สาสิงห์,1953-01-01,3120100027231,,,,,,,,,,,,,,,,,,,,,,,,,,,,,,,,2022-03-21 10:14:44,,,W,,E,,,W,,,,,,,,,,2000,,,,,,,,2020-07-10,2022-03-18,,,,,0,,
13781,,003201314,13781,003201314,,RTCS,สัมฤทธิ์ ฤทธิ์สืบเชื้อ,1938-08-20,3101100459051,,,,,,,,,,,,,,,,,,,,,,,,,,,,,,,,2021-08-19 16:22:02,,,W,,E,,,W,,,,,,,,,,2000,,,,,,,,2020-07-16,2021-08-18,,,,,0,,
13781,,004655266,13781,004655266,,RTCS,สรัญญา โพทอง,1980-12-20,3710600732957,,,,,,,,,,,,,,,,,,,,,,,,,,,,,,,,2022-11-08 15:04:49.998000,,,,,U,,,W,,,,,,,,,,2000,,,,,,,,2006-10-03,2099-12-31,,,,,0,,
13781,,005595512,13781,005595512,,RTCS,ประเชิญ ทิพย์รักษ์,1950-09-10,3180600539567,,,,,,,,,,,,,,,,,,,,,,,,,,,,,,,,2020-09-08 13:55:40,,,W,,E,,,W,,,,,,,,,,2000,,,,,,,,2020-07-20,2020-09-03,,,,,0,,
13781,02,002820701,13781,002820701,,RTSS,พวงเพชร มนูสุข,,3100902775247,,,,2,,,,,,,,,,,,,,,,,,,,,,,,,,,,2020-07-21 10:23:42.998000,,,,,,,,,,,,,,,SSI2MS4U,HD,HD,1500,,2,,,,,,2020-05-15,,,,,,0,,
13781,,002718454,13781,002718454,,RTCS,บรรยง บวรภิญโญ,1947-01-14,3400500514918,,,,,,,,,,,,,,,,,,,,,,,,,,,,,,,,2024-11-19 13:50:36,,,D,,E,,,W,,,,,,,,,,2000,,,,,,,,2017-08-19,2024-11-18,,,,,0,,
13781,,004002341,13781,004002341,,RTCS,วิบูลย์ เอี่ยมกระสินธุ์,1956-06-13,3100200893223,,,,,,,,,,,,,,,,,,,,,,,,,,,,,,,,2024-12-03 08:41:56,,,D,,E,,,W,,,,,,,,,,2000,,,,,,,,2006-10-03,2024-12-02,,,,,0,,
13781,02,003627075,13781,003627075,,RTSS,วีรชัย ตรีอุดม,1962-01-20,3102101101223,,,,1,,,,,,,,,,,,,,,,,,,,,,,,,,,,2025-09-16 08:13:37,,,D,,E,,,,,,,,,,SSE944Y0,HD,HD,1500,,2,,,,,,2019-05-24,2025-08-08,,,,,0,,
13781,,005006214,13781,005006214,,RTCS,แหลม วัดสิงห์,1946-01-04,3610100090370,,,,,,,,,,,,,,,,,,,,,,,,,,,,,,,,2022-11-08 15:05:20.998000,,,,,U,,,W,,,,,,,,,,2000,,,,,,,,2006-10-03,2099-12-31,,,,,0,,
13781,,004962780,13781,004962780,,RTSS,ทศพล โชติชัยศิริกร,1989-11-05,1409900565686,,,,1,,,,,,,,,,,,,,,,,,,,,,,,,,,,2020-08-19 09:02:45.999000,,,,,,,,,,,,,,CS,SSJRITKE,HD,HD,1500,,2,,,,,,2014-01-07,,,,S,C,500,,
13781,,004478763,13781,004478763,,RTCS,อลงกรณ์ สุภารส,1977-01-21,3100200181614,,,,,,,,,,,,,,,,,,,,,,,,,,,,,,,,2022-11-08 15:04:18,,,,,U,,,W,,,,,,,,,,2000,,,,,,,,2006-10-03,2099-12-31,,,,,0,,
13781,,005687341,13781,005687341,,RTCS,สืบศิริ ก้อนจันเทศ,1951-02-14,3102001400547,,,,,,,,,,,,,,,,,,,,,,,,,,,,,,,,2022-11-08 15:05:16,,,,,U,,,W,,,,,,,,,,2000,,,,,,,,2006-10-18,2099-12-31,,,,,0,,
13781,02,005584311,13781,005584311,,RTCS,พีระ สมตน,1957-06-05,3101900232450,,,,,,,,,,,,,,,,,,,,,,,,,,,,,,,,2022-11-08 15:05:12.998000,,,,,U,,,W,,,,,,,,,,2000,,,,,,,,2006-12-05,2099-12-31,,,,,0,,
13781,02,003911079,13781,003911079,,RTCS,สมโภชน์ คงกล้า,1960-09-30,3320101580993,,,,,,,,,,,,,,,,,,,,,,,,,,,,,,,,2023-06-19 11:24:33.999000,,,,,E,,,W,,,,,,,,,,2000,,,,,,,,2006-10-03,,,,,,0,,
13781,02,005544390,13781,005544390,,RTCS,กรรวิตา สิมลี,1983-12-24,3400700145100,,,,,,,,,,,,,,,,,,,,,,,,,,,,,,,,2022-11-08 15:04:46,,,,,U,,,W,,,,,,,,,,2000,,,,,,,,2020-02-19,2099-12-31,,,,,0,,
13781,,003994595,13781,003994595,,RTCS,ปรีชา บุญเรือง,1941-11-25,3100202474554,,,,,,,,,,,,,,,,,,,,,,,,,,,,,,,,2020-09-21 14:11:56.998000,,,W,,E,,,W,,,,,,,,,,2000,,,,,,,,2020-08-14,2020-09-18,,,,,0,,
13781,,005642885,13781,005642885,,RTSS,อานนท์ ทองหาญ,1978-03-19,3600200175873,,,,1,,,,,,,,,,,,,,,,,,,,,,,,,,,,2022-12-19 12:00:36,,,D,,E,,,,,,,,,,SSJZ8QAW,HD,HD,1500,,2,,,,,,2012-10-15,2022-11-14,,,,,0,,
13781,,001623689,13781,001623689,,RTCS,ดำรง สนธิไชย,1950-05-09,3100603394772,,,,,,,,,,,,,,,,,,,,,,,,,,,,,,,,2022-11-08 15:06:55.998000,,,,,U,,,W,,,,,,,,,,2000,,,,,,,,2006-10-18,2099-12-31,,,,,0,,
13781,,005520702,13781,005520702,,RTCS,สอด รวบรวม,1943-06-16,3620500666945,,,,,,,,,,,,,,,,,,,,,,,,,,,,,,,,2022-11-08 15:05:23,,,,,U,,,W,,,,,,,,,,2000,,,,,,,,2007-07-04,2099-12-31,,,,,0,,
13781,,005689304,13781,005689304,,"RTSS,RTSS",สำราญ วงศ์ชัยวัชร์,1972-12-01,3210500311008,,,,1,,,,,,,,,,,,,,,,,,,,,,,,,,,,2026-03-31 10:00:35.998000,,,D,,E,,,,,,,,,,SSKGC66Q,HD,HD,1500,,2,,,,,,2012-10-15,2022-04-24,,,,,0,,
13781,,002235385,13781,002235385,,RTCS,ชุติมน ทองใหญ่,1960-08-14,3101402179565,,,,,,,,,,,,,,,,,,,,,,,,,,,,,,,,2022-11-08 15:04:48,,,,,U,,,W,,,,,,,,,,2000,,,,,,,,2006-10-03,2099-12-31,,,,,0,,
13781,,005309286,13781,005309286,,RTSS,ชัยธวัช พวงผกา,1971-06-06,3340900589941,,,,1,,,,,,,,,,,,,,,,,,,,,,,,,,,,2025-02-04 14:12:29,,,,,,,,,,,,,,,SSG2WR97,HD,HD,1500,,2,,,,,,2016-07-07,,,,,,0,,
13781,,002549564,13781,002549564,,RTSS,กนกพร ธีระพัฒนไพโรจน์,1974-12-24,3100600620551,,,,2,,,,,,,,,,,,,,,,,,,,,,,,,,,,2025-02-04 14:21:39,,,S,,E,,,,,,,,,,SSMDQF58,HD,HD,1500,,2,,,,,,2012-10-15,2025-01-31,,,,,0,,
13781,,003327652,13781,003327652,,RTCS,พิชิตพงษ์ อริยะวงศ์,1965-05-07,3100200686295,,,,,,,,,,,,,,,,,,,,,,,,,,,,,,,,2021-01-06 08:46:13,,,W,,E,,,W,,,,,,,,,,2000,,,,,,,,2020-08-31,2021-01-03,,,,,0,,
13781,,000866832,13781,000866832,,RTCS,บำรุง สรัคคานนท์,1926-04-16,3100602979211,,,,,,,,,,,,,,,,,,,,,,,,,,,,,,,,2021-03-18 12:02:44.998000,,,W,,E,,,W,,,,,,,,,,2000,,,,,,,,2020-08-31,2021-03-18,,,,,0,,
13781,,004082169,13781,004082169,,RTCS,สุภาพ ใจหาญ,1951-01-01,3160300419825,,,,,,,,,,,,,,,,,,,,,,,,,,,,,,,,2022-11-08 15:06:00,,,,,U,,,W,,,,,,,,,,2000,,,,,,,,2009-07-21,2099-12-31,,,,,0,,
13781,,005611002,13781,005611002,,RTCS,ดวงใจ สังข์วงษ์,1961-01-18,3100600839668,,,,,,,,,,,,,,,,,,,,,,,,,,,,,,,,2021-05-18 16:06:58,,,W,,E,,,W,,,,,,,,,,2000,,,,,,,,2020-09-01,2021-05-18,,,,,0,,
13781,02,002223948,13781,002223948,,RTSS,สุชาติ บุญเรืองเจริญ,,3102201110674,,,,1,,,,,,,,,,,,,,,,,,,,,,,,,,,,2020-09-08 07:36:34.998000,,,,,,,,,,,,,,,SSDPFQRJ,HD,HD,1500,,2,,,,,,2020-07-10,,,,,,0,,
13781,,004168205,13781,004168205,,RTCS,อรวรรณ พงศ์ประยูร,1949-01-01,3100602645402,,,,,,,,,,,,,,,,,,,,,,,,,,,,,,,,2022-11-08 15:05:26,,,,,U,,,W,,,,,,,,,,2000,,,,,,,,2006-10-03,2099-12-31,,,,,0,,
13781,02,005105957,13781,005105957,,RTCS,รัตนา พงษ์พานิช,1953-04-23,3229800018797,,,,,,,,,,,,,,,,,,,,,,,,,,,,,,,,2022-11-08 15:05:10,,,,,U,,,W,,,,,,,,,,2000,,,,,,,,2011-11-04,2099-12-31,,,,,0,,
13781,,004204337,13781,004204337,,RTCS,สาคร ดวงส้ม,1959-02-05,3102200453195,,,,,,,,,,,,,,,,,,,,,,,,,,,,,,,,2022-11-08 15:05:12.998000,,,,,U,,,W,,,,,,,,,,2000,,,,,,,,2017-02-04,2099-12-31,,,,,0,,
13781,02,005648231,13781,005648231,,RTSS,นิภา เจือจันทร์,1963-08-30,3200100991974,,,,2,,,,,,,,,,,,,,,,,,,,,,,,,,,,2021-10-06 14:15:39.999000,,,,,,,,,,,,,,,SSC6JR4Y,HD,HD,1500,,2,,,,,,2012-10-15,,,,,,0,,
13781,02,005389871,13781,005389871,,RTCS,ชื้น พูลน้อย,1952-01-01,3760500515458,,,,,,,,,,,,,,,,,,,,,,,,,,,,,,,,2026-02-19 09:10:59,,,D,,E,,,W,,,,,,,,,,2000,,,,,,,,2009-04-04,2026-02-16,,,,,0,,
13781,,004151459,13781,004151459,,RTCS,อุดม ละสอน,1949-03-31,3110401410084,,,,,,,,,,,,,,,,,,,,,,,,,,,,,,,,2020-12-18 12:06:09,,,W,,E,,,W,,,,,,,,,,2000,,,,,,,,2020-09-16,2020-12-18,,,,,0,,
13781,,005525244,13781,005525244,,RTCS,ปณิชา พันธ์ป้อม,1980-08-18,3349900094974,,,,,,,,,,,,,,,,,,,,,,,,,,,,,,,,2022-11-08 15:06:12.998000,,,,,U,,,W,,,,,,,,,,2000,,,,,,,,2015-03-19,2099-12-31,,,,,0,,
13781,,005693111,13781,005693111,,RTCS,ลี ชมชาติ,1942-01-01,3600100567745,,,,,,,,,,,,,,,,,,,,,,,,,,,,,,,,2025-08-19 14:46:23,,,D,,E,,,W,,,,,,,,,,2000,,,,,,,,2007-05-04,2025-08-11,,,,,0,,
13781,,005024605,13781,005024605,,RTCS,ใบศรี แดงชาติ,1939-12-12,3200600340638,,,,,,,,,,,,,,,,,,,,,,,,,,,,,,,,2022-05-20 14:08:18,,,W,,E,,,W,,,,,,,,,,2000,,,,,,,,2020-09-18,2022-05-18,,,,,0,,
13781,,005318013,13781,005318013,,RTSS,นพดล ดำคลองตัน,1969-08-18,3110100791283,,,,1,,,,,,,,,,,,,,,,,,,,,,,,,,,,2022-06-02 16:18:14,,,D,,E,,,,,,,,,,SSHL3CJL,HD,HD,1500,,2,,,,,,2017-04-19,2022-03-24,,,,,0,,
13781,,003143754,13781,003143754,,RTCS,ทวีลาภ สุเมธอมรรัตน์,1950-05-31,3749900469621,,,,,,,,,,,,,,,,,,,,,,,,,,,,,,,,2022-11-08 15:05:08,,,,,U,,,W,,,,,,,,,,2000,,,,,,,,2018-10-01,2099-12-31,,,,,0,,
13781,,005705007,13781,005705007,,RTCS,กอบสุข ว่องทรง,1945-04-07,3841300074491,,,,,,,,,,,,,,,,,,,,,,,,,,,,,,,,2021-10-07 10:09:44.998000,,,W,,E,,,W,,,,,,,,,,2000,,,,,,,,2020-09-23,2021-10-03,,,,,0,,
13781,,005372747,13781,005372747,,RTCS,แจ๋ว พันธุ์ภักดี,1966-04-07,3710500512611,,,,,,,,,,,,,,,,,,,,,,,,,,,,,,,,2023-07-19 09:39:18.998000,,,D,,E,,,W,,,,,,,,,,2000,,,,,,,,2019-11-04,2023-07-18,,,,,0,,
13781,,004597178,13781,004597178,,RTCS,บังอร ควรผล,1943-04-01,3130200065282,,,,,,,,,,,,,,,,,,,,,,,,,,,,,,,,2022-11-08 15:06:52,,,,,U,,,W,,,,,,,,,,2000,,,,,,,,2006-10-18,2099-12-31,,,,,0,,
13781,,001845725,13781,001845725,,RTCS,ธนกร ถิรโภควัฒน์,1964-08-10,3209900235692,,,,,,,,,,,,,,,,,,,,,,,,,,,,,,,,2024-11-19 13:50:25.998000,,,D,,E,,,W,,,,,,,,,,2000,,,,,,,,2006-10-03,2024-11-11,,,,,0,,
13781,,005647935,13781,005647935,,RTCS,นฤมล แซ่จั่น,1952-09-13,3960500320493,,,,,,,,,,,,,,,,,,,,,,,,,,,,,,,,2022-11-08 15:05:20.998000,,,,,U,,,W,,,,,,,,,,2000,,,,,,,,2006-10-03,2099-12-31,,,,,0,,
13781,,004681637,13781,004681637,,RTSS,ชลลดา เดชวัฒนาโกมล,,3100800897742,,,,2,,,,,,,,,,,,,,,,,,,,,,,,,,,,2020-09-30 13:57:17,,,,,,,,,,,,,,,SSJA0BNJ,HD,HD,1500,,2,,,,,,2014-05-19,,,,,,0,,
13781,,004264529,13781,004264529,,RTSS,ธนากร ทิพยเมธากุล,1982-06-15,3101200350506,,,,1,,,,,,,,,,,,,,,,,,,,,,,,,,,,2022-12-19 12:00:37,,,,,,,,,,,,,,,SSLAYF7S,HD,HD,1500,,1,,,,,,2016-05-26,,,,,,0,,
13781,,005705229,13781,005705229,,RTCS,สร้อยสุดา ศรีงาม,1984-04-06,1320300004287,,,,,,,,,,,,,,,,,,,,,,,,,,,,,,,,2022-11-08 15:04:13.998000,,,,,U,,,W,,,,,,,,,,2000,,,,,,,,2018-10-04,2099-12-31,,,,,0,,
13781,,003349621,13781,003349621,,RTCS,สุจิตร จันทรภา,1938-10-24,3120100398964,,,,,,,,,,,,,,,,,,,,,,,,,,,,,,,,2020-12-18 12:06:12.998000,,,W,,E,,,W,,,,,,,,,,2000,,,,,,,,2020-10-07,2020-12-18,,,,,0,,
13781,,004652171,13781,004652171,,RTCS,สุนัย ลิ้มศิริ,1957-05-18,3101701784568,,,,,,,,,,,,,,,,,,,,,,,,,,,,,,,,2023-05-08 08:16:27,,,,,E,,,W,,,,,,,,,,2000,,,,,,,,2010-11-04,2022-09-30,,,,,0,,
13781,,000414197,13781,000414197,,RTCS,วรรณา วิเศษสุวรรณ,1957-12-12,3209600099076,,,,,,,,,,,,,,,,,,,,,,,,,,,,,,,,2022-11-08 15:05:08,,,,,U,,,W,,,,,,,,,,2000,,,,,,,,2018-10-01,2099-12-31,,,,,0,,
13781,,005684319,13781,005684319,,RTCS,อำนาจ พงษ์พิพัฒน์วัฒนา,1958-06-15,5360890010879,,,,,,,,,,,,,,,,,,,,,,,,,,,,,,,,2022-11-08 15:05:51.999000,,,,,U,,,W,,,,,,,,,,2000,,,,,,,,2018-10-04,2099-12-31,,,,,0,,
13781,,005682647,13781,005682647,,RTCS,ธานี จิรศานต์ชัย,1947-05-03,3100600675983,,,,,,,,,,,,,,,,,,,,,,,,,,,,,,,,2023-05-08 08:15:41,,,,,E,,,W,,,,,,,,,,2000,,,,,,,,2008-01-04,2022-09-30,,,,,0,,
13781,,004391591,13781,004391591,,RTCS,จีรบุตร กลิ่นหอม,1962-01-08,3200700588143,,,,,,,,,,,,,,,,,,,,,,,,,,,,,,,,2022-10-04 09:59:57,,,W,,E,,,W,,,,,,,,,,2000,,,,,,,,2020-10-15,2022-10-03,,,,,0,,
13781,,005612907,13781,005612907,,RTCS,ผุสนีย์ เอี่ยมธรรม,1944-09-11,3102001004641,,,,,,,,,,,,,,,,,,,,,,,,,,,,,,,,2022-11-08 15:05:41,,,,,U,,,W,,,,,,,,,,2000,,,,,,,,2006-10-03,2099-12-31,,,,,0,,
13781,,005264497,13781,005264497,,RTCS,ฐานิฏฐ์กานต์ นิลแนบแก้ว,1978-11-26,3719900222758,,,,,,,,,,,,,,,,,,,,,,,,,,,,,,,,2022-11-08 15:05:51.999000,,,,,U,,,W,,,,,,,,,,2000,,,,,,,,2020-03-04,2099-12-31,,,,,0,,
13781,,004968640,13781,004968640,,RTCS,สุนทร รัตนวราหะ,1950-11-04,3100100791071,,,,,,,,,,,,,,,,,,,,,,,,,,,,,,,,2022-11-08 15:05:08,,,,,U,,,W,,,,,,,,,,2000,,,,,,,,2018-10-04,2099-12-31,,,,,0,,
13781,02,004033490,13781,004033490,,RTSS,จันดา ชัยดี,,3320700557107,,,,1,,,,,,,,,,,,,,,,,,,,,,,,,,,,2020-10-26 10:16:33.998000,,,,,,,,,,,,,,,SSIJQQ2B,HD,HD,1500,,2,,,,,,2015-02-24,,,,,,0,,
13781,,005649024,13781,005649024,,RTCS,วุฒิ นาคะปรีชา,1934-04-26,3102002434178,,,,,,,,,,,,,,,,,,,,,,,,,,,,,,,,2022-09-07 08:29:43.998000,,,W,,E,,,W,,,,,,,,,,2000,,,,,,,,2020-10-26,2022-09-03,,,,,0,,
13781,,002873641,13781,002873641,,RTCS,สงวน พุทธอวยผล,1937-06-01,3102000824181,,,,,,,,,,,,,,,,,,,,,,,,,,,,,,,,2022-11-08 15:05:41,,,,,U,,,W,,,,,,,,,,2000,,,,,,,,2006-10-03,2099-12-31,,,,,0,,
13781,,005252663,13781,005252663,,RTCS,รัตนาพร จันทรเสนา,1984-03-03,1251100009481,,,,,,,,,,,,,,,,,,,,,,,,,,,,,,,,2022-11-08 15:04:46,,,,,U,,,W,,,,,,,,,,2000,,,,,,,,2009-08-04,2099-12-31,,,,,0,,
13781,02,004430826,13781,004430826,,RTSS,จีรพร แปงเครื่อง,,3559900130146,,,,2,,,,,,,,,,,,,,,,,,,,,,,,,,,,2020-11-05 09:44:38.998000,,,,,,,,,,,,,,,SSH3PCZK,HD,HD,1500,,2,,,,,,2018-06-06,,,,,,0,,
13781,,004343978,13781,004343978,,RTCS,ยุ่งฮง แซ่เอี้ย,1951-05-20,3100901971077,,,,,,,,,,,,,,,,,,,,,,,,,,,,,,,,2021-04-07 08:30:35.998000,,,W,,E,,,W,,,,,,,,,,2000,,,,,,,,2020-11-12,2021-04-03,,,,,0,,
13781,,004061745,13781,004061745,,RTCS,สุนีย์ เขี้ยวงา,1971-02-24,3730600377162,,,,,,,,,,,,,,,,,,,,,,,,,,,,,,,,2022-11-22 10:53:36,,,,,U,,,W,,,,,,,,,,2000,,,,,,,,2020-11-12,2024-11-11,,,,,0,,
13781,,005612871,13781,005612871,,RTSS,จตุพร มาลำปาง,1976-03-27,3640300288742,,,,1,,,,,,,,,,,,,,,,,,,,,,,,,,,,2021-12-03 11:47:45,,,,,,,,,,,,,,,SSKEVF81,HD,HD,1500,,2,,,,,,2018-10-26,,,,,,0,,
13781,,004925828,13781,004925828,,RTCS,ธนภร พันแสน,1945-03-20,3160500251642,,,,,,,,,,,,,,,,,,,,,,,,,,,,,,,,2022-11-22 10:53:36,,,,,U,,,W,,,,,,,,,,2000,,,,,,,,2020-11-13,2024-11-12,,,,,0,,
13781,02,005135727,13781,005135727,,RTSS,ปณต อุดม,,5101200050631,,,,1,,,,,,,,,,,,,,,,,,,,,,,,,,,,2020-11-21 07:04:12.999000,,,,,,,,,,,,,,,SSBYGZYA,HD,HD,1500,,2,,,,,,2015-10-07,,,,,,0,,
13781,02,002727896,13781,002727896,,RTCS,สุรัตน์ บำรุงศิลป์,1958-11-29,3130300315132,,,,,,,,,,,,,,,,,,,,,,,,,,,,,,,,2023-01-25 11:12:24.998000,,,,,U,,,W,,,,,,,,,,2000,,,,,,,,2020-11-23,2024-01-25,,,,,0,,
13781,,005255645,13781,005255645,,RTSS,อุบลรัตน์ รัตนพันธุ์ศรี,,3260300053081,,,,2,,,,,,,,,,,,,,,,,,,,,,,,,,,,2020-11-26 09:35:35,,,,,,,,,,,,,,,SSKAW5IW,HD,HD,1500,,2,,,,,,2017-06-02,,,,,,0,,
13781,,005195073,13781,005195073,,RTCS,ตันหยง เฉลิมวัฒน์,1941-12-23,3150300182981,,,,,,,,,,,,,,,,,,,,,,,,,,,,,,,,2020-12-18 12:06:09,,,W,,E,,,W,,,,,,,,,,2000,,,,,,,,2020-11-27,2020-12-18,,,,,0,,
13781,,000743602,13781,000743602,,RTSS,จริยา สุขบุญส่ง,1977-12-26,3102100721104,,,,2,,,,,,,,,,,,,,,,,,,,,,,,,,,,2021-12-03 11:47:45,,,D,,E,,,,,,,,,,SSGZBR90,HD,HD,1500,,2,,,,,,2020-03-05,2021-11-02,,,,,0,,
13781,,004019513,13781,004019513,,RTCS,ดวงภร ทุนเจริญ,1959-08-17,3749900289909,,,,,,,,,,,,,,,,,,,,,,,,,,,,,,,,2023-01-25 11:12:43,,,,,U,,,W,,,,,,,,,,2000,,,,,,,,2020-12-01,2024-01-25,,,,,0,,
13781,02,001472445,13781,001472445,,RTCS,วนิดา ศรีภู่,1938-08-13,3100904542509,,,,,,,,,,,,,,,,,,,,,,,,,,,,,,,,2023-01-25 11:12:51,,,,,U,,,W,,,,,,,,,,2000,,,,,,,,2020-12-04,2024-01-25,,,,,0,,
13781,02,003861162,13781,003861162,,RTCS,สุวัฒน์ ปัญญาธีรนันท์,1947-05-22,3369900159961,,,,,,,,,,,,,,,,,,,,,,,,,,,,,,,,2023-01-25 11:12:52,,,,,U,,,W,,,,,,,,,,2000,,,,,,,,2020-12-04,2024-01-25,,,,,0,,
13781,,005660014,13781,005660014,,RTCS,วรรณา อินโต,1976-12-10,3720200537812,,,,,,,,,,,,,,,,,,,,,,,,,,,,,,,,2022-06-06 13:11:20.998000,,,,,U,,,W,,,,,,,,,,2000,,,,,,,,2022-06-04,2099-12-31,,,,,0,,
13781,,005566955,13781,005566955,,RTCS,สมปอง เกิดพันธ์,1947-04-20,3620200037993,,,,,,,,,,,,,,,,,,,,,,,,,,,,,,,,2023-10-19 08:19:34.998000,,,D,,E,,,W,,,,,,,,,,2000,,,,,,,,2020-12-08,2023-10-18,,,,,0,,
13781,02,004257603,13781,004257603,,RTCS,กังวาน สรวงสิงห์,1965-12-27,3100100046171,,,,,,,,,,,,,,,,,,,,,,,,,,,,,,,,2023-01-25 11:12:58,,,,,U,,,W,,,,,,,,,,2000,,,,,,,,2020-12-08,2024-01-25,,,,,0,,
13781,,005569450,13781,005569450,,"RTSS,RTSS",มานิจ อินทรปอ,,3360600277447,,,,2,,,,,,,,,,,,,,,,,,,,,,,,,,,,2020-12-09 13:55:51.998000,,,,,,,,,,,,,,,SSL7ASP4,HD,HD,1500,,2,,,,,,2012-06-11,,,,,,0,,
13781,,002468998,13781,002468998,,RTCS,ชูศรี สมวงศ์,1940-06-12,3101401101210,,,,,,,,,,,,,,,,,,,,,,,,,,,,,,,,2022-02-21 08:05:37.998000,,,W,,E,,,W,,,,,,,,,,2000,,,,,,,,2020-12-09,2022-02-18,,,,,0,,
13781,,005458389,13781,005458389,,RTCS,สุริน บัวกลาง,1957-01-23,3159800069112,,,,,,,,,,,,,,,,,,,,,,,,,,,,,,,,2023-01-25 11:13:06,,,,,U,,,W,,,,,,,,,,2000,,,,,,,,2020-12-14,2024-01-25,,,,,0,,
13781,,004645774,13781,004645774,,RTCS,ทิวา สุภีรนันท์,1937-02-04,3100601887089,,,,,,,,,,,,,,,,,,,,,,,,,,,,,,,,2024-04-24 08:26:54.999000,,,D,,E,,,W,,,,,,,,,,2000,,,,,,,,2020-12-15,2024-04-08,,,,,0,,
13781,02,004905709,13781,004905709,,RTSS,พรพิมล เสริมเกษมสิน,1961-08-24,3100902258536,,,,2,,,,,,,,,,,,,,,,,,,,,,,,,,,,2021-11-03 15:52:39,,,D,,E,,,,,,,,,CS,SSDSGIKN,HD,HD,1500,,2,,,,,,2012-10-15,2021-08-22,,,S,C,500,,
13781,,004174321,13781,004174321,,RTCS,สมชัย แสงวะนาค,1953-07-07,3670700464637,,,,,,,,,,,,,,,,,,,,,,,,,,,,,,,,2022-02-04 09:28:40.998000,,,W,,E,,,W,,,,,,,,,,2000,,,,,,,,2020-12-17,2022-02-03,,,,,0,,
13781,,005122288,13781,005122288,,RTCS,สุขุม เกียรติเฟื่องฟู,1950-06-26,3100905584850,,,,,,,,,,,,,,,,,,,,,,,,,,,,,,,,2023-01-25 11:13:10.998000,,,,,U,,,W,,,,,,,,,,4000,,,,,,,,2020-12-17,2024-01-25,,,,,0,,
13781,,003595371,13781,003595371,,RTCS,สุวรรณ ชาญเชี่ยว,1928-08-11,3100202178840,,,,,,,,,,,,,,,,,,,,,,,,,,,,,,,,2023-05-08 08:15:39.999000,,,,,E,,,W,,,,,,,,,,2000,,,,,,,,2020-12-17,2022-09-30,,,,,0,,
13781,,004293109,13781,004293109,,RTCS,รวีวรรณ พิงภักดิ์,1966-04-04,3760200001211,,,,,,,,,,,,,,,,,,,,,,,,,,,,,,,,2023-01-25 11:13:11.999000,,,,,U,,,W,,,,,,,,,,2000,,,,,,,,2020-12-17,2024-01-25,,,,,0,,
13781,,002125488,13781,002125488,,RTCS,อรทัย ชัยปัญญา,1953-10-09,3100602164871,,,,,,,,,,,,,,,,,,,,,,,,,,,,,,,,2023-01-25 11:13:11.999000,,,,,U,,,W,,,,,,,,,,2000,,,,,,,,2020-12-17,2024-01-25,,,,,0,,
13781,,004996750,13781,004996750,,RTCS,วิโรจน์ ประสมทรัพย์,1950-02-02,3710500529637,,,,,,,,,,,,,,,,,,,,,,,,,,,,,,,,2021-04-07 08:30:32,,,W,,E,,,W,,,,,,,,,,2000,,,,,,,,2020-12-22,2021-04-03,,,,,0,,
13781,,003879435,13781,003879435,,RTCS,บรรทม เรือนสุข,1956-01-01,5720700016095,,,,,,,,,,,,,,,,,,,,,,,,,,,,,,,,2023-01-25 11:13:16.998000,,,,,U,,,W,,,,,,,,,,2000,,,,,,,,2020-12-22,2024-01-25,,,,,0,,
13781,,005132783,13781,005132783,,RTCS,สมบุญ มูลณี,1966-08-27,3670300528506,,,,,,,,,,,,,,,,,,,,,,,,,,,,,,,,2023-01-25 11:13:18.999000,,,,,U,,,W,,,,,,,,,,2000,,,,,,,,2020-12-24,2024-01-25,,,,,0,,
13781,,005645918,13781,005645918,,RTCS,สิทธิวุฒิ มูนะ,1959-10-05,3102101033180,,,,,,,,,,,,,,,,,,,,,,,,,,,,,,,,2023-05-08 08:16:38.998000,,,,,E,,,W,,,,,,,,,,2000,,,,,,,,2020-12-24,2022-09-30,,,,,0,,
13781,,003704616,13781,003704616,,RTCS,กำธร อุทารวุฒิพงศ์,1941-09-05,3101202818033,,,,,,,,,,,,,,,,,,,,,,,,,,,,,,,,2021-03-05 09:04:49,,,W,,E,,,W,,,,,,,,,,2000,,,,,,,,2020-12-25,2021-03-03,,,,,0,,
13781,,004990493,13781,004990493,,RTCS,ประคอง พวงศรี,1952-06-01,3500100516017,,,,,,,,,,,,,,,,,,,,,,,,,,,,,,,,2023-01-25 11:13:23,,,,,U,,,W,,,,,,,,,,2000,,,,,,,,2020-12-28,2024-01-25,,,,,0,,
13781,,004974783,13781,004974783,,RTCS,ธีรทัศน์ วิมุกตะลพ,1982-03-09,3102401048841,,,,,,,,,,,,,,,,,,,,,,,,,,,,,,,,2023-01-25 11:13:25.998000,,,,,U,,,W,,,,,,,,,,2000,,,,,,,,2020-12-30,2024-01-25,,,,,0,,
13781,,005726653,13781,005726653,,RTCS,สุธรรม วิบูลชัยชีพ,1944-02-06,3101700960494,,,,,,,,,,,,,,,,,,,,,,,,,,,,,,,,2021-10-07 10:09:50.998000,,,W,,E,,,W,,,,,,,,,,2000,,,,,,,,2020-12-30,2021-10-03,,,,,0,,
13781,,004572722,13781,004572722,,RTCS,ราชิต บัณฑุรัตน์,1954-09-18,3120600028236,,,,,,,,,,,,,,,,,,,,,,,,,,,,,,,,2021-03-18 12:02:47,,,W,,E,,,W,,,,,,,,,,2000,,,,,,,,2021-01-04,2021-03-18,,,,,0,,
13781,,005518771,13781,005518771,,RTSS,นิกร คงเจริญ,1961-04-26,3210100478746,,,,1,,,,,,,,,,,,,,,,,,,,,,,,,,,,2021-01-18 16:04:39,,,,,,,,,,,,,,CS,SSA3XD5K,HD,HD,1500,,2,,,,,,2017-04-28,,,,S,C,500,,
13781,,004945218,13781,004945218,,"RTSS,RTSS",พงษ์พันธ์ ศรีคำขลิบ,,1600400119491,,,,1,,,,,,,,,,,,,,,,,,,,,,,,,,,,2021-01-06 14:57:09,,,,,,,,,,,,,,,SSBWRQL6,HD,HD,1500,,2,,,,,,2012-10-15,,,,,,0,,
13781,,005691128,13781,005691128,,RTSS,ทัชช ควรรักษ์เจริญ,1961-03-06,3101202828098,,,,2,,,,,,,,,,,,,,,,,,,,,,,,,,,,2021-06-18 09:43:06,,,D,,E,,,,,,,,,,SSEPT1FQ,HD,HD,1500,,2,,,,,,2012-10-15,2021-04-23,,,,,0,,
13781,02,004524096,13781,004524096,,RTCS,ประจวบ ศักดิ์สระสิงห์,1943-08-08,3120200395363,,,,,,,,,,,,,,,,,,,,,,,,,,,,,,,,2023-01-25 11:13:39.998000,,,,,U,,,W,,,,,,,,,,2000,,,,,,,,2021-01-11,2024-01-25,,,,,0,,
13781,,005511701,13781,005511701,,RTCS,อาคม ธูปสุวรรณ,1961-11-08,3110300262829,,,,,,,,,,,,,,,,,,,,,,,,,,,,,,,,2022-04-19 09:55:54.998000,,,W,,E,,,W,,,,,,,,,,2000,,,,,,,,2021-01-15,2022-04-18,,,,,0,,
13781,,005735991,13781,005735991,,RTCS,ณัฐนันท์ ลักษมีธนานันต์,1980-04-18,4101800046041,,,,,,,,,,,,,,,,,,,,,,,,,,,,,,,,2023-01-25 11:13:47.998000,,,,,U,,,W,,,,,,,,,,2000,,,,,,,,2021-01-18,2024-01-25,,,,,0,,
13781,,003983090,13781,003983090,,RTCS,แท่น แท่นรัตนกุล,1945-08-05,3100200024527,,,,,,,,,,,,,,,,,,,,,,,,,,,,,,,,2024-05-21 13:22:56,,,D,,E,,,W,,,,,,,,,,2000,,,,,,,,2021-01-22,2024-05-20,,,,,0,,
13781,02,5601111,13781,5601111,,RTSS,ฐิตพงศ์ อรัญพงศ์ศิริ,,3102001624330,,,,1,,,,,,,,,,,,,,,,,,,,,,,,,,,,2021-01-25 11:39:23.999000,,,,,,,,,,,,,,,SSJ03P7Q,HD,HD,1500,,2,,,,,,2012-10-15,,,,,,0,,
13781,,000057428,13781,000057428,,RTCS,ประนอม ปัตตะพงษ์,1943-06-10,3100603315953,,,,,,,,,,,,,,,,,,,,,,,,,,,,,,,,2022-11-22 09:11:58,,,D,,E,,,W,,,,,,,,,,2000,,,,,,,,2021-01-29,2022-11-18,,,,,0,,
13781,,004858254,13781,004858254,,RTCS,สุพรรณี นาคธน,1949-01-09,5100299082792,,,,,,,,,,,,,,,,,,,,,,,,,,,,,,,,2023-02-03 22:41:00,,,,,U,,,W,,,,,,,,,,2000,,,,,,,,2021-01-29,2025-01-29,,,,,0,,
13781,,004835661,13781,004835661,,RTSS,มงคลวิช ทองอนันต์,1986-01-10,1959900068688,,,,1,,,,,,,,,,,,,,,,,,,,,,,,,,,,2024-02-20 08:38:19,,,,,,,,,,,,,,,SSK42GY8,HD,HD,1500,,2,,,,,,2020-11-13,,,,,,0,,
13781,02,004045096,13781,004045096,,RTCS,ประวรรณ ทับเที่ยง,1934-08-07,3100602440088,,,,,,,,,,,,,,,,,,,,,,,,,,,,,,,,2023-02-03 22:41:00,,,,,U,,,W,,,,,,,,,,2000,,,,,,,,2021-02-01,2025-02-01,,,,,0,,
13781,,005147449,13781,005147449,,RTCS,ศักดา วังทอง,1942-10-16,3720300044435,,,,,,,,,,,,,,,,,,,,,,,,,,,,,,,,2021-04-22 08:52:42,,,W,,E,,,W,,,,,,,,,,2000,,,,,,,,2021-02-01,2021-04-18,,,,,0,,
13781,,002245096,13781,002245096,,RTCS,สมเจตน์ สัตยารัฐ,1933-10-22,3100500325522,,,,,,,,,,,,,,,,,,,,,,,,,,,,,,,,2024-02-05 10:52:15,,,D,,E,,,W,,,,,,,,,,2000,,,,,,,,2021-02-05,2024-01-22,,,,,0,,
13781,,005365730,13781,005365730,,RTSS,วุฒิชัย บุญเจือ,,3210100337549,,,,1,,,,,,,,,,,,,,,,,,,,,,,,,,,,2021-02-06 06:42:55.998000,,,,,,,,,,,,,,,SSEJVPUZ,KT,KT,1500,,2,,,,,,2012-10-15,,,,,,0,,
13781,,000593184,13781,000593184,,RTCS,ทวี บุตรจินดา,1949-12-22,3101402131864,,,,,,,,,,,,,,,,,,,,,,,,,,,,,,,,2021-11-08 08:35:10.998000,,,W,,E,,,W,,,,,,,,,,2000,,,,,,,,2021-02-08,2021-11-03,,,,,0,,
13781,,005561419,13781,005561419,,RTSS,สมเกียรติ นมัสการ,1962-07-05,5301700009204,,,,1,,,,,,,,,,,,,,,,,,,,,,,,,,,,2023-07-04 11:39:41,,,,,,,,,,,,,,,SSF54RXO,HD,HD,1500,,2,,,,,,2014-07-29,,,,,,0,,
13781,,004586107,13781,004586107,,RTSS,กนกวรรณ ซื่อเสมอ,1989-09-11,1230300046568,,,,2,,,,,,,,,,,,,,,,,,,,,,,,,,,,2021-06-18 09:43:06,,,,,,,,,,,,,,,SSLBIYI5,HD,HD,1500,,2,,,,,,2018-07-16,,,,,,0,,
13781,,005488484,13781,005488484,,RTCS,ยุทธจักร กลิ่นสนธิ์,1981-11-28,3459900196202,,,,,,,,,,,,,,,,,,,,,,,,,,,,,,,,2026-01-06 10:17:55.999000,,,D,,E,,,W,,,,,,,,,,2000,,,,,,,,2021-02-15,2025-12-29,,,,,0,,
13781,,005404876,13781,005404876,,RTCS,หอมไกล รัตนวิเศษ,1947-11-12,3441000247610,,,,,,,,,,,,,,,,,,,,,,,,,,,,,,,,2025-02-20 14:14:13,,,,,,,,W,,,,,,,,,,2000,,,,,,,,2021-02-16,2099-12-31,,,,,0,,
13781,,005687427,13781,005687427,,RTCS,สุธน เพ็งสิงห์,1962-04-01,3180100402775,,,,,,,,,,,,,,,,,,,,,,,,,,,,,,,,2021-05-05 11:35:38,,,W,,E,,,W,,,,,,,,,,2000,,,,,,,,2021-02-16,2021-05-03,,,,,0,,
13781,,005097860,13781,005097860,,RTCS,ภาณุภพ ใบเจริญ,1959-06-01,3209900248565,,,,,,,,,,,,,,,,,,,,,,,,,,,,,,,,2023-03-03 15:55:54.998000,,,,,U,,,W,,,,,,,,,,2000,,,,,,,,2021-02-22,2025-02-22,,,,,0,,
13781,,003603595,13781,003603595,,RTCS,เจริญ แซ่แพ,1951-02-24,3100201942872,,,,,,,,,,,,,,,,,,,,,,,,,,,,,,,,2023-03-03 15:55:57,,,,,U,,,W,,,,,,,,,,2000,,,,,,,,2021-02-23,2025-02-23,,,,,0,,
13781,02,005000255,13781,005000255,,RTCS,ยงยุทธ ยอดยิ่ง,1959-05-06,3160101107416,,,,,,,,,,,,,,,,,,,,,,,,,,,,,,,,2023-03-03 15:55:58,,,,,U,,,W,,,,,,,,,,2000,,,,,,,,2021-02-24,2025-02-24,,,,,0,,
13781,,003379563,13781,003379563,,RTCS,รัชฎาพร มูลแก่น,1961-04-21,3110400648664,,,,,,,,,,,,,,,,,,,,,,,,,,,,,,,,2024-04-04 16:19:43,,,D,,E,,,W,,,,,,,,,,2000,,,,,,,,2021-02-25,2024-04-01,,,,,0,,
13781,,001450821,13781,001450821,,RTCS,ประภา พาณิชย์เจริญสกุล,1938-04-01,3100602279465,,,,,,,,,,,,,,,,,,,,,,,,,,,,,,,,2024-02-05 10:52:15,,,D,,E,,,W,,,,,,,,,,2000,,,,,,,,2021-02-25,2024-01-22,,,,,0,,
13781,,004045262,13781,004045262,,RTCS,วิไล จิตตั้งสกุล,1937-04-01,3719900063358,,,,,,,,,,,,,,,,,,,,,,,,,,,,,,,,2021-08-19 16:22:04,,,W,,E,,,W,,,,,,,,,,2000,,,,,,,,2021-03-01,2021-08-18,,,,,0,,
13781,,001365595,13781,001365595,,RTCS,นิสา ศิลปกิจยาน,1956-07-06,3200100094620,,,,,,,,,,,,,,,,,,,,,,,,,,,,,,,,2024-08-07 09:27:26.998000,,,D,,E,,,W,,,,,,,,,,2000,,,,,,,,2021-03-04,2024-07-29,,,,,0,,
13781,,004038739,13781,004038739,,RTCS,เบญญา ขวัญยืน,1961-03-10,4100500024865,,,,,,,,,,,,,,,,,,,,,,,,,,,,,,,,2025-03-11 08:29:17,,,,,,,,W,,,,,,,,,,2000,,,,,,,,2021-03-08,2099-12-31,,,,,0,,
13781,,002891052,13781,002891052,,RTCS,มนตรี เกษมสุทธิ์,1959-02-02,3129800025107,,,,,,,,,,,,,,,,,,,,,,,,,,,,,,,,2021-03-17 09:07:34.998000,,,,,,,,W,,,,,,,,,,2000,,,,,,,,2021-03-17,2025-03-17,,,,,0,,
13781,,003784365,13781,003784365,,RTCS,รุทธ์ สุขสำราญ,1953-12-02,5410600110807,,,,,,,,,,,,,,,,,,,,,,,,,,,,,,,,2023-12-04 14:34:04.999000,,,D,,E,,,W,,,,,,,,,,2000,,,,,,,,2021-03-17,2023-11-27,,,,,0,,
13781,,005738618,13781,005738618,,RTCS,อนุเทพ อุตมกูล,1968-03-24,3720800474820,,,,,,,,,,,,,,,,,,,,,,,,,,,,,,,,2024-08-07 09:27:14.999000,,,D,,E,,,W,,,,,,,,,,2000,,,,,,,,2021-03-18,2024-07-22,,,,,0,,
13781,02,004978881,13781,004978881,,RTSS,ประชิต อมรไชย,,3100200007649,,,,1,,,,,,,,,,,,,,,,,,,,,,,,,,,,2021-03-19 14:31:58.999000,,,,,,,,,,,,,,,SSJPN6BR,HD,HD,1500,,2,,,,,,2020-10-24,,,,,,0,,
13781,,004479700,13781,004479700,,RTCS,ศรีรัตน์ พุ่มอินทร์,1939-07-22,3100903014347,,,,,,,,,,,,,,,,,,,,,,,,,,,,,,,,2023-01-04 13:16:34.999000,,,D,,E,,,W,,,,,,,,,,2000,,,,,,,,2021-03-19,2023-01-03,,,,,0,,
13781,,005715560,13781,005715560,,RTSS,กมลรัตน์ ชยะธวัช,1989-10-09,1100200507939,,,,2,,,,,,,,,,,,,,,,,,,,,,,,,,,,2021-09-03 21:47:44.998000,,,D,,E,,,,,,,,,,SSLHIB13,HD,HD,1500,,2,,,,,,2020-12-18,2021-07-13,,,,,0,,
13781,,004109553,13781,004109553,,RTCS,เอื้อพงษ์ ปิ่นสุวรรณ์,1956-03-17,3149900213592,,,,,,,,,,,,,,,,,,,,,,,,,,,,,,,,2022-04-19 09:55:58,,,W,,E,,,W,,,,,,,,,,2000,,,,,,,,2021-03-23,2022-04-18,,,,,0,,
13781,,005680451,13781,005680451,,RTCS,กัญญา ชมเอ,1973-02-12,3100501365251,,,,,,,,,,,,,,,,,,,,,,,,,,,,,,,,2025-03-25 08:45:49.999000,,,,,,,,W,,,,,,,,,,2000,,,,,,,,2021-03-24,2099-12-31,,,,,0,,
13781,,003884527,13781,003884527,,RTCS,สุมาลี บุญวิธวาเจริญ,1966-07-21,3610300165829,,,,,,,,,,,,,,,,,,,,,,,,,,,,,,,,2025-03-25 08:45:49.999000,,,,,,,,W,,,,,,,,,,2000,,,,,,,,2021-03-25,2099-12-31,,,,,0,,
13781,02,000653618,13781,000653618,,RTCS,สมเกียรติ ศรีสุพรรณดิฐ,1943-04-04,3101702406044,,,,,,,,,,,,,,,,,,,,,,,,,,,,,,,,2025-04-01 11:54:26,,,,,,,,W,,,,,,,,,,2000,,,,,,,,2021-03-29,2099-12-31,,,,,0,,
13781,,005666463,13781,005666463,,RTSS,อำนาจ เขียวทอง,1981-01-05,3601000475505,,,,1,,,,,,,,,,,,,,,,,,,,,,,,,,,,2022-02-17 15:38:35.998000,,,D,,E,,,,,,,,,,SSHMRRFL,HD,HD,1500,,2,,,,,,2020-06-13,2022-02-03,,,,,0,,
13781,,004529495,13781,004529495,,RTCS,สมาน เพิ่มวารี,1934-09-13,3100701127876,,,,,,,,,,,,,,,,,,,,,,,,,,,,,,,,2026-02-19 09:10:50,,,D,,E,,,W,,,,,,,,,,2000,,,,,,,,2021-04-01,2026-02-16,,,,,0,,
13781,,004865626,13781,004865626,,RTSS,วรวิทย์ จอมคีรีมาศ,1992-03-01,2630500148725,,,,1,,,,,,,,,,,,,,,,,,,,,,,,,,,,2025-10-31 16:11:11,,,,,,,,,,,,,,,SSAPI0X2,HD,HD,1500,,2,,,,,,2017-02-24,,,,,,0,,
13781,,004579152,13781,004579152,,RTCS,บัณฑิต ศรีวงษ์ศิริวัฒน์,1943-11-22,3710100776882,,,,,,,,,,,,,,,,,,,,,,,,,,,,,,,,2021-04-22 08:52:48,,,W,,E,,,W,,,,,,,,,,2000,,,,,,,,2021-04-07,2021-04-18,,,,,0,,
13781,,004748358,13781,004748358,,RTCS,สมเกียรติ เจริญกุล,1941-07-18,3100601106311,,,,,,,,,,,,,,,,,,,,,,,,,,,,,,,,2025-04-08 14:22:23,,,,,,,,W,,,,,,,,,,2000,,,,,,,,2021-04-07,2099-12-31,,,,,0,,
13781,,005715130,13781,005715130,,RTSS,สุนทรี ทองดี,,3150400360008,,,,2,,,,,,,,,,,,,,,,,,,,,,,,,,,,2021-04-07 15:06:52,,,,,,,,,,,,,,,SSBOQFU7,HD,HD,1500,,2,,,,,,2016-11-17,,,,,,0,,
13781,,005333359,13781,005333359,,RTCS,วันชัย ถวัลย์เศรษฐ์,1961-11-05,3101800992657,,,,,,,,,,,,,,,,,,,,,,,,,,,,,,,,2023-05-08 08:16:21,,,,,E,,,W,,,,,,,,,,2000,,,,,,,,2021-04-09,2022-09-30,,,,,0,,
13781,,002386553,13781,002386553,,RTCS,วัลภา ดวงชัย,1936-04-01,3100600404947,,,,,,,,,,,,,,,,,,,,,,,,,,,,,,,,2023-08-04 13:10:20.998000,,,D,,E,,,W,,,,,,,,,,2000,,,,,,,,2021-04-16,2023-08-03,,,,,0,,
13781,,005754145,13781,005754145,,RTCS,สมปอง แจ่มยิ่ง,1959-11-23,3160500173587,,,,,,,,,,,,,,,,,,,,,,,,,,,,,,,,2021-09-07 16:09:38.999000,,,W,,E,,,W,,,,,,,,,,2000,,,,,,,,2021-04-16,2021-09-03,,,,,0,,
13781,,004342465,13781,004342465,,RTCS,สุธิดา วงษ์ใหญ่,1945-01-01,3830100151156,,,,,,,,,,,,,,,,,,,,,,,,,,,,,,,,2022-08-19 10:49:19.999000,,,W,,E,,,W,,,,,,,,,,2000,,,,,,,,2021-04-20,2022-08-18,,,,,0,,
13781,02,002285933,13781,002285933,,RTCS,อนุวัตร ลิ้มสุวรรณ,1940-05-29,3101401258313,,,,,,,,,,,,,,,,,,,,,,,,,,,,,,,,2025-04-22 11:27:58,,,,,,,,W,,,,,,,,,,2000,,,,,,,,2021-04-21,2099-12-31,,,,,0,,
13781,,004854303,13781,004854303,,RTCS,รัตนา ทองปาน,1959-04-10,3101700260247,,,,,,,,,,,,,,,,,,,,,,,,,,,,,,,,2024-06-05 10:50:44,,,D,,E,,,W,,,,,,,,,,2000,,,,,,,,2021-04-21,2024-06-03,,,,,0,,
13781,,000565557,13781,000565557,,RTCS,รวีวรรณ แสงนุกูลชัย,1951-06-01,3100200395860,,,,,,,,,,,,,,,,,,,,,,,,,,,,,,,,2021-06-23 09:55:31.998000,,,W,,E,,,W,,,,,,,,,,2000,,,,,,,,2021-04-22,2021-06-18,,,,,0,,
13781,,003423745,13781,003423745,,RTCS,เหมือน รุ่งสว่าง,1924-04-01,3101401900392,,,,,,,,,,,,,,,,,,,,,,,,,,,,,,,,2022-01-19 07:41:06,,,W,,E,,,W,,,,,,,,,,2000,,,,,,,,2021-04-22,2022-01-18,,,,,0,,
13781,,005565974,13781,005565974,,RTCS,หาญณรงค์ ท้าวโยธา,1968-04-12,3570101251653,,,,,,,,,,,,,,,,,,,,,,,,,,,,,,,,2021-06-10 13:54:36,,,W,,E,,,W,,,,,,,,,,2000,,,,,,,,2021-04-23,2021-06-03,,,,,0,,
13781,,004089224,13781,004089224,,RTCS,ทับทิม เขตตวงษ์,1939-04-01,3720400251483,,,,,,,,,,,,,,,,,,,,,,,,,,,,,,,,2021-11-08 08:35:23.998000,,,W,,E,,,W,,,,,,,,,,2000,,,,,,,,2021-04-23,2021-11-03,,,,,0,,
13781,,002769348,13781,002769348,,RTCS,ชัยวัฒน์ สอนใจ,1940-10-01,3101800195579,,,,,,,,,,,,,,,,,,,,,,,,,,,,,,,,2023-09-19 10:34:21.998000,,,D,,E,,,W,,,,,,,,,,2000,,,,,,,,2021-04-26,2023-09-18,,,,,0,,
13781,,005523971,13781,005523971,,RTCS,วีระชาติ กางกำจัด,1979-08-19,3470101220066,,,,,,,,,,,,,,,,,,,,,,,,,,,,,,,,2025-05-06 10:44:07.998000,,,,,,,,W,,,,,,,,,,2000,,,,,,,,2021-04-28,2099-12-31,,,,,0,,
13781,,003780712,13781,003780712,,RTCS,อรรถกรรณ สืบเชื้อ,1959-01-25,5530500079842,,,,,,,,,,,,,,,,,,,,,,,,,,,,,,,,2023-05-08 08:15:43,,,,,E,,,W,,,,,,,,,,2000,,,,,,,,2021-04-29,2022-09-30,,,,,0,,
13781,,004474435,13781,004474435,,RTCS,เขตขันธ์ ตันตระกูล,1946-03-20,3101202723521,,,,,,,,,,,,,,,,,,,,,,,,,,,,,,,,2025-05-06 10:44:07.998000,,,,,,,,W,,,,,,,,,,2000,,,,,,,,2021-04-30,2099-12-31,,,,,0,,
13781,,005781270,13781,005781270,,RTCS,ธนินท วรรณพาหุล,1958-06-20,3100201287131,,,,,,,,,,,,,,,,,,,,,,,,,,,,,,,,2025-05-06 10:44:07.998000,,,,,,,,W,,,,,,,,,,2000,,,,,,,,2021-05-03,2099-12-31,,,,,0,,
13781,,001878658,13781,001878658,,RTCS,จรูญ ชุ่มอักษร,1943-01-01,3820500003898,,,,,,,,,,,,,,,,,,,,,,,,,,,,,,,,2022-10-04 10:00:17,,,W,,E,,,W,,,,,,,,,,2000,,,,,,,,2021-05-03,2022-09-18,,,,,0,,
13781,,005251546,13781,005251546,,RTCS,ณัฐวัฒน์ สมจิตรนำโชค,1954-09-01,3101403151681,,,,,,,,,,,,,,,,,,,,,,,,,,,,,,,,2022-02-21 08:05:40,,,W,,E,,,W,,,,,,,,,,2000,,,,,,,,2021-05-06,2022-02-18,,,,,0,,
13781,,004529061,13781,004529061,,RTCS,พรชัย เลี่ยมสกุล,1961-11-13,3629900026101,,,,,,,,,,,,,,,,,,,,,,,,,,,,,,,,2025-05-13 11:32:06.999000,,,,,,,,W,,,,,,,,,,2000,,,,,,,,2021-05-11,2099-12-31,,,,,0,,
13781,02,002470695,13781,002470695,,RTCS,สัมฤทธิ์ ขาวพุ่ม,1927-04-01,3100201519678,,,,,,,,,,,,,,,,,,,,,,,,,,,,,,,,2025-05-20 15:27:25,,,,,,,,W,,,,,,,,,,2000,,,,,,,,2021-05-14,2099-12-31,,,,,0,,
13781,02,003649181,13781,003649181,,RTCS,นิรมล ชูตานนท์,1942-06-20,3959900493270,,,,,,,,,,,,,,,,,,,,,,,,,,,,,,,,2025-05-20 15:27:25,,,,,,,,W,,,,,,,,,,2000,,,,,,,,2021-05-17,2099-12-31,,,,,0,,
13781,02,002929307,13781,002929307,,RTCS,สุฐิดา บุญศรีวงษ์,1968-12-13,3100905199760,,,,,,,,,,,,,,,,,,,,,,,,,,,,,,,,2025-05-20 15:27:26,,,,,,,,W,,,,,,,,,,2000,,,,,,,,2021-05-19,2099-12-31,,,,,0,,
13781,,002478832,13781,002478832,,RTSS,ประคอง สะอ้าง,1953-04-15,3100503743236,,,,2,,,,,,,,,,,,,,,,,,,,,,,,,,,,2023-09-20 07:43:52.998000,,,D,,E,,,,,,,,,,SSMHXX0O,HD,HD,1500,,1,,,,,,2012-10-15,2023-08-27,,,,,0,,
13781,,004540383,13781,004540383,,RTCS,ยุพา คูผาสุข,1935-04-01,3101701700704,,,,,,,,,,,,,,,,,,,,,,,,,,,,,,,,2022-10-04 10:00:22.999000,,,W,,E,,,W,,,,,,,,,,2000,,,,,,,,2021-05-27,2022-09-18,,,,,0,,
13781,,002089982,13781,002089982,,RTSS,กอบเกียรติ โพสิทธิ์วิญญู,1984-09-01,1100400051181,,,,1,,,,,,,,,,,,,,,,,,,,,,,,,,,,2024-12-03 14:50:30.998000,,,,,,,,,,,,,,,SSIBPU8U,HD,HD,1500,,2,,,,,,2020-12-01,2025-05-01,,,,,0,,
13781,,003655875,13781,003655875,,RTCS,เดชฤทธิ์ มณีธรรม,1966-10-09,3190200557941,,,,,,,,,,,,,,,,,,,,,,,,,,,,,,,,2025-06-13 12:55:32.998000,,,,,,,,W,,,,,,,,,,2000,,,,,,,,2021-06-02,2099-12-31,,,,,0,,
13781,,004771883,13781,004771883,,RTCS,จิตติมา ทองเหลือ,1948-01-01,3102100628261,,,,,,,,,,,,,,,,,,,,,,,,,,,,,,,,2025-11-19 08:52:42,,,D,,E,,,W,,,,,,,,,,2000,,,,,,,,2021-06-08,2025-11-10,,,,,0,,
13781,,005517948,13781,005517948,,RTCS,วรนัณ ห้วยแก้ว,1956-01-01,3620401212288,,,,,,,,,,,,,,,,,,,,,,,,,,,,,,,,2023-05-08 08:16:35,,,,,E,,,W,,,,,,,,,,2000,,,,,,,,2021-06-09,2022-09-30,,,,,0,,
13781,,005796218,13781,005796218,,RTSS,สนิท อภิชาตภุชงค์,1962-10-20,3101400183590,,,,1,,,,,,,,,,,,,,,,,,,,,,,,,,,,2022-04-18 14:42:09,,,D,,E,,,,,,,,,,SSAF76VR,HD,HD,1500,,2,,,,,,2021-03-11,2022-03-13,,,,,0,,
13781,,001229347,13781,001229347,,RTCS,วารี สุวรรณภานุ,1932-12-10,3100800575192,,,,,,,,,,,,,,,,,,,,,,,,,,,,,,,,2021-06-15 07:00:12,,,,,,,,W,,,,,,,,,,2000,,,,,,,,2021-06-15,2099-09-30,,,,,0,,
13781,,003702053,13781,003702053,,RTSS,นงเยาว์ ทรัพย์พนาชัย,1972-09-14,3101701919439,,,,2,,,,,,,,,,,,,,,,,,,,,,,,,,,,2026-03-31 10:00:37.999000,,,,,,,,,,,,,,,SSJ6C017,HD,HD,1500,,2,,,,,,2021-04-04,,,,,,0,,
13781,,005569802,13781,005569802,,RTCS,รัฐ สุภาพ,1970-01-29,3100601380723,,,,,,,,,,,,,,,,,,,,,,,,,,,,,,,,2022-01-19 07:41:00.998000,,,W,,E,,,W,,,,,,,,,,2000,,,,,,,,2021-06-16,2022-01-18,,,,,0,,
13781,02,004773442,13781,004773442,,RTCS,อรรณพ ฝอยทอง,1948-03-09,3600900525923,,,,,,,,,,,,,,,,,,,,,,,,,,,,,,,,2021-06-17 09:05:35.998000,,,,,,,,W,,,,,,,,,,2000,,,,,,,,2021-06-17,2099-09-30,,,,,0,,
13781,,003790975,13781,003790975,,RTCS,ประเทือง สุขสุมิตร,1953-07-06,3102201150293,,,,,,,,,,,,,,,,,,,,,,,,,,,,,,,,2021-06-17 09:21:20,,,,,,,,W,,,,,,,,,,2000,,,,,,,,2021-06-17,2099-09-30,,,,,0,,
13781,,004993281,13781,004993281,,RTCS,อุบล หาญสกุล,1943-03-06,3160500344012,,,,,,,,,,,,,,,,,,,,,,,,,,,,,,,,2023-07-04 12:46:07.998000,,,,,,,,W,,,,,,,,,,2000,,,,,,,,2021-06-21,2099-09-30,,,,,0,,
13781,,004600575,13781,004600575,,RTCS,ประสิทธิ์ เปาอินทร์,1964-05-30,3100502754404,,,,,,,,,,,,,,,,,,,,,,,,,,,,,,,,2023-07-04 11:37:44,,,D,,E,,,W,,,,,,,,,,2000,,,,,,,,2021-06-21,2023-07-03,,,,,0,,
13781,,004244984,13781,004244984,,RTCS,ธนพร จิตต์อารีย์,1978-02-06,3800101841067,,,,,,,,,,,,,,,,,,,,,,,,,,,,,,,,2023-07-04 12:46:08.998000,,,,,,,,W,,,,,,,,,,2000,,,,,,,,2021-06-24,2099-09-30,,,,,0,,
13781,02,003233178,13781,003233178,,RTCS,สุภาพร วงศ์สวัสดิ์เวช,1954-12-11,3710501135705,,,,,,,,,,,,,,,,,,,,,,,,,,,,,,,,2025-05-07 08:05:40,,,D,,E,,,W,,,,,,,,,,2000,,,,,,,,2021-06-25,2025-05-05,,,,,0,,
13781,,005796292,13781,005796292,,RTCS,จำเนียน อำมะรี,1963-12-14,3210100184653,,,,,,,,,,,,,,,,,,,,,,,,,,,,,,,,2023-10-04 09:50:34.998000,,,D,,E,,,W,,,,,,,,,,2000,,,,,,,,2021-06-29,2023-10-03,,,,,0,,
13781,,003496789,13781,003496789,,RTCS,ธวัช สินธุสังข์,1932-11-01,3160400638821,,,,,,,,,,,,,,,,,,,,,,,,,,,,,,,,2022-03-21 10:14:35.999000,,,W,,E,,,W,,,,,,,,,,2000,,,,,,,,2021-06-29,2022-03-18,,,,,0,,
13781,,005045804,13781,005045804,,RTCS,สมจิตต์ รามโกมุท,1924-07-01,3100502983811,,,,,,,,,,,,,,,,,,,,,,,,,,,,,,,,2022-11-08 15:01:57,,,W,,E,,,W,,,,,,,,,,2000,,,,,,,,2021-07-01,2022-11-03,,,,,0,,
13781,02,001980307,13781,001980307,,RTCS,วีรศักดิ์ รามางกูร,1955-05-01,3101400725457,,,,,,,,,,,,,,,,,,,,,,,,,,,,,,,,2025-10-21 13:08:11,,,D,,E,,,W,,,,,,,,,,2000,,,,,,,,2021-07-05,2025-10-13,,,,,0,,
13781,,003407291,13781,003407291,,RTCS,อมร โพธิคุณ,1952-12-11,3101701023851,,,,,,,,,,,,,,,,,,,,,,,,,,,,,,,,2023-07-19 10:58:31,,,,,,,,W,,,,,,,,,,2000,,,,,,,,2021-07-06,2099-09-30,,,,,0,,
13781,,002964998,13781,002964998,,RTCS,กุหลาบ นาคะนิธิ,1927-04-01,3100601047153,,,,,,,,,,,,,,,,,,,,,,,,,,,,,,,,2021-08-19 16:21:53.999000,,,W,,E,,,W,,,,,,,,,,2000,,,,,,,,2021-07-09,2021-08-18,,,,,0,,
13781,,003479930,13781,003479930,,RTCS,เสาวลักษณ์ อิสริยะโอภาส,1949-01-01,3100602424546,,,,,,,,,,,,,,,,,,,,,,,,,,,,,,,,2023-07-19 10:58:33.998000,,,,,,,,W,,,,,,,,,,2000,,,,,,,,2021-07-15,2099-09-30,,,,,0,,
13781,,005581574,13781,005581574,,RTSS,MYO ZAYAR,1988-10-13,6016202622082,,,,1,,,,,,,,,,,,,,,,,,,,,,,,,,,,2021-10-19 08:05:57,,,,,,,,,,,,,,,SSAJU983,HD,HD,1500,,2,,,,,,2020-04-22,,,,,,0,,
13781,,004957188,13781,004957188,,RTCS,กิติ กังสดาล,1947-06-13,3220100248937,,,,,,,,,,,,,,,,,,,,,,,,,,,,,,,,2024-03-06 14:33:53,,,D,,E,,,W,,,,,,,,,,2000,,,,,,,,2021-07-23,2024-03-04,,,,,0,,
13781,,003517255,13781,003517255,,RTCS,ลัดดา แซ่ฉั่ว,1943-01-01,3609800032818,,,,,,,,,,,,,,,,,,,,,,,,,,,,,,,,2023-08-21 15:22:15.998000,,,,,,,,W,,,,,,,,,,2000,,,,,,,,2021-08-06,2099-09-30,,,,,0,,
13781,,000224910,13781,000224910,,RTCS,วิจิตต์ ทองมิตร,1934-06-24,3101000021606,,,,,,,,,,,,,,,,,,,,,,,,,,,,,,,,2022-02-21 08:05:36.998000,,,W,,E,,,W,,,,,,,,,,2000,,,,,,,,2021-08-09,2022-02-18,,,,,0,,
13781,,003106388,13781,003106388,,RTCS,จุ้ยฮั้ว แซ่เจ็ง,1938-04-01,3102201968008,,,,,,,,,,,,,,,,,,,,,,,,,,,,,,,,2021-10-07 10:09:53.999000,,,W,,E,,,W,,,,,,,,,,2000,,,,,,,,2021-08-09,2021-10-03,,,,,0,,
13781,,002290876,13781,002290876,,RTCS,วรฉัตร ปานเทศ,1963-08-13,3100501832231,,,,,,,,,,,,,,,,,,,,,,,,,,,,,,,,2023-08-21 15:22:19,,,,,,,,W,,,,,,,,,,2000,,,,,,,,2021-08-13,2099-09-30,,,,,0,,
13781,02,004095419,13781,004095419,,RTSS,ธัชพล ดวงกมล,,3749900380051,,,,1,,,,,,,,,,,,,,,,,,,,,,,,,,,,2021-08-25 13:39:51,,,,,,,,,,,,,,,SSH8GHSL,KT,KT,1500,,2,,,,,,2012-10-15,,,,,,0,,
13781,,005804026,13781,005804026,,RTCS,สุวรรณา วิภาตะกลัศ,1935-06-15,3100901790161,,,,,,,,,,,,,,,,,,,,,,,,,,,,,,,,2021-12-20 15:43:39.998000,,,W,,E,,,W,,,,,,,,,,2000,,,,,,,,2021-08-25,2021-12-18,,,,,0,,
13781,,001111133,13781,001111133,,RTCS,อมรา จันทร์พุฒ,1947-11-22,3100101099391,,,,,,,,,,,,,,,,,,,,,,,,,,,,,,,,2023-09-20 08:45:39.998000,,,,,,,,W,,,,,,,,,,2000,,,,,,,,2021-08-26,2099-12-31,,,,,0,,
13781,,001922659,13781,001922659,,RTSS,นงคราญ ยิ่งเรงเริง,,3100602172482,,,,2,,,,,,,,,,,,,,,,,,,,,,,,,,,,2021-08-27 09:40:04.998000,,,,,,,,,,,,,,,SSGALBNE,HD,HD,1500,,2,,,,,,2015-10-28,,,,,,0,,
13781,,005254126,13781,005254126,,RTCS,เกษชรินทร์ ฟองมาลา,1963-07-31,3501900132389,,,,,,,,,,,,,,,,,,,,,,,,,,,,,,,,2025-11-05 09:51:56.998000,,,D,,E,,,W,,,,,,,,,,2000,,,,,,,,2021-08-31,2025-11-03,,,,,0,,
13781,,003471539,13781,003471539,,RTCS,ทองเจือ ขวัญเจริญ,1942-09-10,3100600320948,,,,,,,,,,,,,,,,,,,,,,,,,,,,,,,,2023-09-20 08:45:40.998000,,,,,,,,W,,,,,,,,,,2000,,,,,,,,2021-09-06,2099-12-31,,,,,0,,
13781,,002814852,13781,002814852,,RTCS,สุภรณ์ คหัฏฐา,1932-01-03,3100502750018,,,,,,,,,,,,,,,,,,,,,,,,,,,,,,,,2023-05-19 12:34:04,,,,,E,,,W,,,,,,,,,,2000,,,,,,,,2021-09-09,2023-05-18,,,,,0,,
13781,,003239715,13781,003239715,,"RTSS,RTSS",นุชนารถ เอี่ยมอุไร,1950-01-01,3209600351719,,,,2,,,,,,,,,,,,,,,,,,,,,,,,,,,,2023-04-24 14:41:27.998000,,,D,,E,,,,,,,,,,SSLAX5D5,HD,HD,1500,,2,,,,,,2020-02-19,2023-03-26,,,,,0,,
13781,,005797705,13781,005797705,,RTSS,พัฒนชัย วัชระประวิทย์,1955-01-01,3101203277087,,,,1,,,,,,,,,,,,,,,,,,,,,,,,,,,,2023-05-18 20:24:55.998000,,,D,,E,,,,,,,,,,SSC5HCC6,HD,HD,1500,,2,,,,,,2017-04-17,2022-05-24,,,,,0,,
13781,,003617071,13781,003617071,,RTCS,พรวิณี ชูเวียง,1977-05-10,3160700081953,,,,,,,,,,,,,,,,,,,,,,,,,,,,,,,,2021-10-19 09:49:06.998000,,,W,,E,,,W,,,,,,,,,,2000,,,,,,,,2021-09-17,2021-10-18,,,,,0,,
13781,02,003329661,13781,003329661,,RTCS,จรดฤดี ขันติโชติ,1938-01-15,3100501789557,,,,,,,,,,,,,,,,,,,,,,,,,,,,,,,,2023-09-04 14:24:45,,,,,U,,,W,,,,,,,,,,2000,,,,,,,,2023-09-04,2099-12-31,,,,,0,,
13781,,005155239,13781,005155239,,RTCS,ฌวัฒน์ จันทร์ลอย,1949-01-09,3609900011260,,,,,,,,,,,,,,,,,,,,,,,,,,,,,,,,2024-01-19 08:42:24,,,D,,E,,,W,,,,,,,,,,2000,,,,,,,,2021-09-21,2024-01-08,,,,,0,,
13781,,003698817,13781,003698817,,RTCS,พยนต์ ดาวจรัส,1943-06-07,3140200071878,,,,,,,,,,,,,,,,,,,,,,,,,,,,,,,,2024-01-19 08:42:36.999000,,,D,,E,,,W,,,,,,,,,,2000,,,,,,,,2021-09-21,2024-01-08,,,,,0,,
13781,,005870469,13781,005870469,,RTSS,สมชัย พรกุลประสิทธิ์,1953-09-24,3100100120915,,,,1,,,,,,,,,,,,,,,,,,,,,,,,,,,,2022-09-02 16:11:27,,,D,,E,,,,,,,,,,SSGXEKMW,HD,HD,1500,,2,,,,,,2017-03-29,2022-02-28,,,,,0,,
13781,,005702985,13781,005702985,,RTCS,รัตนา เซี่ยมคิ้ว,1980-08-17,3101900258271,,,,,,,,,,,,,,,,,,,,,,,,,,,,,,,,2023-10-04 13:05:32.998000,,,,,,,,W,,,,,,,,,,2000,,,,,,,,2021-09-27,2099-12-31,,,,,0,,
13781,,004436857,13781,004436857,,RTSS,ธนากร รักษาความจริง,1989-06-09,1229900284808,,,,1,,,,,,,,,,,,,,,,,,,,,,,,,,,,2025-11-25 08:16:36,,,,,,,,,,,,,,,SSF41MOV,HD,HD,1500,,2,,,,,,2016-07-21,,,,,,0,,
13781,,004863521,13781,004863521,,RTCS,สมศักดิ์ สิงห์สรศรี,1939-05-13,3759900040692,,,,,,,,,,,,,,,,,,,,,,,,,,,,,,,,2021-11-22 08:42:10,,,W,,E,,,W,,,,,,,,,,2000,,,,,,,,2021-10-01,2021-11-18,,,,,0,,
13781,,005342718,13781,005342718,,RTCS,ณัฐ ฉันทมิตร,1979-09-10,3210500143806,,,,,,,,,,,,,,,,,,,,,,,,,,,,,,,,2023-10-04 13:05:37,,,,,,,,W,,,,,,,,,,2000,,,,,,,,2021-10-04,2099-12-31,,,,,0,,
13781,,002711837,13781,002711837,,RTCS,ทศพล ลครพล,1934-09-11,3100501189991,,,,,,,,,,,,,,,,,,,,,,,,,,,,,,,,2022-07-20 10:41:12,,,W,,E,,,W,,,,,,,,,,2000,,,,,,,,2021-10-07,2022-07-18,,,,,0,,
13781,,004547737,13781,004547737,,RTCS,นิวัฒน์ ธงชัย,1934-07-29,3101700049317,,,,,,,,,,,,,,,,,,,,,,,,,,,,,,,,2025-03-18 14:51:01.999000,,,D,,E,,,W,,,,,,,,,,2000,,,,,,,,2021-10-11,2025-03-10,,,,,0,,
13781,,005780731,13781,005780731,,RTCS,อรรณพ อยู่ประยงค์,1957-01-18,3101600834527,,,,,,,,,,,,,,,,,,,,,,,,,,,,,,,,2024-09-18 11:00:34.999000,,,D,,E,,,W,,,,,,,,,,2000,,,,,,,,2021-10-14,2024-09-09,,,,,0,,
13781,,005878179,13781,005878179,,RTCS,ขนิษฐา ลิปไธสง,1983-01-20,3130300063770,,,,,,,,,,,,,,,,,,,,,,,,,,,,,,,,2023-10-19 11:06:16.999000,,,,,,,,W,,,,,,,,,,2000,,,,,,,,2021-10-15,2099-12-31,,,,,0,,
13781,,005068925,13781,005068925,,RTCS,เครือวรรณ บุญเผือก,1953-02-28,3102002882570,,,,,,,,,,,,,,,,,,,,,,,,,,,,,,,,2023-10-19 11:06:18,,,,,,,,W,,,,,,,,,,2000,,,,,,,,2021-10-18,2099-12-31,,,,,0,,
13781,,003427547,13781,003427547,,RTCS,ขวัญชัย วงษ์น้อย,1961-01-02,3160101793468,,,,,,,,,,,,,,,,,,,,,,,,,,,,,,,,2023-10-19 11:06:19,,,,,,,,W,,,,,,,,,,2000,,,,,,,,2021-10-18,2099-12-31,,,,,0,,
13781,,005489085,13781,005489085,,RTSS,วรรณา แซ่ลี้,,3101701412881,,,,2,,,,,,,,,,,,,,,,,,,,,,,,,,,,2021-10-20 06:56:24.998000,,,,,,,,,,,,,,,SSKPDL3B,HD,HD,1500,,2,,,,,,2017-10-14,,,,,,0,,
13781,,005467558,13781,005467558,,RTCS,ภัทริน ขมิ้นทอง,1984-10-09,1739900034521,,,,,,,,,,,,,,,,,,,,,,,,,,,,,,,,2023-11-08 15:19:00,,,,,,,,W,,,,,,,,,,2000,,,,,,,,2021-10-20,2099-12-31,,,,,0,,
13781,,004005548,13781,004005548,,RTCS,ชัยวัฒน์ แต้ไพสิฐพงษ์,1935-02-11,3199900399394,,,,,,,,,,,,,,,,,,,,,,,,,,,,,,,,2023-07-19 09:39:10,,,D,,E,,,W,,,,,,,,,,2000,,,,,,,,2021-10-20,2023-07-18,,,,,0,,
13781,,005791895,13781,005791895,,RTCS,เรวัต กำพล,1950-08-31,3610200105832,,,,,,,,,,,,,,,,,,,,,,,,,,,,,,,,2023-08-04 13:09:56,,,D,,E,,,W,,,,,,,,,,2000,,,,,,,,2021-10-20,2023-08-03,,,,,0,,
13781,,005877410,13781,005877410,,RTSS,อำนวยสุข ขาวผ่อง,1967-07-01,3800401126410,,,,1,,,,,,,,,,,,,,,,,,,,,,,,,,,,2023-02-18 22:12:27.998000,,,D,,E,,,,,,,,,,SSDLB4YP,HD,HD,1500,,2,,,,,,2020-08-01,2022-03-29,,,,,0,,
13781,02,005633377,13781,005633377,,RTCS,เกียรติศักดิ์ จารุสินธ์ชัย,1950-08-16,3101202705344,,,,,,,,,,,,,,,,,,,,,,,,,,,,,,,,2023-05-08 08:15:37,,,,,E,,,W,,,,,,,,,,2000,,,,,,,,2021-10-27,2022-09-30,,,,,0,,
13781,,005334082,13781,005334082,,RTCS,ประจวบ กุญแจทอง,1954-08-17,3760400118040,,,,,,,,,,,,,,,,,,,,,,,,,,,,,,,,2023-11-08 15:19:02.998000,,,,,,,,W,,,,,,,,,,2000,,,,,,,,2021-10-28,2099-12-31,,,,,0,,
13781,,005312059,13781,005312059,,RTCS,ชไมพร จันทรัศมี,1940-11-10,3940400032691,,,,,,,,,,,,,,,,,,,,,,,,,,,,,,,,2023-05-08 08:16:43,,,,,E,,,W,,,,,,,,,,2000,,,,,,,,2021-11-03,2023-05-03,,,,,0,,
13781,,005697488,13781,005697488,,RTCS,บุญรอด อิ่นคำ,1963-04-15,3102002879854,,,,,,,,,,,,,,,,,,,,,,,,,,,,,,,,2023-10-04 09:50:13.998000,,,O,,E,,,W,,,,,,,,,,2000,,,,,,,,2021-11-05,2023-10-03,,,,,0,,
13781,,005427463,13781,005427463,,RTSS,สุรศักดิ์ รังษีสม,,3489900007205,,,,1,,,,,,,,,,,,,,,,,,,,,,,,,,,,2021-11-09 09:21:18.999000,,,,,,,,,,,,,,,SSIMY2SG,HD,HD,1500,,2,,,,,,2018-05-30,,,,,,0,,
13781,,004879327,13781,004879327,,RTCS,ชนิดา ทรัพย์แหยม,1955-04-01,3102201149228,,,,,,,,,,,,,,,,,,,,,,,,,,,,,,,,2021-11-09 09:41:07,,,,,,,,W,,,,,,,,,,2000,,,,,,,,2021-11-09,2099-12-31,,,,,0,,
13781,,004511107,13781,004511107,,RTCS,ลำเพย จันทร์ชุ่ม,1953-01-01,3100905042607,,,,,,,,,,,,,,,,,,,,,,,,,,,,,,,,2023-05-08 08:16:02.999000,,,,,E,,,W,,,,,,,,,,2000,,,,,,,,2021-11-09,2022-09-30,,,,,0,,
13781,,005516509,13781,005516509,,RTSS,สมัย พรมเดื่อ,1961-07-21,3360400426945,,,,1,,,,,,,,,,,,,,,,,,,,,,,,,,,,2022-07-04 23:34:07,,,,,,,,,,,,,,,SSEGRM8C,HD,HD,1500,,2,,,,,,2019-02-08,,,,,,0,,
13781,,004751902,13781,004751902,,RTCS,พลอย เพชรแย้ม,1953-08-21,3760100204021,,,,,,,,,,,,,,,,,,,,,,,,,,,,,,,,2021-11-10 14:56:07,,,,,,,,W,,,,,,,,,,2000,,,,,,,,2021-11-10,2099-12-31,,,,,0,,
13781,,002920290,13781,002920290,,RTCS,ภรณี เพชรแก้ว,1940-04-07,3102400103261,,,,,,,,,,,,,,,,,,,,,,,,,,,,,,,,2021-12-07 09:18:32,,,W,,E,,,W,,,,,,,,,,2000,,,,,,,,2021-11-12,2021-12-03,,,,,0,,
13781,,001278580,13781,001278580,,RTCS,อมรรัตน์ จิตต์เจริญ,1937-06-09,3120101552347,,,,,,,,,,,,,,,,,,,,,,,,,,,,,,,,2024-08-07 09:27:36.999000,,,D,,E,,,W,,,,,,,,,,2000,,,,,,,,2021-11-12,2024-07-22,,,,,0,,
13781,,004045002,13781,004045002,,RTSS,ครรชิต ทองไพจิตร,,3240100551249,,,,1,,,,,,,,,,,,,,,,,,,,,,,,,,,,2021-11-13 18:15:13.998000,,,,,,,,,,,,,,,SSBNYO33,HD,HD,1500,,2,,,,,,2012-10-15,,,,,,0,,
13781,,000012478,13781,000012478,,RTCS,นงลักษณ์ ธูปะคุปต์,1947-02-10,3101401121521,,,,,,,,,,,,,,,,,,,,,,,,,,,,,,,,2023-09-19 10:34:24,,,D,,E,,,W,,,,,,,,,,2000,,,,,,,,2021-11-15,2023-09-18,,,,,0,,
13781,,002295395,13781,002295395,,RTCS,ชนานันต์ วันแอเลาะ,1961-03-17,3100100852118,,,,,,,,,,,,,,,,,,,,,,,,,,,,,,,,2023-12-06 10:32:33,,,,,,,,W,,,,,,,,,,2000,,,,,,,,2021-11-18,2099-12-31,,,,,0,,
13781,,005610071,13781,005610071,,RTCS,ศิริยา จักรวิวัฒนากุล,1969-09-11,8102100002761,,,,,,,,,,,,,,,,,,,,,,,,,,,,,,,,2023-12-06 10:32:34,,,,,,,,W,,,,,,,,,,2000,,,,,,,,2021-11-19,2099-12-31,,,,,0,,
13781,02,004979764,13781,004979764,,RTCS,มงคล โสมเกษตรินทร์,1943-12-03,3469900018762,,,,,,,,,,,,,,,,,,,,,,,,,,,,,,,,2023-12-06 10:32:35,,,,,,,,W,,,,,,,,,,2000,,,,,,,,2021-11-23,2099-12-31,,,,,0,,
13781,02,002201902,13781,002201902,,RTSS,ปรีชา บรรจงการ,1962-12-03,3130100118074,,,,1,,,,,,,,,,,,,,,,,,,,,,,,,,,,2023-06-21 08:43:56.998000,,,,,,,,,,,,,,,SSH9NF25,HD,HD,1500,,2,,,,,,2019-11-11,,,,,,0,,
13781,,004680132,13781,004680132,,RTCS,พงษ์ไทย เรืองวิจิตร,1967-04-29,3730500646307,,,,,,,,,,,,,,,,,,,,,,,,,,,,,,,,2023-12-06 10:32:37.998000,,,,,,,,W,,,,,,,,,,2000,,,,,,,,2021-11-26,2099-12-31,,,,,0,,
13781,,002824457,13781,002824457,,RTCS,ชนิดา ติ่งเพ็ชร,1949-05-01,3100600893638,,,,,,,,,,,,,,,,,,,,,,,,,,,,,,,,2022-04-19 09:55:58,,,W,,E,,,W,,,,,,,,,,2000,,,,,,,,2021-11-26,2022-04-18,,,,,0,,
13781,02,002980583,13781,002980583,,RTSS,วราภรณ์ สุขพึ่งธรรม,,3101800742634,,,,2,,,,,,,,,,,,,,,,,,,,,,,,,,,,2021-11-30 18:22:39.998000,,,,,,,,,,,,,,,SSMTM3YZ,HD,HD,1500,,2,,,,,,2021-09-08,,,,,,0,,
13781,,002021931,13781,002021931,,RTCS,วิชัย พูนพัฒน์พิบูลย์,1929-12-21,3101600564813,,,,,,,,,,,,,,,,,,,,,,,,,,,,,,,,2022-04-19 09:55:58,,,W,,E,,,W,,,,,,,,,,2000,,,,,,,,2021-12-01,2022-04-18,,,,,0,,
13781,,005735512,13781,005735512,,RTCS,สุทิน ภิญญากรณ์,1959-09-05,3200100982100,,,,,,,,,,,,,,,,,,,,,,,,,,,,,,,,2023-12-06 10:32:42,,,,,,,,W,,,,,,,,,,2000,,,,,,,,2021-12-03,2099-12-31,,,,,0,,
13781,,004667215,13781,004667215,,RTSS,วาสนา ข้าวบัว,,3100900965341,,,,2,,,,,,,,,,,,,,,,,,,,,,,,,,,,2021-12-04 08:58:57,,,,,,,,,,,,,,,SSA3PVTS,HD,HD,1500,,2,,,,,,2021-04-28,,,,,,0,,
13781,,005667932,13781,005667932,,RTSS,สมเกียรติ์ นาคปัด,1979-01-17,5250800030329,,,,1,,,,,,,,,,,,,,,,,,,,,,,,,,,,2023-03-03 15:52:42.999000,,,S,,E,,,,,,,,,,SSJ0XRJ4,HD,HD,1500,,2,,,,,,2018-10-01,2023-02-28,,,,,0,,
13781,,002588581,13781,002588581,,RTCS,วัน มั่นยวน,1933-01-01,3530800194764,,,,,,,,,,,,,,,,,,,,,,,,,,,,,,,,2022-06-20 15:37:20.998000,,,W,,E,,,W,,,,,,,,,,2000,,,,,,,,2021-12-09,2022-06-18,,,,,0,,
13781,02,003460994,13781,003460994,,RTCS,ละเอียด อุทิศ,1946-07-21,3239900031612,,,,,,,,,,,,,,,,,,,,,,,,,,,,,,,,2023-12-19 00:00:00,,,,,,,,W,,,,,,,,,,2000,,,,,,,,2021-12-09,2099-12-31,,,,,0,,
13781,,005891101,13781,005891101,,RTCS,มณฑา ประพันธ์เนติวุฒิ,1946-07-05,3100100888732,,,,,,,,,,,,,,,,,,,,,,,,,,,,,,,,2025-10-03 13:20:33,,,D,,E,,,W,,,,,,,,,,2000,,,,,,,,2021-12-09,2025-09-29,,,,,0,,
13781,,005007000,13781,005007000,,RTCS,จำรัส พรหมมายน,1951-02-05,3120100952805,,,,,,,,,,,,,,,,,,,,,,,,,,,,,,,,2024-04-24 08:26:59,,,D,,E,,,W,,,,,,,,,,2000,,,,,,,,2021-12-13,2024-04-08,,,,,0,,
13781,02,005295701,13781,005295701,,RTCS,สุชิต ทับไทร,1970-04-24,3810200155595,,,,,,,,,,,,,,,,,,,,,,,,,,,,,,,,2023-12-19 00:00:00,,,,,,,,W,,,,,,,,,,2000,,,,,,,,2021-12-14,2099-12-31,,,,,0,,
13781,,005621527,13781,005621527,,RTSS,SON CHHAN,1979-04-20,0010341191647,,,,1,,,,,,,,,,,,,,,,,,,,,,,,,,,,2022-08-18 09:45:47.999000,,,D,,E,,,,,,,,,,SSI9QRJO,HD,HD,1500,,2,,,,,,2019-07-07,2022-03-24,,,,,0,,
13781,,003243451,13781,003243451,,RTCS,บุญอยู่ บุญคง,1939-05-12,3100602628214,,,,,,,,,,,,,,,,,,,,,,,,,,,,,,,,2024-06-18 15:01:55,,,D,,E,,,W,,,,,,,,,,2000,,,,,,,,2021-12-17,2024-06-17,,,,,0,,
13781,02,003864661,13781,003864661,,RTCS,วิเชียร อิ่มทรัพย์,1948-11-04,3159800029251,,,,,,,,,,,,,,,,,,,,,,,,,,,,,,,,2023-05-08 08:16:09.999000,,,,,E,,,W,,,,,,,,,,2000,,,,,,,,2021-12-17,2022-09-30,,,,,0,,
13781,,005569444,13781,005569444,,RTSS,ศราชันย์ ส้มเกลี้ยงเจริญ,1971-11-20,3209600357652,,,,1,,,,,,,,,,,,,,,,,,,,,,,,,,,,2023-12-06 10:08:36.998000,,,,,,,,,,,,,,,SSJR36CE,HD,HD,1500,,2,,,,,,2020-02-21,,,,,,0,,
13781,,005896537,13781,005896537,,RTSS,ณัฐกิตติ์ แววปัญญาศิลป์,1977-07-24,3219900088673,,,,1,,,,,,,,,,,,,,,,,,,,,,,,,,,,2025-01-21 11:38:56,,,S,,E,,,,,,,,,,SSJBLM6U,HD,HD,1500,,2,,,,,,2019-09-06,2025-01-11,,,,,0,,
13781,,001655645,13781,001655645,,RTCS,ณัฐพิชญ์ พิชิตณรงค์ชัย,1952-03-08,3102002732209,,,,,,,,,,,,,,,,,,,,,,,,,,,,,,,,2023-05-19 12:34:00.998000,,,,,E,,,W,,,,,,,,,,2000,,,,,,,,2021-12-22,2023-05-18,,,,,0,,
13781,,005889890,13781,005889890,,RTCS,สมชาย ฝ่าพิมาย,1972-07-31,3100202457943,,,,,,,,,,,,,,,,,,,,,,,,,,,,,,,,2022-09-07 08:29:25,,,W,,E,,,W,,,,,,,,,,2000,,,,,,,,2021-12-23,2022-09-03,,,,,0,,
13781,,004979986,13781,004979986,,RTCS,นภชนก วีรชาติเมธี,1979-05-11,3501100416269,,,,,,,,,,,,,,,,,,,,,,,,,,,,,,,,2024-01-02 11:23:23,,,,,,,,W,,,,,,,,,,2000,,,,,,,,2021-12-23,2099-12-31,,,,,0,,
13781,,004236425,13781,004236425,,RTCS,สุพิทย์ อำนวย,1948-06-07,3100200937701,,,,,,,,,,,,,,,,,,,,,,,,,,,,,,,,2024-01-02 11:23:24,,,,,,,,W,,,,,,,,,,2000,,,,,,,,2021-12-23,2099-12-31,,,,,0,,
13781,,005778489,13781,005778489,,RTSS,พงษ์สันต์ สันติเลขวงษ์,,3250100576951,,,,1,,,,,,,,,,,,,,,,,,,,,,,,,,,,2021-12-23 16:54:42,,,,,,,,,,,,,,,SSAKQZSK,HD,HD,1500,,2,,,,,,2012-10-15,,,,,,0,,
13781,,005296568,13781,005296568,,RTSS,สุนทร แก้วสง่า,1965-04-28,3240800035863,,,,1,,,,,,,,,,,,,,,,,,,,,,,,,,,,2023-10-04 13:08:59,,,S,,E,,,,,,,,,,SSDHXXG8,HD,HD,1500,,2,,,,,,2017-03-04,2023-09-30,,,,,0,,
13781,,004870934,13781,004870934,,RTCS,ศักดิ์ชัย วงษ์อนุ,1966-11-14,3180200105560,,,,,,,,,,,,,,,,,,,,,,,,,,,,,,,,2024-01-02 11:23:25.998000,,,,,,,,W,,,,,,,,,,2000,,,,,,,,2021-12-27,2099-12-31,,,,,0,,
13781,,003520971,13781,003520971,,RTCS,นางบับภา สุภะกรรม,1938-06-01,3310200498136,,,,,,,,,,,,,,,,,,,,,,,,,,,,,,,,2023-03-22 15:22:09.998000,,,D,,E,,,W,,,,,,,,,,2000,,,,,,,,2021-12-28,2023-02-18,,,,,0,,
13781,,002683775,13781,002683775,,RTCS,สุวลี เสือสกุล,1935-04-01,3729900046097,,,,,,,,,,,,,,,,,,,,,,,,,,,,,,,,2022-05-20 14:08:14.999000,,,W,,E,,,W,,,,,,,,,,2000,,,,,,,,2021-12-28,2022-05-18,,,,,0,,
13781,,003973050,13781,003973050,,RTCS,พัชรา สังเผือก,1963-08-25,3120600066383,,,,,,,,,,,,,,,,,,,,,,,,,,,,,,,,2022-03-21 10:14:27.998000,,,W,,E,,,W,,,,,,,,,,2000,,,,,,,,2021-12-28,2022-03-18,,,,,0,,
13781,,003079314,13781,003079314,,RTCS,ชาญ จรรยาวนิชย์,1948-07-29,3100701093203,,,,,,,,,,,,,,,,,,,,,,,,,,,,,,,,2024-01-02 11:23:30,,,,,,,,W,,,,,,,,,,2000,,,,,,,,2021-12-29,2099-12-31,,,,,0,,
13781,,005774735,13781,005774735,,RTCS,พูนศักดิ์ ทองภาษี,1960-09-23,3100900998311,,,,,,,,,,,,,,,,,,,,,,,,,,,,,,,,2022-05-05 09:27:10,,,W,,E,,,W,,,,,,,,,,2000,,,,,,,,2021-12-30,2022-05-03,,,,,0,,
13781,,005465945,13781,005465945,,RTCS,อนุสรณ์ เพียรพิทักษ์,1968-04-22,5100599065800,,,,,,,,,,,,,,,,,,,,,,,,,,,,,,,,2024-01-02 11:23:30,,,,,,,,W,,,,,,,,,,2000,,,,,,,,2021-12-30,2099-12-31,,,,,0,,
13781,,005898600,13781,005898600,,RTCS,บรรจบ วาณิชวิทยกุล,1933-04-01,3200101195209,,,,,,,,,,,,,,,,,,,,,,,,,,,,,,,,2022-03-21 10:14:41.998000,,,W,,E,,,W,,,,,,,,,,2000,,,,,,,,2021-12-30,2022-03-18,,,,,0,,
13781,02,004256152,13781,004256152,,RTCS,พินิจ เงินเกิด,1961-12-06,4100800006889,,,,,,,,,,,,,,,,,,,,,,,,,,,,,,,,2024-01-02 11:23:31,,,,,,,,W,,,,,,,,,,2000,,,,,,,,2021-12-30,2099-12-31,,,,,0,,
13781,,003873721,13781,003873721,,RTCS,เถลิง รัตนวงค์,1963-10-13,3490500313408,,,,,,,,,,,,,,,,,,,,,,,,,,,,,,,,2023-05-08 08:15:31.998000,,,,,E,,,W,,,,,,,,,,2000,,,,,,,,2022-01-04,2022-09-30,,,,,0,,
13781,,003195091,13781,003195091,,RTCS,ชกเอง แซ่กัง,1936-01-01,3779900037667,,,,,,,,,,,,,,,,,,,,,,,,,,,,,,,,2023-06-07 11:24:00,,,,,E,,,W,,,,,,,,,,2000,,,,,,,,2022-01-04,2023-06-03,,,,,0,,
13781,,004263508,13781,004263508,,RTSS,วัชทนะ รัตนบุรี,,3800900898060,,,,1,,,,,,,,,,,,,,,,,,,,,,,,,,,,2022-01-06 15:01:45.998000,,,,,,,,,,,,,,,SSBV4RR5,HD,HD,1500,,2,,,,,,2012-10-15,,,,,,0,,
13781,02,003692512,13781,003692512,,RTCS,ประเสริฐ แย้มเมฆ,1958-12-17,3619900051865,,,,,,,,,,,,,,,,,,,,,,,,,,,,,,,,2024-01-18 15:21:08,,,,,,,,W,,,,,,,,,,2000,,,,,,,,2022-01-12,2099-12-31,,,,,0,,
13781,,003493045,13781,003493045,,RTSS,โสชญาณัฏฐ์ อุปลวัณณา,1964-02-11,3540300104529,,,,2,,,,,,,,,,,,,,,,,,,,,,,,,,,,2024-09-02 20:53:46,,,S,,E,,,,,,,,,,SSGUDLK1,HD,HD,1500,,2,,,,,,2012-10-15,2024-08-28,,,,,0,,
13781,,005601396,13781,005601396,,RTCS,เกษรินทร์ แก้วนาม,1981-09-20,3840100413916,,,,,,,,,,,,,,,,,,,,,,,,,,,,,,,,2024-01-18 15:21:08.998000,,,,,,,,W,,,,,,,,,,2000,,,,,,,,2022-01-17,2099-12-31,,,,,0,,
13781,,005897627,13781,005897627,,RTCS,สมจิตต์ เลี้ยงเจริญ,1939-02-28,3130200190966,,,,,,,,,,,,,,,,,,,,,,,,,,,,,,,,2024-01-18 15:21:08.998000,,,,,,,,W,,,,,,,,,,2000,,,,,,,,2022-01-17,2099-12-31,,,,,0,,
13781,,005300596,13781,005300596,,RTCS,สุรเทพ สงวนวนชาติ,1947-10-01,3600800084372,,,,,,,,,,,,,,,,,,,,,,,,,,,,,,,,2022-07-20 10:41:37.998000,,,W,,E,,,W,,,,,,,,,,2000,,,,,,,,2022-01-17,2022-07-18,,,,,0,,
13781,,005491029,13781,005491029,,RTSS,อังคณา อักษรสารสิทธิ์,,3610400246791,,,,2,,,,,,,,,,,,,,,,,,,,,,,,,,,,2022-01-19 07:02:52,,,,,,,,,,,,,,,SSCGXX3U,HD,HD,1500,,2,,,,,,2016-11-14,,,,,,0,,
13781,,005379364,13781,005379364,,RTSS,สุขสันติ วงศ์ปิยะไพบูลย์,,3102101268152,,,,1,,,,,,,,,,,,,,,,,,,,,,,,,,,,2022-01-19 17:32:25.998000,,,,,,,,,,,,,,,SSJK1S8K,HD,HD,1500,,2,,,,,,2013-02-20,,,,,,0,,
13781,,003322106,13781,003322106,,RTCS,คำ เรียบร้อย,1943-05-24,3320800121483,,,,,,,,,,,,,,,,,,,,,,,,,,,,,,,,2025-12-19 09:47:04,,,D,,E,,,W,,,,,,,,,,2000,,,,,,,,2022-01-20,2025-12-15,,,,,0,,
13781,,004376060,13781,004376060,,RTCS,ประกอบ วิกัยกิจ,1937-10-10,3102101617840,,,,,,,,,,,,,,,,,,,,,,,,,,,,,,,,2023-01-04 13:16:31,,,D,,E,,,W,,,,,,,,,,2000,,,,,,,,2022-01-20,2023-01-03,,,,,0,,
13781,,004244670,13781,004244670,,RTCS,ประจบ สรรพชัย,1934-08-16,3100502014001,,,,,,,,,,,,,,,,,,,,,,,,,,,,,,,,2025-11-05 09:52:02.998000,,,D,,E,,,W,,,,,,,,,,2000,,,,,,,,2022-01-21,2025-11-03,,,,,0,,
13781,,002037056,13781,002037056,,RTCS,สมบัติ จับชุน,1964-11-25,3740300465309,,,,,,,,,,,,,,,,,,,,,,,,,,,,,,,,2022-11-22 09:11:47.999000,,,D,,E,,,W,,,,,,,,,,2000,,,,,,,,2022-01-24,2022-11-18,,,,,0,,
13781,,002306373,13781,002306373,,RTCS,อัชฌ์ รัตนจันทร์,1945-05-16,3100905669171,,,,,,,,,,,,,,,,,,,,,,,,,,,,,,,,2023-09-19 10:34:34.998000,,,D,,E,,,W,,,,,,,,,,2000,,,,,,,,2022-01-24,2023-09-18,,,,,0,,
13781,02,004099827,13781,004099827,,RTCS,รำไพ วิริยะปรีชา,1948-10-30,3100903154131,,,,,,,,,,,,,,,,,,,,,,,,,,,,,,,,2023-05-08 08:15:46.998000,,,,,E,,,W,,,,,,,,,,2000,,,,,,,,2022-01-24,2022-09-30,,,,,0,,
13781,,004088638,13781,004088638,,RTCS,ไสว ระงับภัย,1956-03-15,3330800324791,,,,,,,,,,,,,,,,,,,,,,,,,,,,,,,,2024-02-02 13:02:23,,,,,,,,W,,,,,,,,,,2000,,,,,,,,2022-01-31,2099-12-31,,,,,0,,
13781,,004546462,13781,004546462,,RTCS,สุทัศน์ โพคณารักษ์,1949-01-01,3149900548101,,,,,,,,,,,,,,,,,,,,,,,,,,,,,,,,2024-01-19 08:42:35.998000,,,D,,E,,,W,,,,,,,,,,2000,,,,,,,,2022-02-01,2024-01-08,,,,,0,,
13781,,004920524,13781,004920524,,"RTSS,RTSS",กัญญาศิริ มั่นคงหัตถ์,,1101401401811,,,,2,,,,,,,,,,,,,,,,,,,,,,,,,,,,2023-05-04 08:38:16.998000,,,,,,,,,,,,,,,SSDINTQQ,HD,HD,1500,,1,,,,,,2015-09-22,,,,,,0,,
13781,,001735867,13781,001735867,,RTCS,ซ่อนม่วย กนกวรรณรัตน์,1929-04-01,3100203601011,,,,,,,,,,,,,,,,,,,,,,,,,,,,,,,,2024-02-20 08:55:08,,,,,,,,W,,,,,,,,,,2000,,,,,,,,2022-02-03,2099-12-31,,,,,0,,
13781,,005908603,13781,005908603,,RTCS,สาริศา หนูขาว,2013-08-15,1209702831136,,,,,,,,,,,,,,,,,,,,,,,,,,,,,,,,2024-02-20 08:55:09,,,,,,,,W,,,,,,,,,,2000,,,,,,,,2022-02-03,2099-12-31,,,,,0,,
13781,02,004056415,13781,004056415,,RTCS,สมภพ ศิริพรอมาตย์,1959-08-24,3110401039475,,,,,,,,,,,,,,,,,,,,,,,,,,,,,,,,2024-02-20 08:55:09,,,,,,,,W,,,,,,,,,,2000,,,,,,,,2022-02-04,2099-12-31,,,,,0,,
13781,,004087080,13781,004087080,,RTCS,ส้มเช้า ยังแหยม,1942-01-01,3180400358160,,,,,,,,,,,,,,,,,,,,,,,,,,,,,,,,2024-02-20 08:55:09,,,,,,,,W,,,,,,,,,,2000,,,,,,,,2022-02-04,2099-12-31,,,,,0,,
13781,,004895062,13781,004895062,,RTCS,ศุภร ศรีแสน,1939-04-01,3449900160216,,,,,,,,,,,,,,,,,,,,,,,,,,,,,,,,2024-02-20 08:55:10.998000,,,,,,,,W,,,,,,,,,,2000,,,,,,,,2022-02-08,2099-12-31,,,,,0,,
13781,,005519768,13781,005519768,,RTCS,ปราณี หารต๊ะ,1961-03-25,3550600165841,,,,,,,,,,,,,,,,,,,,,,,,,,,,,,,,2024-02-20 08:55:11.998000,,,,,,,,W,,,,,,,,,,2000,,,,,,,,2022-02-09,2099-12-31,,,,,0,,
13781,,002482720,13781,002482720,,RTCS,เยาวลักษณ์ สนทิม,1946-11-06,4100500030628,,,,,,,,,,,,,,,,,,,,,,,,,,,,,,,,2022-04-19 09:55:55.999000,,,W,,E,,,W,,,,,,,,,,2000,,,,,,,,2022-02-09,2022-04-18,,,,,0,,
13781,02,003639828,13781,003639828,,RTCS,สุธี วิวัธวานนท์,1935-01-01,3100602126111,,,,,,,,,,,,,,,,,,,,,,,,,,,,,,,,2025-10-03 13:20:36,,,D,,E,,,W,,,,,,,,,,2000,,,,,,,,2022-02-09,2025-09-22,,,,,0,,
13781,,005887537,13781,005887537,,RTCS,สมชาย รวยอารี,1948-08-10,3110401346734,,,,,,,,,,,,,,,,,,,,,,,,,,,,,,,,2023-05-08 08:15:35,,,,,E,,,W,,,,,,,,,,2000,,,,,,,,2022-02-10,2023-05-03,,,,,0,,
13781,,002885870,13781,002885870,,RTCS,ชุติมา ชายพรม,1964-05-09,3809700147441,,,,,,,,,,,,,,,,,,,,,,,,,,,,,,,,2022-07-20 10:41:01.998000,,,W,,E,,,W,,,,,,,,,,2000,,,,,,,,2022-02-15,2022-07-03,,,,,0,,
13781,,005809603,13781,005809603,,RTSS,สุรศักดิ์ ก้อนคำ,1967-06-30,3570400323761,,,,1,,,,,,,,,,,,,,,,,,,,,,,,,,,,2024-10-18 08:45:31,,,D,,E,,,,,,,,,,SSJZX14K,HD,HD,1500,,2,,,,,,2020-12-02,2024-10-11,,,,,0,,
13781,,005386856,13781,005386856,,RTCS,เล็ก เทียนก้อน,1945-06-12,3100600062591,,,,,,,,,,,,,,,,,,,,,,,,,,,,,,,,2022-04-19 09:55:55.999000,,,W,,E,,,W,,,,,,,,,,2000,,,,,,,,2022-02-21,2022-04-18,,,,,0,,
13781,,003377148,13781,003377148,,RTCS,ยุวดี จารุพงศ์,1981-05-19,3250100714164,,,,,,,,,,,,,,,,,,,,,,,,,,,,,,,,2024-03-07 14:07:42.998000,,,,,,,,W,,,,,,,,,,2000,,,,,,,,2022-02-23,2099-12-31,,,,,0,,
13781,,005389511,13781,005389511,,RTCS,ศศิญา ถาวระ,1955-07-23,3101700642344,,,,,,,,,,,,,,,,,,,,,,,,,,,,,,,,2023-01-20 13:59:34.998000,,,,,E,,,W,,,,,,,,,,2000,,,,,,,,2022-02-24,2023-01-18,,,,,0,,
13781,,005268039,13781,005268039,,RTCS,สำรวย พุทธรักษา,1950-06-02,3600900592302,,,,,,,,,,,,,,,,,,,,,,,,,,,,,,,,2024-03-07 14:07:43.998000,,,,,,,,W,,,,,,,,,,2000,,,,,,,,2022-02-24,2099-12-31,,,,,0,,
13781,,004320793,13781,004320793,,RTCS,วันเพ็ญ ปราชญ์ปิติ,1939-06-26,3100100504632,,,,,,,,,,,,,,,,,,,,,,,,,,,,,,,,2022-04-19 09:55:55.999000,,,W,,E,,,W,,,,,,,,,,2000,,,,,,,,2022-02-25,2022-04-18,,,,,0,,
13781,,004797279,13781,004797279,,RTCS,วิสิฐ ตั้งปอง,1955-10-28,3920500001339,,,,,,,,,,,,,,,,,,,,,,,,,,,,,,,,2024-03-07 14:07:45.999000,,,,,,,,W,,,,,,,,,,2000,,,,,,,,2022-02-25,2099-12-31,,,,,0,,
13781,,002758407,13781,002758407,,RTCS,สรรพสิริ วันหนุน,1954-06-09,3100601622972,,,,,,,,,,,,,,,,,,,,,,,,,,,,,,,,2024-03-07 14:07:48,,,,,,,,W,,,,,,,,,,2000,,,,,,,,2022-02-28,2099-12-31,,,,,0,,
13781,,004394077,13781,004394077,,RTCS,บุญชอบ เลิศลอย,1936-02-19,3100601463718,,,,,,,,,,,,,,,,,,,,,,,,,,,,,,,,2025-05-20 15:37:39,,,D,,E,,,W,,,,,,,,,,2000,,,,,,,,2022-02-28,2025-05-12,,,,,0,,
13781,,003566402,13781,003566402,,RTSS,เยาวลักษณ์ ปฏิมาสุนทร,1952-11-25,3100800611326,,,,2,,,,,,,,,,,,,,,,,,,,,,,,,,,,2022-11-03 15:46:08.998000,,,D,,E,,,,,,,,,,SSCCDXG3,HD,HD,1500,,2,,,,,,2014-10-29,2022-09-12,,,,,0,,
13781,,004687815,13781,004687815,,RTCS,วีระวรรณ สมารังคสุต,1953-10-14,3489900224176,,,,,,,,,,,,,,,,,,,,,,,,,,,,,,,,2022-03-21 10:14:31,,,W,,E,,,W,,,,,,,,,,2000,,,,,,,,2022-03-01,2022-03-18,,,,,0,,
13781,,005848208,13781,005848208,,RTCS,ปัญญา คล้ายจันทร์,1951-06-20,3259900132591,,,,,,,,,,,,,,,,,,,,,,,,,,,,,,,,2024-09-03 14:18:41,,,D,,E,,,W,,,,,,,,,,2000,,,,,,,,2022-03-03,2024-08-26,,,,,0,,
13781,,005907234,13781,005907234,,RTCS,ประเทือง บินอุสมาน,1933-01-01,3102002882936,,,,,,,,,,,,,,,,,,,,,,,,,,,,,,,,2022-05-20 14:08:17,,,W,,E,,,W,,,,,,,,,,2000,,,,,,,,2022-03-04,2022-05-18,,,,,0,,
13781,02,002514990,13781,002514990,,RTSS,ชาคริต โรจนนิรันดร์,,3100202539061,,,,1,,,,,,,,,,,,,,,,,,,,,,,,,,,,2022-03-07 11:41:10,,,,,,,,,,,,,,,SSKOUJPZ,HD,HD,1500,,2,,,,,,2017-09-20,,,,,,0,,
13781,,001814411,13781,001814411,,RTCS,เรณู เปียซื่อ,1931-03-05,3100904483359,,,,,,,,,,,,,,,,,,,,,,,,,,,,,,,,2024-03-06 14:33:55.998000,,,D,,E,,,W,,,,,,,,,,2000,,,,,,,,2022-03-08,2024-03-04,,,,,0,,
13781,02,004337338,13781,004337338,,RTCS,ทวีรัตน์ แสงดี,1956-12-05,3101202579721,,,,,,,,,,,,,,,,,,,,,,,,,,,,,,,,2024-03-19 10:56:03,,,,,,,,W,,,,,,,,,,2000,,,,,,,,2022-03-11,2099-12-31,,,,,0,,
13781,,005006880,13781,005006880,,RTCS,ทรงวุฒิ คล้ายแท้,1973-06-03,4640400001711,,,,,,,,,,,,,,,,,,,,,,,,,,,,,,,,2023-01-20 14:05:29.998000,,,,,U,,,W,,,,,,,,,,2000,,,,,,,,2023-01-19,2099-12-31,,,,,0,,
13781,,005823326,13781,005823326,,RTCS,พีรพงษ์ สรรพพากย์พิสุทธิ์,1947-06-25,3101000211448,,,,,,,,,,,,,,,,,,,,,,,,,,,,,,,,2023-09-04 14:23:43,,,D,,E,,,W,,,,,,,,,,2000,,,,,,,,2022-03-16,2023-09-03,,,,,0,,
13781,02,002524172,13781,002524172,,RTSS,เที่ยงอิ๋ว แซ่ลอ,,3350400605751,,,,1,,,,,,,,,,,,,,,,,,,,,,,,,,,,2022-03-17 07:46:06.999000,,,,,,,,,,,,,,,SSD1X02R,HD,HD,1500,,2,,,,,,2018-05-24,,,,,,0,,
13781,,005909646,13781,005909646,,RTCS,วีระศักดิ์ นิยมศิลป์ชัย,1962-03-28,3150600178700,,,,,,,,,,,,,,,,,,,,,,,,,,,,,,,,2024-03-19 10:56:10,,,,,,,,W,,,,,,,,,,2000,,,,,,,,2022-03-18,2099-12-31,,,,,0,,
13781,,002409474,13781,002409474,,RTCS,ชาคริต พุทธสุวรรณ,1941-11-27,3260100551184,,,,,,,,,,,,,,,,,,,,,,,,,,,,,,,,2022-04-19 09:55:55.999000,,,W,,E,,,W,,,,,,,,,,2000,,,,,,,,2022-03-23,2022-04-18,,,,,0,,
13781,,005196247,13781,005196247,,RTCS,พัฒนศักดิ์ กรานเลิศ,1949-01-22,3120600932307,,,,,,,,,,,,,,,,,,,,,,,,,,,,,,,,2024-04-02 16:19:42,,,,,,,,W,,,,,,,,,,2000,,,,,,,,2022-03-23,2099-12-31,,,,,0,,
13781,,004598232,13781,004598232,,RTCS,สมใจ นิมิตบุญอนันต์,1946-12-25,3410102199991,,,,,,,,,,,,,,,,,,,,,,,,,,,,,,,,2022-04-19 09:55:55.999000,,,W,,E,,,W,,,,,,,,,,2000,,,,,,,,2022-03-29,2022-04-18,,,,,0,,
13781,,004749611,13781,004749611,,RTSS,รัตติยา นาขวัญ,1963-09-13,3220300556724,,,,2,,,,,,,,,,,,,,,,,,,,,,,,,,,,2025-08-05 15:19:10.998000,,,S,,E,,,,,,,,,,SSL8C8R9,HD,HD,1500,,2,,,,,,2013-06-01,2025-07-26,,,,,0,,
13781,,001910204,13781,001910204,,RTSS,วิบูลย์ศักดิ์ เหล่าบุศณ์อนันต์,1947-01-01,3119900694001,,,,1,,,,,,,,,,,,,,,,,,,,,,,,,,,,2025-06-12 09:51:03.998000,,,D,,E,,,,,,,,,,SSF60XAW,HD,HD,1500,,2,,,,,,2019-09-25,2025-05-12,,,,,0,,
13781,,001683113,13781,001683113,,RTCS,ฉาย ควรชม,1936-06-24,3101401798997,,,,,,,,,,,,,,,,,,,,,,,,,,,,,,,,2022-06-20 15:37:17,,,W,,E,,,W,,,,,,,,,,2000,,,,,,,,2022-04-04,2022-06-18,,,,,0,,
13781,02,003081204,13781,003081204,,RTCS,วิลาวัลย์ ดาราพงษ์,1941-01-01,5100899002382,,,,,,,,,,,,,,,,,,,,,,,,,,,,,,,,2024-04-17 15:32:42,,,,,,,,W,,,,,,,,,,2000,,,,,,,,2022-04-12,2099-12-31,,,,,0,,
13781,,003053173,13781,003053173,,RTCS,เสรี สัจจะพรเทพ,1953-05-31,3110101230986,,,,,,,,,,,,,,,,,,,,,,,,,,,,,,,,2024-04-17 15:32:44,,,,,,,,W,,,,,,,,,,2000,,,,,,,,2022-04-12,2099-12-31,,,,,0,,
13781,,004128378,13781,004128378,,RTCS,เกตุ จันทร์ฉวี,1943-01-01,3101701371867,,,,,,,,,,,,,,,,,,,,,,,,,,,,,,,,2023-05-08 08:16:38.998000,,,,,E,,,W,,,,,,,,,,2000,,,,,,,,2022-04-18,2022-09-30,,,,,0,,
13781,,004110090,13781,004110090,,RTCS,นเรศ เถินมงคล,1967-05-10,3360700075561,,,,,,,,,,,,,,,,,,,,,,,,,,,,,,,,2023-05-08 08:15:02.999000,,,,,E,,,W,,,,,,,,,,2000,,,,,,,,2022-04-18,2022-09-30,,,,,0,,
13781,,002893635,13781,002893635,,RTCS,อารมย์ ทองภูสวรรค์,1939-06-25,3259900074761,,,,,,,,,,,,,,,,,,,,,,,,,,,,,,,,2024-04-04 16:19:44,,,D,,E,,,W,,,,,,,,,,2000,,,,,,,,2022-04-18,2024-04-01,,,,,0,,
13781,,001634698,13781,001634698,,RTCS,สอิ้ง เพิ่มสุข,1955-03-18,3260400271675,,,,,,,,,,,,,,,,,,,,,,,,,,,,,,,,2024-05-06 09:19:27.999000,,,,,,,,W,,,,,,,,,,2000,,,,,,,,2022-04-25,2099-12-31,,,,,0,,
13781,,004175176,13781,004175176,,RTCS,สุชาดา สบเสถียร,1946-08-04,3100501908106,,,,,,,,,,,,,,,,,,,,,,,,,,,,,,,,2024-05-21 13:22:54,,,D,,E,,,W,,,,,,,,,,2000,,,,,,,,2022-04-25,2024-05-13,,,,,0,,
13781,02,005615589,13781,005615589,,RTCS,ทนิตา เสมาใหญ่,1986-07-06,1102000634289,,,,,,,,,,,,,,,,,,,,,,,,,,,,,,,,2024-05-06 09:19:29,,,,,,,,W,,,,,,,,,,2000,,,,,,,,2022-04-26,2099-12-31,,,,,0,,
13781,,005371493,13781,005371493,,RTCS,นงลักษณ์ ร่มรื่น,1928-04-01,3210200331801,,,,,,,,,,,,,,,,,,,,,,,,,,,,,,,,2022-07-20 10:41:43,,,W,,E,,,W,,,,,,,,,,2000,,,,,,,,2022-04-27,2022-07-18,,,,,0,,
13781,,002500784,13781,002500784,,RTCS,วิมล กันตชูเวสศิริ,1939-04-01,3101601051054,,,,,,,,,,,,,,,,,,,,,,,,,,,,,,,,2023-12-04 14:34:09,,,D,,E,,,W,,,,,,,,,,2000,,,,,,,,2022-04-27,2023-11-20,,,,,0,,
13781,,004677523,13781,004677523,,RTCS,ผล อินทร์มี,1950-01-01,3600100348105,,,,,,,,,,,,,,,,,,,,,,,,,,,,,,,,2023-05-08 08:16:02.999000,,,,,E,,,W,,,,,,,,,,2000,,,,,,,,2022-04-28,2022-09-30,,,,,0,,
13781,,002983115,13781,002983115,,RTCS,สุรพล งามวิไลรัตน์,1946-12-26,3100700183586,,,,,,,,,,,,,,,,,,,,,,,,,,,,,,,,2024-01-19 08:42:32,,,D,,E,,,W,,,,,,,,,,2000,,,,,,,,2022-05-02,2024-01-08,,,,,0,,
13781,02,002359079,13781,002359079,,RTCS,นิรมล ตนุนาถ,1949-02-13,3100100746466,,,,,,,,,,,,,,,,,,,,,,,,,,,,,,,,2024-05-06 09:19:31.998000,,,,,,,,W,,,,,,,,,,2000,,,,,,,,2022-05-02,2099-12-31,,,,,0,,
13781,,004538238,13781,004538238,,RTSS,สมมาตร์ สถาพรดำรงค์,1961-12-20,3100905274303,,,,1,,,,,,,,,,,,,,,,,,,,,,,,,,,,2022-08-18 09:45:54.999000,,,D,,E,,,,,,,,,,SSD00OUR,KT,KT,1500,,2,,,,,,2012-10-15,2022-07-24,,,,,0,,
13781,,005949720,13781,005949720,,RTCS,สกุลทิพย์ วังศิลาบัตร,1936-04-01,3140300286981,,,,,,,,,,,,,,,,,,,,,,,,,,,,,,,,2022-06-06 13:10:20,,,W,,E,,,W,,,,,,,,,,2000,,,,,,,,2022-05-05,2022-06-03,,,,,0,,
13781,,005882402,13781,005882402,,RTCS,สมศักดิ์ ขลุ่ยทอง,1964-10-28,3610400377097,,,,,,,,,,,,,,,,,,,,,,,,,,,,,,,,2022-06-20 15:37:07.999000,,,W,,E,,,W,,,,,,,,,,2000,,,,,,,,2022-05-09,2022-06-18,,,,,0,,
13781,,004842909,13781,004842909,,RTCS,พินิจ ทองแดง,1944-01-01,3209800019807,,,,,,,,,,,,,,,,,,,,,,,,,,,,,,,,2022-10-04 10:00:06.998000,,,W,,E,,,W,,,,,,,,,,2000,,,,,,,,2022-05-18,2022-10-03,,,,,0,,
13781,,005092879,13781,005092879,,RTCS,กัมปนาท พวงครามพันธุ์,1948-09-20,3100603221746,,,,,,,,,,,,,,,,,,,,,,,,,,,,,,,,2022-07-20 10:41:13,,,W,,E,,,W,,,,,,,,,,2000,,,,,,,,2022-05-18,2022-07-18,,,,,0,,
13781,,004115943,13781,004115943,,RTCS,อรุณี จิตต์โอภาส,1942-08-16,3102002574883,,,,,,,,,,,,,,,,,,,,,,,,,,,,,,,,2024-05-18 14:08:57.998000,,,,,,,,W,,,,,,,,,,2000,,,,,,,,2022-05-19,2099-12-31,,,,,0,,
13781,,005023244,13781,005023244,,RTCS,ธานินทร์ คงจรูญ,1973-10-27,3809800105830,,,,,,,,,,,,,,,,,,,,,,,,,,,,,,,,2024-06-04 14:55:32.998000,,,,,,,,W,,,,,,,,,,2000,,,,,,,,2022-05-20,2099-12-31,,,,,0,,
13781,,002969649,13781,002969649,,RTCS,สุรพล พึ่งธรรม,1951-07-22,3169900005841,,,,,,,,,,,,,,,,,,,,,,,,,,,,,,,,2024-06-04 14:55:32.998000,,,,,,,,W,,,,,,,,,,2000,,,,,,,,2022-05-20,2099-12-31,,,,,0,,
13781,,004521991,13781,004521991,,RTCS,อนันต์ เปาอินทร์,1941-12-01,3100101165289,,,,,,,,,,,,,,,,,,,,,,,,,,,,,,,,2022-06-20 15:37:11,,,W,,E,,,W,,,,,,,,,,2000,,,,,,,,2022-05-23,2022-06-18,,,,,0,,
13781,,004588894,13781,004588894,,RTCS,สมใจ ใจเย็น,1954-01-05,3230400106381,,,,,,,,,,,,,,,,,,,,,,,,,,,,,,,,2024-06-04 14:55:33.998000,,,,,,,,W,,,,,,,,,,2000,,,,,,,,2022-05-23,2099-12-31,,,,,0,,
13781,,004949276,13781,004949276,,RTSS,ธเนศร์ รจน์รังษี,,3760100105953,,,,1,,,,,,,,,,,,,,,,,,,,,,,,,,,,2022-05-23 17:58:15,,,D,,E,,,,,,,,,,SSHU40IJ,HD,HD,1500,,2,,,,,,2015-01-26,2022-07-31,,,,,0,,
13781,,002730324,13781,002730324,,RTCS,พัด พูขุนทด,1931-05-05,3100503191187,,,,,,,,,,,,,,,,,,,,,,,,,,,,,,,,2022-08-19 10:49:23,,,W,,E,,,W,,,,,,,,,,2000,,,,,,,,2022-05-24,2022-08-18,,,,,0,,
13781,,002831640,13781,002831640,,RTSS,วนิดา ธีรสวัสดิ์,1953-03-31,3120101284288,,,,2,,,,,,,,,,,,,,,,,,,,,,,,,,,,2023-08-21 11:53:41.998000,,,D,,E,,,,,,,,,,SSD1P8QD,HD,HD,1500,,2,,,,,,2021-06-13,2023-06-19,,,,,0,,
13781,02,004444659,13781,004444659,,RTCS,รัตนา กิจวรวาณิช,1953-08-14,3101700229269,,,,,,,,,,,,,,,,,,,,,,,,,,,,,,,,2025-06-18 14:57:38,,,D,,E,,,W,,,,,,,,,,2000,,,,,,,,2022-05-24,2025-06-16,,,,,0,,
13781,02,005690242,13781,005690242,,RTCS,เลื่อมฤทธิ์ สุกใส,1940-04-01,3100901080466,,,,,,,,,,,,,,,,,,,,,,,,,,,,,,,,2026-03-04 14:39:26,,,D,,E,,,W,,,,,,,,,,2000,,,,,,,,2022-05-26,2026-02-23,,,,,0,,
13781,,005875722,13781,005875722,,RTCS,สุรีรัตน์ พันธุกูล,1954-12-11,3409900746008,,,,,,,,,,,,,,,,,,,,,,,,,,,,,,,,2022-06-20 15:37:10,,,W,,E,,,W,,,,,,,,,,2000,,,,,,,,2022-05-30,2022-06-18,,,,,0,,
13781,,005346156,13781,005346156,,RTCS,มนตรี ปรมสกุล,1963-11-18,3219800039654,,,,,,,,,,,,,,,,,,,,,,,,,,,,,,,,2022-06-20 15:37:14.998000,,,W,,E,,,W,,,,,,,,,,2000,,,,,,,,2022-05-30,2022-06-18,,,,,0,,
13781,,004790674,13781,004790674,,RTCS,อรนุช เจียระสุพัฒน์,1966-08-01,3101800539855,,,,,,,,,,,,,,,,,,,,,,,,,,,,,,,,2023-01-20 13:59:32,,,D,,E,,,W,,,,,,,,,,2000,,,,,,,,2022-06-02,2023-01-18,,,,,0,,
13781,,005106573,13781,005106573,,RTCS,ไชยรัตน์ วัฒนาสุข,1936-11-12,3100504064952,,,,,,,,,,,,,,,,,,,,,,,,,,,,,,,,2023-01-04 13:16:32.998000,,,D,,E,,,W,,,,,,,,,,2000,,,,,,,,2022-06-06,2023-01-03,,,,,0,,
13781,,002326201,13781,002326201,,RTCS,สิงห์สำอางค์ มีทรัพย์,1944-06-26,3120600100123,,,,,,,,,,,,,,,,,,,,,,,,,,,,,,,,2024-02-19 10:10:25,,,D,,E,,,W,,,,,,,,,,2000,,,,,,,,2022-06-08,2024-02-05,,,,,0,,
13781,,005048660,13781,005048660,,RTCS,เชียร บุนนาค,1953-01-01,3100602706703,,,,,,,,,,,,,,,,,,,,,,,,,,,,,,,,2023-10-04 09:50:24,,,D,,E,,,W,,,,,,,,,,2000,,,,,,,,2022-06-08,2023-10-03,,,,,0,,
13781,,004686425,13781,004686425,,RTCS,ศรีสมศักดิ์ ศรีกนก,1953-03-30,3101401059281,,,,,,,,,,,,,,,,,,,,,,,,,,,,,,,,2023-12-19 12:29:59,,,D,,E,,,W,,,,,,,,,,2000,,,,,,,,2022-06-09,2023-12-04,,,,,0,,
13781,02,003236294,13781,003236294,,RTCS,สมชาย มรกตราภรณ์,1946-10-01,3101401329385,,,,,,,,,,,,,,,,,,,,,,,,,,,,,,,,2024-06-20 12:28:16,,,,,,,,W,,,,,,,,,,2000,,,,,,,,2022-06-09,2099-12-31,,,,,0,,
13781,,004131359,13781,004131359,,RTCS,ภาวิดา ม่วงสีไพล,1978-07-18,3520300415800,,,,,,,,,,,,,,,,,,,,,,,,,,,,,,,,2024-06-05 10:50:36,,,D,,E,,,W,,,,,,,,,,2000,,,,,,,,2022-06-10,2024-06-03,,,,,0,,
13781,,005923595,13781,005923595,,RTCS,กฤติญา ธีรวุฒิวรเวทย์,1950-07-22,3410100672290,,,,,,,,,,,,,,,,,,,,,,,,,,,,,,,,2024-06-20 12:28:36.999000,,,,,,,,W,,,,,,,,,,2000,,,,,,,,2022-06-10,2099-12-31,,,,,0,,
13781,,005452520,13781,005452520,,RTCS,อภิวัฒน์ พักตร์วงศ์สกุล,1958-03-26,3209900214130,,,,,,,,,,,,,,,,,,,,,,,,,,,,,,,,2022-10-04 10:00:09,,,W,,E,,,W,,,,,,,,,,2000,,,,,,,,2022-06-10,2022-10-03,,,,,0,,
13781,,004632570,13781,004632570,,RTCS,ประจวบ ช่างประดับ,1933-08-15,3170600084187,,,,,,,,,,,,,,,,,,,,,,,,,,,,,,,,2022-07-20 10:41:44.998000,,,W,,E,,,W,,,,,,,,,,2000,,,,,,,,2022-06-13,2022-07-03,,,,,0,,
13781,,005698526,13781,005698526,,RTCS,ชูศักดิ์ ม่วงพลับ,1958-11-07,3600500024986,,,,,,,,,,,,,,,,,,,,,,,,,,,,,,,,2022-12-21 08:11:53,,,D,,E,,,W,,,,,,,,,,2000,,,,,,,,2022-06-13,2022-12-18,,,,,0,,
13781,,003974465,13781,003974465,,RTCS,เหมี่ยวหงษ์ ทองกุลภัทร์,1948-05-04,3729900039899,,,,,,,,,,,,,,,,,,,,,,,,,,,,,,,,2024-06-20 12:29:40.998000,,,,,,,,W,,,,,,,,,,2000,,,,,,,,2022-06-15,2099-12-31,,,,,0,,
13781,,005186860,13781,005186860,,RTCS,บุปผา พวงวัธนชัย,1965-11-11,3720800538224,,,,,,,,,,,,,,,,,,,,,,,,,,,,,,,,2024-06-20 12:29:44,,,,,,,,W,,,,,,,,,,2000,,,,,,,,2022-06-15,2099-12-31,,,,,0,,
13781,,004017278,13781,004017278,,RTCS,สุชาติ จตุรพิธพร,1945-03-16,3101701266010,,,,,,,,,,,,,,,,,,,,,,,,,,,,,,,,2022-08-19 10:49:34.999000,,,W,,E,,,W,,,,,,,,,,2000,,,,,,,,2022-06-20,2022-08-18,,,,,0,,
13781,,002589004,13781,002589004,,RTCS,จำนงค์ สำแดงฤทธิ์,1935-11-26,3240500251358,,,,,,,,,,,,,,,,,,,,,,,,,,,,,,,,2022-07-20 10:41:15.998000,,,W,,E,,,W,,,,,,,,,,2000,,,,,,,,2022-06-20,2022-07-03,,,,,0,,
13781,,005715154,13781,005715154,,RTCS,ทัศนีย์ รัดคุ่ย,1977-02-28,3120100178051,,,,,,,,,,,,,,,,,,,,,,,,,,,,,,,,2024-07-01 21:49:50.998000,,,,,,,,W,,,,,,,,,,2000,,,,,,,,2022-06-24,2099-12-31,,,,,0,,
13781,,004875746,13781,004875746,,RTCS,ปราณี ธนาสมหวัง,1936-04-28,3101202007019,,,,,,,,,,,,,,,,,,,,,,,,,,,,,,,,2024-12-03 08:42:12.998000,,,D,,E,,,W,,,,,,,,,,2000,,,,,,,,2022-06-24,2024-12-02,,,,,0,,
13781,,002510005,13781,002510005,,RTCS,ลัดดา ไขศิลป์,1931-01-01,5100699032989,,,,,,,,,,,,,,,,,,,,,,,,,,,,,,,,2023-08-21 14:10:15,,,D,,E,,,W,,,,,,,,,,2000,,,,,,,,2022-06-27,2023-08-18,,,,,0,,
13781,,003970803,13781,003970803,,"RTSS,RTSS",ธัญลักษณ์ เจิมวิวัฒน์,,1100400421680,,,,2,,,,,,,,,,,,,,,,,,,,,,,,,,,,2022-11-02 09:22:46.998000,,,,,,,,,,,,,,,SSA5MZCB,HD,HD,1500,,2,,,,,,2022-02-14,,,,,,0,,
13781,,004319694,13781,004319694,,RTCS,กมล เพียรพิจิตร,1937-04-04,3100500133305,,,,,,,,,,,,,,,,,,,,,,,,,,,,,,,,2024-07-01 21:49:53,,,,,,,,W,,,,,,,,,,2000,,,,,,,,2022-06-27,2099-12-31,,,,,0,,
13781,,005248457,13781,005248457,,RTCS,รัฐศาสตร์ สีชุมภู,1989-04-17,1560100158874,,,,,,,,,,,,,,,,,,,,,,,,,,,,,,,,2024-07-01 21:49:53,,,,,,,,W,,,,,,,,,,2000,,,,,,,,2022-06-27,2099-12-31,,,,,0,,
13781,,005326545,13781,005326545,,RTCS,พิศนุ กิตติ์ชัยวัชร์,1961-02-10,3729900073264,,,,,,,,,,,,,,,,,,,,,,,,,,,,,,,,2024-07-01 21:49:55,,,,,,,,W,,,,,,,,,,2000,,,,,,,,2022-06-29,2099-12-31,,,,,0,,
13781,,004826105,13781,004826105,,RTCS,ณัฐนันท์ ปักษาทอง,1950-09-04,3101700236559,,,,,,,,,,,,,,,,,,,,,,,,,,,,,,,,2024-07-01 21:49:55,,,,,,,,W,,,,,,,,,,2000,,,,,,,,2022-06-29,2099-12-31,,,,,0,,
13781,,004674905,13781,004674905,,RTCS,ชาลี คัมภิรานนท์,1956-11-23,3301500757669,,,,,,,,,,,,,,,,,,,,,,,,,,,,,,,,2023-05-08 08:16:38.998000,,,,,E,,,W,,,,,,,,,,2000,,,,,,,,2022-07-04,2022-09-30,,,,,0,,
13781,,004666366,13781,004666366,,RTSS,ชูศักดิ์ ชูเชิดเกียรติสกุล,1950-11-17,3100700355701,,,,1,,,,,,,,,,,,,,,,,,,,,,,,,,,,2026-03-31 10:00:42.998000,,,,,,,,,,,,,,,SSFYHW4F,HD,HD,1500,,2,,,,,,2012-10-15,,,,,,0,,
13781,,004295203,13781,004295203,,RTSS,ธำรง ไผ่แดง,,3250200146168,,,,1,,,,,,,,,,,,,,,,,,,,,,,,,,,,2022-07-06 10:14:11.998000,,,,,,,,,,,,,,,SSA5ZWJB,HD,HD,1500,,2,,,,,,2019-06-21,,,,,,0,,
13781,,005887876,13781,005887876,,RTSS,ณรรฐพล พาราพันธกุล,,3769900045864,,,,1,,,,,,,,,,,,,,,,,,,,,,,,,,,,2022-07-07 07:02:33,,,,,,,,,,,,,,,SSHNPJPH,HD,HD,1500,,2,,,,,,2019-12-21,,,,,,0,,
13781,,005961144,13781,005961144,,RTCS,สำรวย รวยสวัสดิ์,1935-11-13,3730601026151,,,,,,,,,,,,,,,,,,,,,,,,,,,,,,,,2023-02-13 13:11:32,,,D,,E,,,W,,,,,,,,,,2000,,,,,,,,2022-07-07,2023-02-03,,,,,0,,
13781,,005515806,13781,005515806,,RTCS,วาสนา สุขกรม,1957-07-04,3710300572679,,,,,,,,,,,,,,,,,,,,,,,,,,,,,,,,2024-07-18 10:20:46.999000,,,,,,,,W,,,,,,,,,,2000,,,,,,,,2022-07-11,2099-12-31,,,,,0,,
13781,,002988960,13781,002988960,,RTCS,วิรัตน์ อวนศรี,1966-01-14,3101000022335,,,,,,,,,,,,,,,,,,,,,,,,,,,,,,,,2024-08-07 09:27:38,,,D,,E,,,W,,,,,,,,,,2000,,,,,,,,2022-07-12,2024-07-29,,,,,0,,
13781,02,003619125,13781,003619125,,RTCS,ประนอม เนตรวิเชียร,1945-01-01,3100602043321,,,,,,,,,,,,,,,,,,,,,,,,,,,,,,,,2024-07-18 10:20:50,,,,,,,,W,,,,,,,,,,2000,,,,,,,,2022-07-12,2099-12-31,,,,,0,,
13781,,004528078,13781,004528078,,RTCS,เปรื่องชะฏิ ยงยุทธ,1952-05-08,3100602776884,,,,,,,,,,,,,,,,,,,,,,,,,,,,,,,,2025-01-21 08:19:59.999000,,,D,,E,,,W,,,,,,,,,,2000,,,,,,,,2022-07-18,2025-01-20,,,,,0,,
13781,,005141168,13781,005141168,,RTCS,โสภณ โฉมศรี,1959-03-23,3610200173374,,,,,,,,,,,,,,,,,,,,,,,,,,,,,,,,2024-07-18 10:20:53.999000,,,,,,,,W,,,,,,,,,,2000,,,,,,,,2022-07-18,2099-12-31,,,,,0,,
13781,,005072781,13781,005072781,,RTCS,จิตตินันท์ ปั้นสุข,1943-04-02,3100200316927,,,,,,,,,,,,,,,,,,,,,,,,,,,,,,,,2023-05-08 08:15:42,,,,,E,,,W,,,,,,,,,,2000,,,,,,,,2022-07-20,2022-09-30,,,,,0,,
13781,,003998522,13781,003998522,,RTCS,นงนุช กนกนาค,1943-07-30,3149700029437,,,,,,,,,,,,,,,,,,,,,,,,,,,,,,,,2022-09-07 08:29:35,,,W,,E,,,W,,,,,,,,,,2000,,,,,,,,2022-07-22,2022-09-03,,,,,0,,
13781,,005707324,13781,005707324,,RTCS,วิจิตรา นาคะโฆษิตสกุล,1945-12-17,3310400039658,,,,,,,,,,,,,,,,,,,,,,,,,,,,,,,,2023-05-08 08:15:54.999000,,,,,E,,,W,,,,,,,,,,2000,,,,,,,,2022-08-02,2022-09-30,,,,,0,,
13781,,004913324,13781,004913324,,RTCS,รัชนี พันธุมเสน,1933-09-04,3119900270731,,,,,,,,,,,,,,,,,,,,,,,,,,,,,,,,2023-05-08 08:16:43.998000,,,,,E,,,W,,,,,,,,,,2000,,,,,,,,2022-08-02,2023-05-03,,,,,0,,
13781,,001667828,13781,001667828,,RTCS,ปกาศิต ดวงชัย,1938-08-05,3100600404939,,,,,,,,,,,,,,,,,,,,,,,,,,,,,,,,2022-09-07 08:29:27.998000,,,W,,E,,,W,,,,,,,,,,2000,,,,,,,,2022-08-03,2022-09-03,,,,,0,,
13781,,001906517,13781,001906517,,RTCS,สมบูรณ์ บุญเกษม,1937-09-06,3100502489727,,,,,,,,,,,,,,,,,,,,,,,,,,,,,,,,2024-08-20 13:06:22,,,,,,,,W,,,,,,,,,,2000,,,,,,,,2022-08-04,2099-12-31,,,,,0,,
13781,,002232782,13781,002232782,,RTCS,รัตนา เมธาธราธิป,1938-03-10,3229900144298,,,,,,,,,,,,,,,,,,,,,,,,,,,,,,,,2023-06-19 11:24:45.998000,,,,,E,,,W,,,,,,,,,,2000,,,,,,,,2022-08-10,,,,,,0,,
13781,02,003380360,13781,003380360,,RTSS,วิไล ถาวรประเสริฐ,,3759900328343,,,,2,,,,,,,,,,,,,,,,,,,,,,,,,,,,2022-08-11 08:17:25,,,,,,,,,,,,,,,SSDJCEFA,HD,HD,1500,,2,,,,,,2020-10-12,,,,,,0,,
13781,,004916148,13781,004916148,,RTSS,ขวัญเมือง กลิ่นจันทร์,,5100299049434,,,,2,,,,,,,,,,,,,,,,,,,,,,,,,,,,2022-08-15 11:30:37.999000,,,,,,,,,,,,,,,SSDEXPPB,HD,HD,1500,,2,,,,,,2022-04-26,,,,,,0,,
13781,,004762897,13781,004762897,,RTCS,นิตยา จอมชิตกล่ำ,1974-04-21,3930501023379,,,,,,,,,,,,,,,,,,,,,,,,,,,,,,,,2024-08-20 13:06:38,,,,,,,,W,,,,,,,,,,2000,,,,,,,,2022-08-17,2099-12-31,,,,,0,,
13781,,004737552,13781,004737552,,RTCS,ชนม์ธนา ชุมทอง,1938-04-01,3960200120341,,,,,,,,,,,,,,,,,,,,,,,,,,,,,,,,2024-08-20 13:06:38,,,,,,,,W,,,,,,,,,,2000,,,,,,,,2022-08-17,2099-12-31,,,,,0,,
13781,,003577072,13781,003577072,,RTCS,พนม สุวรรณพรม,1964-07-22,3530800094662,,,,,,,,,,,,,,,,,,,,,,,,,,,,,,,,2024-10-03 14:21:18.998000,,,D,,E,,,W,,,,,,,,,,2000,,,,,,,,2022-08-19,2024-09-23,,,,,0,,
13781,02,002113748,13781,002113748,,RTSS,ชาญณรงค์ เจือมา,1990-05-17,1103700138030,,,,1,,,,,,,,,,,,,,,,,,,,,,,,,,,,2022-11-03 15:46:20,,,,,,,,,,,,,,,SSCPG13N,HD,HD,1500,,2,,,,,,2017-09-25,,,,,,0,,
13781,,002734731,13781,002734731,,RTCS,องุ่น พัฒนวิบูลย์,1937-01-01,3100202979206,,,,,,,,,,,,,,,,,,,,,,,,,,,,,,,,2022-10-04 10:00:13.998000,,,W,,E,,,W,,,,,,,,,,2000,,,,,,,,2022-08-23,2022-10-03,,,,,0,,
13781,,004549795,13781,004549795,,RTCS,สุวรรณา ศะศิบุตร,1951-01-01,3100905602734,,,,,,,,,,,,,,,,,,,,,,,,,,,,,,,,2022-09-07 08:29:45.999000,,,W,,E,,,W,,,,,,,,,,2000,,,,,,,,2022-08-25,2022-09-03,,,,,0,,
13781,,004626959,13781,004626959,,RTCS,อานุภาพ ละออ,1973-01-07,3569900079469,,,,,,,,,,,,,,,,,,,,,,,,,,,,,,,,2024-09-02 21:03:22.999000,,,,,,,,W,,,,,,,,,,2000,,,,,,,,2022-08-26,2099-12-31,,,,,0,,
13781,,005600198,13781,005600198,,RTCS,กิตติศักดิ์ แสงจันทร์โอภาส,1954-01-01,3170200211467,,,,,,,,,,,,,,,,,,,,,,,,,,,,,,,,2024-09-02 21:03:25,,,,,,,,W,,,,,,,,,,2000,,,,,,,,2022-09-01,2099-12-31,,,,,0,,
13781,,000955742,13781,000955742,,RTCS,อรรถสิทธิ์ เวชชาชีวะ,1935-11-03,3100901830678,,,,,,,,,,,,,,,,,,,,,,,,,,,,,,,,2023-02-13 13:11:34.998000,,,D,,E,,,W,,,,,,,,,,2000,,,,,,,,2022-09-05,2023-02-03,,,,,0,,
13781,02,003774256,13781,003774256,,RTCS,เยาวลักษณ์ พุกพันธุ์,1955-08-18,3629900122428,,,,,,,,,,,,,,,,,,,,,,,,,,,,,,,,2024-09-19 16:07:25.999000,,,,,,,,W,,,,,,,,,,2000,,,,,,,,2022-09-07,2099-12-31,,,,,0,,
13781,,004626407,13781,004626407,,"RTSS,RTSS",รุจิรา สุรเดช,,5620390021305,,,,2,,,,,,,,,,,,,,,,,,,,,,,,,,,,2022-09-07 17:46:43,,,,,,,,,,,,,,,SSFWMILE,HD,HD,1500,,2,,,,,,2019-05-25,,,,,,0,,
13781,,002864259,13781,002864259,,RTCS,ปนัดดา สุรมนัส,1957-10-20,3101800364516,,,,,,,,,,,,,,,,,,,,,,,,,,,,,,,,2024-09-19 16:07:29,,,,,,,,W,,,,,,,,,,2000,,,,,,,,2022-09-09,2099-12-31,,,,,0,,
13781,,005575094,13781,005575094,,RTCS,ประภา ชารีอัน,1964-02-24,3100602017614,,,,,,,,,,,,,,,,,,,,,,,,,,,,,,,,2023-10-04 09:50:24,,,O,,E,,,W,,,,,,,,,,2000,,,,,,,,2022-09-12,2023-10-03,,,,,0,,
13781,,005875269,13781,005875269,,RTCS,คำปัด คงสิบ,1957-09-01,3600500381410,,,,,,,,,,,,,,,,,,,,,,,,,,,,,,,,2024-09-19 16:07:37,,,,,,,,W,,,,,,,,,,2000,,,,,,,,2022-09-20,2099-12-31,,,,,0,,
13781,,003263827,13781,003263827,,RTCS,อภิวาท วาจานนท์,1949-12-29,3101401826443,,,,,,,,,,,,,,,,,,,,,,,,,,,,,,,,2023-03-22 15:22:02.999000,,,,,E,,,W,,,,,,,,,,2000,,,,,,,,2022-09-20,2023-02-18,,,,,0,,
13781,,003865367,13781,003865367,,RTCS,เกษม เต็มบุญเกียรติ,1937-03-28,3100200443619,,,,,,,,,,,,,,,,,,,,,,,,,,,,,,,,2022-10-04 10:00:25,,,W,,E,,,W,,,,,,,,,,2000,,,,,,,,2022-09-20,2022-10-03,,,,,0,,
13781,,004504899,13781,004504899,,RTCS,ชัยรัตน์ นาคเนื้อนิ่ม,1967-03-31,3101000134281,,,,,,,,,,,,,,,,,,,,,,,,,,,,,,,,2023-05-08 08:16:31.999000,,,,,E,,,W,,,,,,,,,,2000,,,,,,,,2022-09-22,2022-09-30,,,,,0,,
13781,,004827555,13781,004827555,,RTSS,สุวรรณี มณีวงศ์วัฒนา,,3100800221811,,,,2,,,,,,,,,,,,,,,,,,,,,,,,,,,,2022-09-24 06:59:14.998000,,,,,,,,,,,,,,,SSH2V73A,HD,HD,1500,,2,,,,,,2016-08-29,,,,,,0,,
13781,,005989805,13781,005989805,,RTCS,จารึก ท้วมลี้,1950-10-07,3260400081124,,,,,,,,,,,,,,,,,,,,,,,,,,,,,,,,2024-10-02 16:17:07,,,,,,,,W,,,,,,,,,,2000,,,,,,,,2022-09-26,2099-12-31,,,,,0,,
13781,,004182894,13781,004182894,,RTCS,พีระ สุทธิประภา,1958-12-27,3451000451870,,,,,,,,,,,,,,,,,,,,,,,,,,,,,,,,2024-10-02 16:17:08,,,,,,,,W,,,,,,,,,,2000,,,,,,,,2022-09-27,2099-12-31,,,,,0,,
13781,,004246866,13781,004246866,,RTCS,ทิพวรรณ สุทธิพิศาล,1943-03-15,3120600177495,,,,,,,,,,,,,,,,,,,,,,,,,,,,,,,,2025-11-05 09:52:05.999000,,,D,,E,,,W,,,,,,,,,,2000,,,,,,,,2022-09-27,2025-11-03,,,,,0,,
13781,,005903675,13781,005903675,,"RTSS,RTSS",พินิจ คงสิน,1962-11-08,3210100593111,,,,1,,,,,,,,,,,,,,,,,,,,,,,,,,,,2023-02-18 22:12:33,,,,,,,,,,,,,,,SSE2TK0U,HD,HD,1500,,2,,,,,,2022-01-06,,,,,,0,,
13781,,005408757,13781,005408757,,RTSS,ปฐมพงศ์ ช้างน้อย,1993-09-27,1219800192430,,,,1,,,,,,,,,,,,,,,,,,,,,,,,,,,,2025-10-17 15:42:44,,,,,,,,,,,,,,,SSAP06NM,HD,HD,1500,,2,,,,,,2018-04-01,,,,,,0,,
13781,,002766384,13781,002766384,,RTCS,สุนันทา ทองกลม,1957-01-27,3620300271726,,,,,,,,,,,,,,,,,,,,,,,,,,,,,,,,2024-10-02 16:17:09.998000,,,,,,,,W,,,,,,,,,,2000,,,,,,,,2022-09-28,2099-12-31,,,,,0,,
13781,02,004870389,13781,004870389,,RTCS,วัชระ รุจิระเศรษฐ,1953-01-28,3170100184018,,,,,,,,,,,,,,,,,,,,,,,,,,,,,,,,2025-09-05 08:27:05,,,D,,E,,,W,,,,,,,,,,2000,,,,,,,,2022-09-29,2025-09-01,,,,,0,,
13781,02,003310398,13781,003310398,,RTSS,สมถวิล เสือพร,,3100800619335,,,,2,,,,,,,,,,,,,,,,,,,,,,,,,,,,2022-10-04 19:44:45.999000,,,,,,,,,,,,,,,SSFI17AM,HD,HD,1500,,2,,,,,,2022-07-15,,,,,,0,,
13781,,003556660,13781,003556660,,RTSS,มยุรี รุ่งเรือง,,3200200774568,,,,2,,,,,,,,,,,,,,,,,,,,,,,,,,,,2022-10-05 13:12:57.998000,,,,,,,,,,,,,,,SSB1L7NG,HD,HD,1500,,2,,,,,,2014-01-31,,,,,,0,,
13781,,002667162,13781,002667162,,RTCS,คนึงไพร สาธุธรรม,1964-04-06,3210500413846,,,,,,,,,,,,,,,,,,,,,,,,,,,,,,,,2024-10-18 09:02:47,,,,,,,,W,,,,,,,,,,2000,,,,,,,,2022-10-06,2099-12-31,,,,,0,,
13781,,004854334,13781,004854334,,RTCS,ฮานาฟี เบ็ญอับติรอหมาน,1963-08-23,3960100068274,,,,,,,,,,,,,,,,,,,,,,,,,,,,,,,,2024-10-18 09:02:50,,,,,,,,W,,,,,,,,,,2000,,,,,,,,2022-10-07,2099-12-31,,,,,0,,
13781,,005988691,13781,005988691,,RTCS,บุญส่ง ชมศาสตร์,1941-06-05,3220100489624,,,,,,,,,,,,,,,,,,,,,,,,,,,,,,,,2024-06-18 15:01:55,,,D,,E,,,W,,,,,,,,,,2000,,,,,,,,2022-10-10,2024-06-10,,,,,0,,
13781,,004757607,13781,004757607,,RTCS,นนทพันธ์ ภักดีผดุงแดน,1936-06-24,3100901458558,,,,,,,,,,,,,,,,,,,,,,,,,,,,,,,,2024-10-18 09:02:56,,,,,,,,W,,,,,,,,,,2000,,,,,,,,2022-10-11,2099-12-31,,,,,0,,
13781,,001017061,13781,001017061,,RTCS,อุดม รัตนากาญจน์,1942-09-21,3102002583874,,,,,,,,,,,,,,,,,,,,,,,,,,,,,,,,2023-09-19 10:34:24,,,D,,E,,,W,,,,,,,,,,2000,,,,,,,,2022-10-11,2023-09-18,,,,,0,,
13781,,005510102,13781,005510102,,RTSS,นาถชญา ชวกุลพัฒน์,,3101600185341,,,,2,,,,,,,,,,,,,,,,,,,,,,,,,,,,2022-10-18 12:56:59,,,,,,,,,,,,,,,SSA61MRM,HD,HD,1500,,1,,,,,,2012-10-15,,,,,,0,,
13781,,005298709,13781,005298709,,RTCS,วิจิตรา ดวงแก้ว,1961-05-16,3620200002359,,,,,,,,,,,,,,,,,,,,,,,,,,,,,,,,2024-10-18 09:03:05,,,,,,,,W,,,,,,,,,,2000,,,,,,,,2022-10-19,2099-12-31,,,,,0,,
13781,,003400720,13781,003400720,,RTCS,พรทิพย์ สนสวัสดิ์,1967-04-15,3101203255750,,,,,,,,,,,,,,,,,,,,,,,,,,,,,,,,2024-11-05 09:32:00,,,,,,,,W,,,,,,,,,,2000,,,,,,,,2022-10-20,2099-12-31,,,,,0,,
13781,,003877278,13781,003877278,,RTCS,ไพโรจน์ กลิ่นกุหลาบ,1948-09-15,3150300135088,,,,,,,,,,,,,,,,,,,,,,,,,,,,,,,,2024-11-05 09:32:01,,,,,,,,W,,,,,,,,,,2000,,,,,,,,2022-10-21,2099-12-31,,,,,0,,
13781,,005302778,13781,005302778,,RTSS,ฑัตวดี จาตุรมงคล,1965-08-08,3101100335581,,,,2,,,,,,,,,,,,,,,,,,,,,,,,,,,,2025-08-08 15:02:37.998000,,,S,,E,,,,,,,,,,SSF7S7FT,HD,HD,1500,,2,,,,,,2022-01-19,2025-08-08,,,,,0,,
13781,,004022517,13781,004022517,,RTCS,จิต สังขภาคย์,1937-09-20,3939900036618,,,,,,,,,,,,,,,,,,,,,,,,,,,,,,,,2024-11-05 09:32:06,,,,,,,,W,,,,,,,,,,2000,,,,,,,,2022-10-26,2099-12-31,,,,,0,,
13781,,005550408,13781,005550408,,RTSS,ธัญพร เก่งธัญกิจ,,3629900155822,,,,2,,,,,,,,,,,,,,,,,,,,,,,,,,,,2022-10-26 14:49:34,,,,,,,,,,,,,,,SSC5TVIR,HD,HD,1500,,2,,,,,,2015-06-08,,,,,,0,,
13781,,004920667,13781,004920667,,RTSS,อนันต์ ปิงคะยอม,,3510101348444,,,,1,,,,,,,,,,,,,,,,,,,,,,,,,,,,2022-11-01 09:13:28.998000,,,,,,,,,,,,,,,SSG68NM4,HD,HD,1500,,2,,,,,,2014-01-03,,,,,,0,,
13781,,004912870,13781,004912870,,RTCS,บุษกร สุขวิสุทธิ์,1965-02-08,3860100404739,,,,,,,,,,,,,,,,,,,,,,,,,,,,,,,,2022-11-22 09:11:59,,,D,,E,,,W,,,,,,,,,,2000,,,,,,,,2022-11-04,2022-11-18,,,,,0,,
13781,,004938051,13781,004938051,,RTCS,วัชระ สองทิศ,1941-12-07,3100602106765,,,,,,,,,,,,,,,,,,,,,,,,,,,,,,,,2023-02-13 13:11:44.999000,,,D,,E,,,W,,,,,,,,,,2000,,,,,,,,2022-11-07,2023-02-03,,,,,0,,
13781,,005560422,13781,005560422,,RTSS,มาโนช ธนูสนธ์,,1551100036486,,,,1,,,,,,,,,,,,,,,,,,,,,,,,,,,,2022-11-10 11:49:05,,,,,,,,,,,,,,,SSMC11QE,HD,HD,1500,,2,,,,,,2018-01-05,,,,,,0,,
13781,,003209549,13781,003209549,,RTCS,จำนงค์ นันทศรี,1961-04-25,3520101230435,,,,,,,,,,,,,,,,,,,,,,,,,,,,,,,,2024-11-19 15:50:29.999000,,,,,,,,W,,,,,,,,,,2000,,,,,,,,2022-11-14,2099-12-31,,,,,0,,
13781,02,002389212,13781,002389212,,RTCS,ปวีร์ พิริยาพิทักษ์ภรณ์,1992-12-17,1103700980083,,,,,,,,,,,,,,,,,,,,,,,,,,,,,,,,2023-05-08 08:16:46.999000,,,,,E,,,W,,,,,,,,,,2000,,,,,,,,2022-11-23,2022-09-30,,,,,0,,
13781,,005919416,13781,005919416,,RTCS,แผ่น ลอยขจร,1950-10-13,3600400608668,,,,,,,,,,,,,,,,,,,,,,,,,,,,,,,,2023-05-19 12:34:04,,,,,E,,,W,,,,,,,,,,2000,,,,,,,,2022-11-28,2023-05-18,,,,,0,,
13781,,000114279,13781,000114279,,RTCS,จงกลณี ทั่งทอง,1938-01-18,3100200327627,,,,,,,,,,,,,,,,,,,,,,,,,,,,,,,,2023-01-04 13:16:53,,,D,,E,,,W,,,,,,,,,,2000,,,,,,,,2022-11-28,2023-01-03,,,,,0,,
13781,,002738999,13781,002738999,,RTCS,ดวงเดือน สุขบุญ,1946-02-12,3341800035391,,,,,,,,,,,,,,,,,,,,,,,,,,,,,,,,2024-04-24 08:26:53.998000,,,D,,E,,,W,,,,,,,,,,2000,,,,,,,,2022-11-29,2024-04-22,,,,,0,,
13781,,004086912,13781,004086912,,RTCS,ทวีพล มนธรรมสกุล,1973-11-10,3860200171116,,,,,,,,,,,,,,,,,,,,,,,,,,,,,,,,2024-12-03 15:15:48,,,,,,,,W,,,,,,,,,,2000,,,,,,,,2022-11-30,2099-12-31,,,,,0,,
13781,,003844828,13781,003844828,,RTCS,ฉวีวรรณ เชื้อทอง,1952-01-01,3110490000669,,,,,,,,,,,,,,,,,,,,,,,,,,,,,,,,2024-11-05 08:13:37,,,D,,E,,,W,,,,,,,,,,2000,,,,,,,,2022-12-01,2024-10-28,,,,,0,,
13781,02,002717098,13781,002717098,,RTCS,จิงฮี้ แซ่เจียม,1945-08-09,3102200970629,,,,,,,,,,,,,,,,,,,,,,,,,,,,,,,,2024-12-18 10:00:35.998000,,,,,,,,W,,,,,,,,,,2000,,,,,,,,2022-12-06,2099-12-31,,,,,0,,
13781,,006013803,13781,006013803,,RTCS,ไซนี วันนิ,1963-07-20,3100300064105,,,,,,,,,,,,,,,,,,,,,,,,,,,,,,,,2024-12-18 10:00:40,,,,,,,,W,,,,,,,,,,2000,,,,,,,,2022-12-07,2099-12-31,,,,,0,,
13781,,003596249,13781,003596249,,RTCS,พิชัย ตันเจริญ,1929-12-03,3240100770609,,,,,,,,,,,,,,,,,,,,,,,,,,,,,,,,2023-07-04 11:38:11,,,D,,E,,,W,,,,,,,,,,2000,,,,,,,,2022-12-16,2023-07-03,,,,,0,,
13781,,004745716,13781,004745716,,RTCS,โสภณ มณีพันธ์,1940-06-03,3180600087704,,,,,,,,,,,,,,,,,,,,,,,,,,,,,,,,2025-04-18 13:40:14,,,D,,E,,,W,,,,,,,,,,2000,,,,,,,,2022-12-19,2025-04-14,,,,,0,,
13781,,004189287,13781,004189287,,RTCS,รัชนี ชุณหสวัสดิกุล,1934-11-15,3100201201074,,,,,,,,,,,,,,,,,,,,,,,,,,,,,,,,2024-03-06 14:34:08,,,D,,E,,,W,,,,,,,,,,2000,,,,,,,,2022-12-20,2024-03-04,,,,,0,,
13781,,004739098,13781,004739098,,RTSS,เสกสรร ร่ำรวยไพศาล,1977-07-14,3101203070768,,,,1,,,,,,,,,,,,,,,,,,,,,,,,,,,,2023-11-08 14:59:37,,,D,,E,,,,,,,,,,SSGPR9LK,HD,HD,1500,,2,,,,,,2013-01-21,2023-09-24,,,,,0,,
13781,,005048290,13781,005048290,,RTCS,นารี จำปาโท,1952-10-23,3340400771995,,,,,,,,,,,,,,,,,,,,,,,,,,,,,,,,2025-01-21 11:47:30,,,,,,,,W,,,,,,,,,,2000,,,,,,,,2023-01-05,2099-12-31,,,,,0,,
13781,,005726495,13781,005726495,,RTCS,อรพิน แสงชาติ,1947-12-06,3101400625398,,,,,,,,,,,,,,,,,,,,,,,,,,,,,,,,2025-01-21 11:47:30.998000,,,,,,,,W,,,,,,,,,,2000,,,,,,,,2023-01-06,2099-12-31,,,,,0,,
13781,,001737432,13781,001737432,,RTCS,วิโรจน์ ชาทอง,1933-02-23,3101400906982,,,,,,,,,,,,,,,,,,,,,,,,,,,,,,,,2023-11-15 10:35:47,,,D,,E,,,W,,,,,,,,,,2000,,,,,,,,2023-01-10,2023-11-03,,,,,0,,
13781,,005899682,13781,005899682,,RTSS,คนึงนิต ธาตุแก้ว,,3600400515775,,,,2,,,,,,,,,,,,,,,,,,,,,,,,,,,,2023-01-11 06:58:30.998000,,,,,,,,,,,,,,,SSHU214C,HD,HD,1500,,2,,,,,,2016-12-29,,,,,,0,,
13781,,005401953,13781,005401953,,RTCS,สอิ้ง ศรีเผือก,1952-02-06,3210100415451,,,,,,,,,,,,,,,,,,,,,,,,,,,,,,,,2025-01-21 11:47:40.999000,,,,,,,,W,,,,,,,,,,2000,,,,,,,,2023-01-11,2099-12-31,,,,,0,,
13781,02,005738316,13781,005738316,,RTCS,วัฒนชัย หุ่นเลิศ,1962-10-15,3101203633797,,,,,,,,,,,,,,,,,,,,,,,,,,,,,,,,2025-01-21 11:47:42,,,,,,,,W,,,,,,,,,,2000,,,,,,,,2023-01-11,2099-12-31,,,,,0,,
13781,,004630137,13781,004630137,,RTCS,สรศักดิ์ วัฒนกูล,1952-09-16,3429900190387,,,,,,,,,,,,,,,,,,,,,,,,,,,,,,,,2025-01-21 11:47:51,,,,,,,,W,,,,,,,,,,2000,,,,,,,,2023-01-16,2099-12-31,,,,,0,,
13781,,004205269,13781,004205269,,RTCS,สุณีย์ มหาเวก,1952-02-25,3100602021824,,,,,,,,,,,,,,,,,,,,,,,,,,,,,,,,2025-01-21 11:47:54.998000,,,,,,,,W,,,,,,,,,,2000,,,,,,,,2023-01-16,2099-12-31,,,,,0,,
13781,,001325156,13781,001325156,,RTCS,สุพัฒน์ เพ็งมาก,1945-01-18,3101201916180,,,,,,,,,,,,,,,,,,,,,,,,,,,,,,,,2025-01-21 11:47:55.999000,,,,,,,,W,,,,,,,,,,2000,,,,,,,,2023-01-16,2099-12-31,,,,,0,,
13781,,003014236,13781,003014236,,RTCS,วิทยา เหล่าอารีย์,1949-01-01,3700500169924,,,,,,,,,,,,,,,,,,,,,,,,,,,,,,,,2025-01-21 11:48:20,,,,,,,,W,,,,,,,,,,2000,,,,,,,,2023-01-20,2099-12-31,,,,,0,,
13781,,003635265,13781,003635265,,RTSS,วจิรา ยอดทอง,,3301400949388,,,,2,,,,,,,,,,,,,,,,,,,,,,,,,,,,2023-01-26 07:05:44,,,,,,,,,,,,,,,SSA0MRTA,HD,HD,1500,,2,,,,,,2014-06-10,,,,,,0,,
13781,,004495104,13781,004495104,,RTCS,เสน่ห์ แก่นจันทร์,1951-04-01,3130100067194,,,,,,,,,,,,,,,,,,,,,,,,,,,,,,,,2024-09-18 11:00:39,,,D,,E,,,W,,,,,,,,,,2000,,,,,,,,2023-01-27,2024-09-16,,,,,0,,
13781,,003963513,13781,003963513,,RTCS,เปียทิพย์ พนาลี,1981-09-14,3801000253161,,,,,,,,,,,,,,,,,,,,,,,,,,,,,,,,2025-02-04 14:38:59,,,,,,,,W,,,,,,,,,,2000,,,,,,,,2023-01-27,2099-12-31,,,,,0,,
13781,,005996880,13781,005996880,,RTCS,จริยา แย้มคลี่,1953-05-08,3709900322591,,,,,,,,,,,,,,,,,,,,,,,,,,,,,,,,2023-03-22 15:22:27,,,D,,E,,,W,,,,,,,,,,2000,,,,,,,,2023-01-31,2023-03-03,,,,,0,,
13781,,000004763,13781,000004763,,RTCS,เพ็ญแข พิทักษ์ไพรวัน,1929-04-21,3100902554097,,,,,,,,,,,,,,,,,,,,,,,,,,,,,,,,2025-02-04 14:39:03,,,,,,,,W,,,,,,,,,,2000,,,,,,,,2023-01-31,2099-12-31,,,,,0,,
13781,,003605797,13781,003605797,,RTCS,นฤมล อ่ำพร้อม,1971-02-27,3160100092857,,,,,,,,,,,,,,,,,,,,,,,,,,,,,,,,2025-02-04 14:39:03,,,,,,,,W,,,,,,,,,,2000,,,,,,,,2023-01-31,2099-12-31,,,,,0,,
13781,,003429864,13781,003429864,,RTCS,สาธณี ครุธพันธ์,1948-04-08,3100203460891,,,,,,,,,,,,,,,,,,,,,,,,,,,,,,,,2025-02-04 14:39:04,,,,,,,,W,,,,,,,,,,2000,,,,,,,,2023-01-31,2099-12-31,,,,,0,,
13781,,003507559,13781,003507559,,RTSS,นรินทร์ คงชอบ,,3100700781394,,,,1,,,,,,,,,,,,,,,,,,,,,,,,,,,,2023-02-02 11:09:55.998000,,,,,,,,,,,,,,,SSIF7R1Z,HD,HD,1500,,2,,,,,,2017-08-10,,,,,,0,,
13781,,006000928,13781,006000928,,RTCS,อารมย์ น้อยทับทิม,1953-12-07,3969800049122,,,,,,,,,,,,,,,,,,,,,,,,,,,,,,,,2025-02-04 14:39:08.998000,,,,,,,,W,,,,,,,,,,2000,,,,,,,,2023-02-02,2099-12-31,,,,,0,,
13781,,006034881,13781,006034881,,RTCS,วรรณุบล งามประเสริฐชัย,1950-10-03,3101801342737,,,,,,,,,,,,,,,,,,,,,,,,,,,,,,,,2025-02-04 14:39:11,,,,,,,,W,,,,,,,,,,2000,,,,,,,,2023-02-03,2099-12-31,,,,,0,,
13781,,003318805,13781,003318805,,RTCS,วินิตย์ ตรัยวิทยา,1953-06-16,5149999004296,,,,,,,,,,,,,,,,,,,,,,,,,,,,,,,,2023-09-04 14:23:45,,,D,,E,,,W,,,,,,,,,,2000,,,,,,,,2023-02-06,2023-09-03,,,,,0,,
13781,02,003725767,13781,003725767,,RTCS,สนิท ดีสุวรรณ์,1967-05-13,3301900131988,,,,,,,,,,,,,,,,,,,,,,,,,,,,,,,,2025-02-20 14:14:22,,,,,,,,W,,,,,,,,,,2000,,,,,,,,2023-02-08,2099-12-31,,,,,0,,
13781,,001402098,13781,001402098,,RTCS,ปฐม อาชวาคม,1957-05-15,3130300080950,,,,,,,,,,,,,,,,,,,,,,,,,,,,,,,,2025-02-20 14:14:22,,,,,,,,W,,,,,,,,,,2000,,,,,,,,2023-02-08,2099-12-31,,,,,0,,
13781,,004504085,13781,004504085,,RTCS,สำรวย ลิ่มสกุล,1948-01-01,3601000094331,,,,,,,,,,,,,,,,,,,,,,,,,,,,,,,,2023-04-24 09:33:06,,,O,,E,,,W,,,,,,,,,,2000,,,,,,,,2023-02-10,2023-04-18,,,,,0,,
13781,,005934828,13781,005934828,,RTCS,ลาภ รบแคล้ว,1960-12-10,3760200377386,,,,,,,,,,,,,,,,,,,,,,,,,,,,,,,,2025-02-20 14:14:28,,,,,,,,W,,,,,,,,,,2000,,,,,,,,2023-02-14,2099-12-31,,,,,0,,
13781,02,006048058,13781,006048058,,RTCS,ยุทธนา พรหมมาศ,1977-09-18,3100700784792,,,,,,,,,,,,,,,,,,,,,,,,,,,,,,,,2025-05-07 08:05:24.999000,,,D,,E,,,W,,,,,,,,,,2000,,,,,,,,2023-02-15,2025-04-21,,,,,0,,
13781,,004139123,13781,004139123,,RTCS,พิริยะ ศิริโพธิ์พันธุ์กุล,1979-11-14,3110101370354,,,,,,,,,,,,,,,,,,,,,,,,,,,,,,,,2025-02-20 14:14:30,,,,,,,,W,,,,,,,,,,2000,,,,,,,,2023-02-15,2099-12-31,,,,,0,,
13781,,004122375,13781,004122375,,RTSS,จารุวรรณ เอกสูงเนิน,1963-01-04,3440100256903,,,,2,,,,,,,,,,,,,,,,,,,,,,,,,,,,2025-05-30 22:10:35,,,D,,E,,,,,,,,,,SSAK5SK3,HD,HD,1500,,2,,,,,,2012-10-15,2025-05-19,,,,,0,,
13781,02,005088870,13781,005088870,,RTCS,วรรษมน มีนมณีโชติ,1985-02-04,1100900009991,,,,,,,,,,,,,,,,,,,,,,,,,,,,,,,,2025-03-04 15:19:44,,,,,,,,W,,,,,,,,,,2000,,,,,,,,2023-02-23,2099-12-31,,,,,0,,
13781,,005547345,13781,005547345,,RTCS,สุพจน์ เอี่ยมชาญบรรจง,1947-01-01,3709800142094,,,,,,,,,,,,,,,,,,,,,,,,,,,,,,,,2023-07-04 11:38:07.998000,,,D,,E,,,W,,,,,,,,,,2000,,,,,,,,2023-02-24,2023-07-03,,,,,0,,
13781,,003787445,13781,003787445,,RTCS,เสวียง เกตุแก้ว,1964-08-01,3100602159303,,,,,,,,,,,,,,,,,,,,,,,,,,,,,,,,2024-10-03 14:21:20.999000,,,O,,E,,,W,,,,,,,,,,2000,,,,,,,,2023-02-24,2024-09-30,,,,,0,,
13781,,003105944,13781,003105944,,RTCS,เกตุทะนี ไชยยงค์,1963-04-18,3480600211305,,,,,,,,,,,,,,,,,,,,,,,,,,,,,,,,2025-03-04 15:19:46.998000,,,,,,,,W,,,,,,,,,,2000,,,,,,,,2023-02-27,2099-12-31,,,,,0,,
13781,,004552868,13781,004552868,,RTCS,ทัณฑิมา เกื้อกูลเกียรติ,1957-02-03,4102000002074,,,,,,,,,,,,,,,,,,,,,,,,,,,,,,,,2024-02-19 10:10:28.998000,,,D,,E,,,W,,,,,,,,,,2000,,,,,,,,2023-02-28,2024-02-05,,,,,0,,
13781,,005738294,13781,005738294,,RTCS,อาวุธ โสรัตน์,1942-09-15,3101400673678,,,,,,,,,,,,,,,,,,,,,,,,,,,,,,,,2024-02-21 08:26:29,,,D,,E,,,W,,,,,,,,,,2000,,,,,,,,2023-02-28,2024-02-19,,,,,0,,
13781,,005646685,13781,005646685,,RTCS,รัตนา สหเมธาพัฒน์,1936-04-17,3669700057681,,,,,,,,,,,,,,,,,,,,,,,,,,,,,,,,2023-06-19 11:24:46.998000,,,,,E,,,W,,,,,,,,,,2000,,,,,,,,2023-03-02,,,,,,0,,
13781,,005592554,13781,005592554,,RTSS,สุธีรา กรีอักษร,,1100800575102,,,,2,,,,,,,,,,,,,,,,,,,,,,,,,,,,2023-03-06 09:20:36,,,,,,,,,,,,,,,SSLWK69F,HD,HD,1500,,2,,,,,,2019-07-09,,,,,,0,,
13781,,005399515,13781,005399515,,RTCS,ยุพาพร แซ่เบ๊,1953-11-01,3100202029275,,,,,,,,,,,,,,,,,,,,,,,,,,,,,,,,2025-03-11 08:29:18,,,,,,,,W,,,,,,,,,,2000,,,,,,,,2023-03-07,2099-12-31,,,,,0,,
13781,,005596167,13781,005596167,,RTCS,อรรถพล บางหลวง,1990-05-28,1100200551881,,,,,,,,,,,,,,,,,,,,,,,,,,,,,,,,2025-03-11 08:29:19,,,,,,,,W,,,,,,,,,,2000,,,,,,,,2023-03-09,2099-12-31,,,,,0,,
13781,,004962599,13781,004962599,,RTCS,กิมเหรียญ มีศรีดี,1958-12-16,3101900346340,,,,,,,,,,,,,,,,,,,,,,,,,,,,,,,,2023-03-13 09:32:28,,,,,,,,W,,,,,,,,,,2000,,,,,,,,2023-03-13,2025-03-12,,,,,0,,
13781,,004319928,13781,004319928,,RTSS,วิไล โรจนพันธ์,,3460500533823,,,,2,,,,,,,,,,,,,,,,,,,,,,,,,,,,2023-03-15 14:33:33.998000,,,,,,,,,,,,,,,SSCS6R59,HD,HD,1500,,2,,,,,,2012-10-15,,,,,,0,,
13781,,002518484,13781,002518484,,RTCS,สุลิน ถาวโรจน์,1935-11-04,3160400045536,,,,,,,,,,,,,,,,,,,,,,,,,,,,,,,,2024-02-05 10:52:07.998000,,,D,,E,,,W,,,,,,,,,,2000,,,,,,,,2023-03-22,2024-01-22,,,,,0,,
13781,,002269451,13781,002269451,,RTSS,วิวัฒน์ อิศราธิกูล,,3100601123569,,,,1,,,,,,,,,,,,,,,,,,,,,,,,,,,,2023-03-23 06:50:46,,,,,,,,,,,,,,,SSIRJXJP,HD,HD,1500,,2,,,,,,2022-07-10,,,,,,0,,
13781,,005362847,13781,005362847,,RTCS,สมพงษ์ สิรสุนทร,1975-06-24,3110100419929,,,,,,,,,,,,,,,,,,,,,,,,,,,,,,,,2023-05-08 08:15:58,,,,,E,,,W,,,,,,,,,,2000,,,,,,,,2023-03-23,2022-09-30,,,,,0,,
13781,,005270664,13781,005270664,,RTCS,อนงค์ บุนนาค,1952-01-01,3760100549096,,,,,,,,,,,,,,,,,,,,,,,,,,,,,,,,2025-03-25 08:45:52,,,,,,,,W,,,,,,,,,,2000,,,,,,,,2023-03-23,2099-12-31,,,,,0,,
13781,02,003446507,13781,003446507,,RTCS,เกรียงศักดิ์ สุตพันธ์,1954-10-30,3330900876800,,,,,,,,,,,,,,,,,,,,,,,,,,,,,,,,2025-03-25 08:45:52,,,,,,,,W,,,,,,,,,,2000,,,,,,,,2023-03-23,2099-12-31,,,,,0,,
13781,02,004050772,13781,004050772,,RTSS,วรรณชัย ไชยพิมพา,,3450200678966,,,,1,,,,,,,,,,,,,,,,,,,,,,,,,,,,2023-03-23 13:04:37,,,,,,,,,,,,,,,SSAQ989O,HD,HD,1500,,2,,,,,,2022-08-25,,,,,,0,,
13781,,001884898,13781,001884898,,RTCS,อิสรีดาพร เจริญกฤตสวัสดิ์,1969-03-22,3300800774789,,,,,,,,,,,,,,,,,,,,,,,,,,,,,,,,2025-04-01 11:54:33,,,,,,,,W,,,,,,,,,,2000,,,,,,,,2023-03-27,2099-12-31,,,,,0,,
13781,,006048508,13781,006048508,,RTCS,วันชัย สุขจ้อย,1955-10-16,3200900096473,,,,,,,,,,,,,,,,,,,,,,,,,,,,,,,,2024-04-24 08:26:53.998000,,,D,,E,,,W,,,,,,,,,,2000,,,,,,,,2023-03-30,2024-04-15,,,,,0,,
13781,,005111316,13781,005111316,,RTCS,เฉลิมชัย พัฒนาภรณ์,1954-10-24,3619900024990,,,,,,,,,,,,,,,,,,,,,,,,,,,,,,,,2025-04-08 14:22:24,,,,,,,,W,,,,,,,,,,2000,,,,,,,,2023-04-03,2099-12-31,,,,,0,,
13781,02,004146659,13781,004146659,,RTCS,พัชรินทร์ ปุ้ม,1958-08-13,3480500342882,,,,,,,,,,,,,,,,,,,,,,,,,,,,,,,,2025-04-08 14:22:24,,,,,,,,W,,,,,,,,,,2000,,,,,,,,2023-04-03,2099-12-31,,,,,0,,
13781,,006058254,13781,006058254,,RTSS,เฉลียว กรอบแก้ว,1955-01-01,3101200696291,,,,2,,,,,,,,,,,,,,,,,,,,,,,,,,,,2023-07-04 11:40:20.998000,,,D,,E,,,,,,,,,,SSA7QP8W,HD,HD,1500,,2,,,,,,2023-01-06,2023-05-01,,,,,0,,
13781,,005562209,13781,005562209,,RTCS,กฤติมา สิงห์สุขธร,1963-10-04,5600800008869,,,,,,,,,,,,,,,,,,,,,,,,,,,,,,,,2025-04-08 14:22:24,,,,,,,,W,,,,,,,,,,2000,,,,,,,,2023-04-04,2099-12-31,,,,,0,,
13781,,005632221,13781,005632221,,RTSS,ศุภัจฉรีย์ เลิศยันตมุนี,1974-02-03,3100400111610,,,,2,,,,,,,,,,,,,,,,,,,,,,,,,,,,2024-05-18 13:54:20,,,,,,,,,,,,,,,SSF2LQW9,HD,HD,1500,,2,,,,,,2020-03-14,,,,,,0,,
13781,02,005612386,13781,005612386,,RTSS,สนอง เรืองขำ,,3110200656671,,,,1,,,,,,,,,,,,,,,,,,,,,,,,,,,,2023-04-05 06:43:03.999000,,,,,,,,,,,,,,,SSEVFL1I,HD,HD,1500,,2,,,,,,2012-10-15,,,,,,0,,
13781,,005164026,13781,005164026,,RTCS,สันติ ประเสริฐสังข์,1947-05-11,3199800102195,,,,,,,,,,,,,,,,,,,,,,,,,,,,,,,,2025-04-18 13:40:29,,,D,,E,,,W,,,,,,,,,,2000,,,,,,,,2023-04-10,2025-03-31,,,,,0,,
13781,,003669890,13781,003669890,,RTCS,ประดับ มณีฉาย,1935-04-01,3100603273819,,,,,,,,,,,,,,,,,,,,,,,,,,,,,,,,2025-04-17 09:43:31.998000,,,,,,,,W,,,,,,,,,,2000,,,,,,,,2023-04-10,2099-12-31,,,,,0,,
13781,,002202990,13781,002202990,,RTCS,สุพัตรา สุภานุสร,1947-01-01,3100600840615,,,,,,,,,,,,,,,,,,,,,,,,,,,,,,,,2023-07-04 11:38:13,,,D,,E,,,W,,,,,,,,,,2000,,,,,,,,2023-04-10,2023-07-03,,,,,0,,
13781,,002229457,13781,002229457,,RTSS,กัญญา มีไชโย,,3649800086250,,,,2,,,,,,,,,,,,,,,,,,,,,,,,,,,,2023-04-10 18:11:19,,,,,,,,,,,,,,,SSHPDRUT,HD,HD,1500,,2,,,,,,2019-04-15,,,,,,0,,
13781,,004226866,13781,004226866,,RTCS,ประณีต จิตตินันทน์,1935-05-26,3100901103784,,,,,,,,,,,,,,,,,,,,,,,,,,,,,,,,2025-04-17 09:43:33.999000,,,,,,,,W,,,,,,,,,,2000,,,,,,,,2023-04-18,2099-12-31,,,,,0,,
13781,02,002581039,13781,002581039,,RTCS,เจือ เขียวหวาน,1939-04-01,3710300519531,,,,,,,,,,,,,,,,,,,,,,,,,,,,,,,,2025-04-17 09:43:33.999000,,,,,,,,W,,,,,,,,,,2000,,,,,,,,2023-04-18,2099-12-31,,,,,0,,
13781,,004276985,13781,004276985,,RTCS,สุ่น อานนท์,1955-08-09,3801100172626,,,,,,,,,,,,,,,,,,,,,,,,,,,,,,,,2025-04-22 11:27:58.998000,,,,,,,,W,,,,,,,,,,2000,,,,,,,,2023-04-20,2099-12-31,,,,,0,,
13781,,005626925,13781,005626925,,RTCS,โกศล จำเริญ,1959-08-24,3820400236505,,,,,,,,,,,,,,,,,,,,,,,,,,,,,,,,2025-04-22 11:27:59.998000,,,,,,,,W,,,,,,,,,,2000,,,,,,,,2023-04-21,2099-12-31,,,,,0,,
13781,,004141961,13781,004141961,,RTCS,มีชัย แพงมาพรม,1958-06-03,3330501081269,,,,,,,,,,,,,,,,,,,,,,,,,,,,,,,,2025-05-07 08:05:27,,,D,,E,,,W,,,,,,,,,,2000,,,,,,,,2023-04-24,2025-04-28,,,,,0,,
13781,,003226216,13781,003226216,,RTCS,ทองมาก หิรัญตระกูล,1941-05-05,3600800072714,,,,,,,,,,,,,,,,,,,,,,,,,,,,,,,,2023-08-21 14:10:13.999000,,,D,,E,,,W,,,,,,,,,,2000,,,,,,,,2023-04-24,2023-08-18,,,,,0,,
13781,,003403291,13781,003403291,,RTCS,ไพศาล ไชยภักดิ์,1946-04-18,3220300567149,,,,,,,,,,,,,,,,,,,,,,,,,,,,,,,,2023-09-04 14:24:01.998000,,,D,,E,,,W,,,,,,,,,,2000,,,,,,,,2023-04-24,2023-09-03,,,,,0,,
13781,,003927104,13781,003927104,,RTCS,สมจิตร ศรีรัตนอาภรณ์,1961-12-19,3100202567811,,,,,,,,,,,,,,,,,,,,,,,,,,,,,,,,2025-05-06 10:44:11,,,,,,,,W,,,,,,,,,,2000,,,,,,,,2023-04-25,2099-12-31,,,,,0,,
13781,,005572509,13781,005572509,,RTSS,อำนาจ ท้วมวงศ์,1965-01-22,3600700650279,,,,1,,,,,,,,,,,,,,,,,,,,,,,,,,,,2023-09-06 13:05:18.998000,,,D,,E,,,,,,,,,,SSKFXBA9,HD,HD,1500,,2,,,,,,2019-03-20,2023-08-20,,,,,0,,
13781,02,001805635,13781,001805635,,RTSS,วิภา กรวนิช,,3101402977721,,,,2,,,,,,,,,,,,,,,,,,,,,,,,,,,,2023-04-26 06:52:37,,,,,,,,,,,,,,,SSHIX50Y,HD,HD,1500,,2,,,,,,2018-01-16,,,,,,0,,
13781,,005798367,13781,005798367,,RTSS,กรณิกา ผกากาญจน์,,3850300017160,,,,2,,,,,,,,,,,,,,,,,,,,,,,,,,,,2023-05-01 13:31:59.998000,,,,,,,,,,,,,,,SSLSJF44,HD,HD,1500,,2,,,,,,2022-12-13,,,,,,0,,
13781,,005886500,13781,005886500,,RTCS,วิเชียร ผิวเณร,1966-02-12,3180400125912,,,,,,,,,,,,,,,,,,,,,,,,,,,,,,,,2024-12-18 08:53:01,,,D,,E,,,W,,,,,,,,,,2000,,,,,,,,2023-05-02,2024-12-16,,,,,0,,
13781,02,005064768,13781,005064768,,RTCS,อัฏฐพล สุทาทิพย์พิมาน,1964-01-26,3120101728534,,,,,,,,,,,,,,,,,,,,,,,,,,,,,,,,2025-05-06 10:44:13,,,,,,,,W,,,,,,,,,,2000,,,,,,,,2023-05-02,2099-12-31,,,,,0,,
13781,02,002219981,13781,002219981,,RTCS,พิมพ์ณภา โพธิ์กิตติโชค,1956-12-07,3101500814460,,,,,,,,,,,,,,,,,,,,,,,,,,,,,,,,2025-05-06 10:44:13,,,,,,,,W,,,,,,,,,,2000,,,,,,,,2023-05-02,2099-12-31,,,,,0,,
13781,,006059991,13781,006059991,,RTCS,ธงชัย รักหาญ,1945-02-03,3660300271751,,,,,,,,,,,,,,,,,,,,,,,,,,,,,,,,2024-01-19 08:42:44.999000,,,D,,E,,,W,,,,,,,,,,2000,,,,,,,,2023-05-08,2024-01-08,,,,,0,,
13781,,005572329,13781,005572329,,RTCS,นุกูล เสียงเพราะ,1943-11-01,3801400166745,,,,,,,,,,,,,,,,,,,,,,,,,,,,,,,,2024-05-21 13:23:02,,,D,,E,,,W,,,,,,,,,,2000,,,,,,,,2023-05-11,2024-05-20,,,,,0,,
13781,,005837495,13781,005837495,,RTCS,ปรีชา ทองงาม,1959-11-18,3730101446592,,,,,,,,,,,,,,,,,,,,,,,,,,,,,,,,2025-05-13 11:32:11.998000,,,,,,,,W,,,,,,,,,,2000,,,,,,,,2023-05-11,2099-12-31,,,,,0,,
13781,,003502712,13781,003502712,,RTCS,เตือนใจ นาคก้อน,1944-01-01,3100500110518,,,,,,,,,,,,,,,,,,,,,,,,,,,,,,,,2023-10-19 08:19:41.998000,,,D,,E,,,W,,,,,,,,,,2000,,,,,,,,2023-05-15,2023-10-18,,,,,0,,
13781,,004475826,13781,004475826,,RTCS,กรปภา ประสมสุข,1970-09-27,3609700142000,,,,,,,,,,,,,,,,,,,,,,,,,,,,,,,,2025-06-18 14:57:29,,,D,,E,,,W,,,,,,,,,,2000,,,,,,,,2023-05-16,2025-06-16,,,,,0,,
13781,,005307328,13781,005307328,,RTCS,อุรสา เดียวอิศเรศ,1979-03-01,3101501368587,,,,,,,,,,,,,,,,,,,,,,,,,,,,,,,,2025-05-23 14:33:30,,,,,,,,W,,,,,,,,,,2000,,,,,,,,2023-05-22,2099-12-31,,,,,0,,
13781,,004340682,13781,004340682,,RTCS,พิชิต สกุลพราหมณ์,1932-08-01,3102002232524,,,,,,,,,,,,,,,,,,,,,,,,,,,,,,,,2023-11-15 10:35:51.999000,,,D,,E,,,W,,,,,,,,,,2000,,,,,,,,2023-05-22,2023-11-03,,,,,0,,
13781,,005122388,13781,005122388,,RTCS,วิรัตน์ คำสามาร,1949-11-01,3430900664950,,,,,,,,,,,,,,,,,,,,,,,,,,,,,,,,2025-05-23 14:33:30,,,,,,,,W,,,,,,,,,,2000,,,,,,,,2023-05-24,2099-12-31,,,,,0,,
13781,02,004071299,13781,004071299,,RTCS,พิมพ์ จันทร์สุข,1947-02-01,3100203434939,,,,,,,,,,,,,,,,,,,,,,,,,,,,,,,,2025-05-30 22:15:41.998000,,,,,,,,W,,,,,,,,,,2000,,,,,,,,2023-05-26,2099-12-31,,,,,0,,
13781,,004116042,13781,004116042,,RTCS,กัลยา บุญประเสริฐ,1967-12-03,3101701154718,,,,,,,,,,,,,,,,,,,,,,,,,,,,,,,,2025-05-30 22:15:41.998000,,,,,,,,W,,,,,,,,,,2000,,,,,,,,2023-05-30,2099-12-31,,,,,0,,
13781,,006036415,13781,006036415,,RTCS,สิริชัย กอเกียรตินันท์,1958-11-28,3100700947071,,,,,,,,,,,,,,,,,,,,,,,,,,,,,,,,2025-05-30 22:15:41.998000,,,,,,,,W,,,,,,,,,,2000,,,,,,,,2023-05-31,2099-12-31,,,,,0,,
13781,,002679747,13781,002679747,,RTCS,ชัยโรจน์ บัวเทศ,1948-01-01,3129900019168,,,,,,,,,,,,,,,,,,,,,,,,,,,,,,,,2023-11-15 10:36:02,,,D,,E,,,W,,,,,,,,,,2000,,,,,,,,2023-06-01,2023-11-03,,,,,0,,
13781,,005619689,13781,005619689,,RTSS,อภิชัย ศรีเอี่ยม,,3760100469556,,,,1,,,,,,,,,,,,,,,,,,,,,,,,,,,,2023-06-03 10:23:32,,,,,,,,,,,,,,,SSEFP3T7,HD,HD,1500,,2,,,,,,2012-10-15,,,,,,0,,
13781,,003983061,13781,003983061,,RTSS,ชาญเวทย์ นราวัชรรัฐ,1959-12-27,3101200642922,,,,1,,,,,,,,,,,,,,,,,,,,,,,,,,,,2023-08-04 14:58:03.999000,,,D,,E,,,,,,,,,,SSG1ZY20,KT,KT,1500,,2,,,,,,2012-10-15,2023-06-25,,,,,0,,
13781,,006048792,13781,006048792,,RTSS,สุจิตรา สิทธิศักดิ์,,1450500088564,,,,2,,,,,,,,,,,,,,,,,,,,,,,,,,,,2023-06-15 10:24:06.999000,,,,,,,,,,,,,,,SSMNUPI3,HD,HD,1500,,2,,,,,,2020-03-25,,,,,,0,,
13781,,004897713,13781,004897713,,RTCS,อำนวย รัศมิทัต,1945-01-01,3110401367235,,,,,,,,,,,,,,,,,,,,,,,,,,,,,,,,2025-06-24 12:57:56,,,,,,,,W,,,,,,,,,,2000,,,,,,,,2023-06-21,2099-12-31,,,,,0,,
13781,,005921946,13781,005921946,,RTSS,วรวิทย์ ไตรรงค์,1971-03-13,3100100892276,,,,1,,,,,,,,,,,,,,,,,,,,,,,,,,,,2024-08-02 15:22:03.999000,,,S,,E,,,,,,,,,,SSKYWM0E,HD,HD,1500,,2,,,,,,2021-08-28,2024-07-21,,,,,0,,
13781,,006024159,13781,006024159,,RTSS,พิศักดิ์ กล้ากสิกิจ,1986-04-03,1120600081581,,,,1,,,,,,,,,,,,,,,,,,,,,,,,,,,,2025-12-30 08:35:19.999000,,,S,,E,,,,,,,,,,SSK1VPJ0,HD,HD,1500,,2,,,,,,2018-09-01,2025-12-29,,,,,0,,
13781,02,004815814,13781,004815814,,RTCS,สมพร มัธยม,1968-08-26,3961100173877,,,,,,,,,,,,,,,,,,,,,,,,,,,,,,,,2025-06-24 12:57:57,,,,,,,,W,,,,,,,,,,2000,,,,,,,,2023-06-23,2099-12-31,,,,,0,,
13781,02,004705914,13781,004705914,,RTCS,อภิชาติ เศรณีวิจัยกิจการ,1945-12-12,5101500011720,,,,,,,,,,,,,,,,,,,,,,,,,,,,,,,,2025-07-01 11:51:58.998000,,,,,,,,W,,,,,,,,,,2000,,,,,,,,2023-06-27,2099-12-31,,,,,0,,
13781,,005939666,13781,005939666,,RTSS,พิเชษฐ์ พิชญ์อมรพันธ์,,3110400778169,,,,1,,,,,,,,,,,,,,,,,,,,,,,,,,,,2023-06-29 14:27:49,,,,,,,,,,,,,,,SSDEBZBA,HD,HD,1500,,2,,,,,,2016-05-23,,,,,,0,,
13781,,004777681,13781,004777681,,RTSS,ปราณี ยินดีรมย์,1970-02-24,3141200283779,,,,2,,,,,,,,,,,,,,,,,,,,,,,,,,,,2025-08-27 09:41:02,,,S,,E,,,,,,,,,,SSH6BYB3,HD,HD,1500,,2,,,,,,2013-07-04,2025-08-23,,,,,0,,
13781,,003992417,13781,003992417,,RTCS,วันชลี สุขสมบูรณ์,1955-04-04,3249900149109,,,,,,,,,,,,,,,,,,,,,,,,,,,,,,,,2023-07-04 13:15:11.998000,,,,,,,,W,,,,,,,,,,2000,,,,,,,,2023-07-04,2499-12-31,,,,,0,,
13781,,005402785,13781,005402785,,RTCS,ปริญญา กุลพุทธสาร,1976-12-28,3961100121656,,,,,,,,,,,,,,,,,,,,,,,,,,,,,,,,2023-07-06 08:49:22.998000,,,,,,,,W,,,,,,,,,,2000,,,,,,,,2023-07-06,2499-12-31,,,,,0,,
13781,,006026014,13781,006026014,,RTCS,จุมพล มุธุสิทธิ,1962-01-29,3350400146829,,,,,,,,,,,,,,,,,,,,,,,,,,,,,,,,2023-07-06 13:44:20.998000,,,,,,,,W,,,,,,,,,,2000,,,,,,,,2023-07-06,2499-12-31,,,,,0,,
13781,,004756824,13781,004756824,,RTSS,อารีรัตน์ เจียมอยู่,,3150200146487,,,,2,,,,,,,,,,,,,,,,,,,,,,,,,,,,2023-07-07 13:39:43,,,,,,,,,,,,,,,SSEGLGCU,HD,HD,1500,,2,,,,,,2012-12-17,,,,,,0,,
13781,02,005514733,13781,005514733,,RTCS,สุดาพร เปรมเดชา,1973-07-03,3720700095452,,,,,,,,,,,,,,,,,,,,,,,,,,,,,,,,2023-07-12 12:24:20,,,,,,,,W,,,,,,,,,,2000,,,,,,,,2023-07-12,2499-12-31,,,,,0,,
13781,,004841301,13781,004841301,,RTCS,แจ่ม ชาวอบทม,1931-04-01,3150600687761,,,,,,,,,,,,,,,,,,,,,,,,,,,,,,,,2023-08-04 13:10:00.999000,,,D,,E,,,W,,,,,,,,,,2000,,,,,,,,2023-07-12,2023-08-03,,,,,0,,
13781,02,002708818,13781,002708818,,RTSS,วิชิต จิรวงศ์วณิชย์,,3100202979125,,,,1,,,,,,,,,,,,,,,,,,,,,,,,,,,,2023-07-12 13:44:05,,,,,,,,,,,,,,,SSK6DBBC,HD,HD,1500,,2,,,,,,2021-02-03,,,,,,0,,
13781,,004305941,13781,004305941,,RTCS,ปวิศญา ธนะจิตราโชค,1967-02-09,3609900110195,,,,,,,,,,,,,,,,,,,,,,,,,,,,,,,,2023-07-14 08:54:58.999000,,,,,,,,W,,,,,,,,,,2000,,,,,,,,2023-07-14,2499-12-31,,,,,0,,
13781,,003774572,13781,003774572,,RTCS,นิ่มนวล เครือขุนเณร,1941-12-01,3100504460033,,,,,,,,,,,,,,,,,,,,,,,,,,,,,,,,2023-07-14 08:55:48.998000,,,,,,,,W,,,,,,,,,,2000,,,,,,,,2023-07-14,2499-12-31,,,,,0,,
13781,,003003724,13781,003003724,,RTCS,วิไล สัตเขตต์,1939-04-01,3100501032456,,,,,,,,,,,,,,,,,,,,,,,,,,,,,,,,2024-11-05 08:13:38.998000,,,D,,E,,,W,,,,,,,,,,2000,,,,,,,,2023-07-14,2024-10-21,,,,,0,,
13781,02,005965818,13781,005965818,,RTCS,พีระพล พุฒพันธ์,1972-10-19,3350700221028,,,,,,,,,,,,,,,,,,,,,,,,,,,,,,,,2023-07-17 14:08:49,,,,,,,,W,,,,,,,,,,2000,,,,,,,,2023-07-17,2499-12-31,,,,,0,,
13781,,005151117,13781,005151117,,RTCS,วัฒนา รุ่งเรืองวัฒน์,1934-03-02,3101701748545,,,,,,,,,,,,,,,,,,,,,,,,,,,,,,,,2025-05-20 15:37:42.998000,,,D,,E,,,W,,,,,,,,,,2000,,,,,,,,2023-07-18,2025-05-12,,,,,0,,
13781,,006025733,13781,006025733,,RTCS,สิริอำไพ กุลทัศน์,1946-11-29,5239990001714,,,,,,,,,,,,,,,,,,,,,,,,,,,,,,,,2023-07-18 13:12:59.999000,,,,,,,,W,,,,,,,,,,2000,,,,,,,,2023-07-18,2499-12-31,,,,,0,,
13781,,002827119,13781,002827119,,RTCS,สมชาย ฐิติรัตนอัศว์,1961-12-24,3101501215942,,,,,,,,,,,,,,,,,,,,,,,,,,,,,,,,2023-07-19 09:40:34.998000,,,,,,,,W,,,,,,,,,,2000,,,,,,,,2023-07-19,2499-12-31,,,,,0,,
13781,,005824898,13781,005824898,,RTSS,น้ำอ้อย สมพร,,5420200019047,,,,2,,,,,,,,,,,,,,,,,,,,,,,,,,,,2023-07-25 16:26:29,,,,,,,,,,,,,,,SSG4T7ZK,HD,HD,1500,,2,,,,,,2020-03-18,,,,,,0,,
13781,,001557261,13781,001557261,,RTCS,วิภาดา หะยีมะ,1945-01-01,5100999066552,,,,,,,,,,,,,,,,,,,,,,,,,,,,,,,,2023-07-27 09:10:58,,,,,,,,W,,,,,,,,,,2000,,,,,,,,2023-07-27,2499-12-31,,,,,0,,
13781,,005946439,13781,005946439,,RTCS,ธนะรัตร ศุภมาตร์,1963-12-30,3860400443802,,,,,,,,,,,,,,,,,,,,,,,,,,,,,,,,2024-10-18 15:03:11,,,D,,E,,,W,,,,,,,,,,2000,,,,,,,,2023-08-03,2024-10-14,,,,,0,,
13781,,005891610,13781,005891610,,RTSS,ชวภณ ต้องชัยธนากร,,3100700949741,,,,1,,,,,,,,,,,,,,,,,,,,,,,,,,,,2023-08-05 09:00:46.998000,,,,,,,,,,,,,,,SSMV3Y9T,HD,HD,1500,,2,,,,,,2014-11-05,,,,,,0,,
13781,02,004258991,13781,004258991,,RTCS,ธันย์นิชา อริยนิธิทวีสุข,1955-04-21,3130300108463,,,,,,,,,,,,,,,,,,,,,,,,,,,,,,,,2023-08-07 11:45:39.998000,,,,,,,,W,,,,,,,,,,2000,,,,,,,,2023-08-07,2499-12-31,,,,,0,,
13781,,005982062,13781,005982062,,RTCS,สุภาพ กล่อมสงค์,1966-12-24,3860200310442,,,,,,,,,,,,,,,,,,,,,,,,,,,,,,,,2023-08-09 11:38:39.999000,,,,,,,,W,,,,,,,,,,2000,,,,,,,,2023-08-09,2499-12-31,,,,,0,,
13781,,004391382,13781,004391382,,RTCS,จิรศักดิ์ ปริวัฒนศักดิ์,1967-06-13,3301800463610,,,,,,,,,,,,,,,,,,,,,,,,,,,,,,,,2023-08-09 12:31:49.999000,,,,,,,,W,,,,,,,,,,2000,,,,,,,,2023-08-09,2499-12-31,,,,,0,,
13781,02,004151029,13781,004151029,,RTCS,สว่าง นรอ่อน,1944-11-29,3100501571144,,,,,,,,,,,,,,,,,,,,,,,,,,,,,,,,2025-06-05 08:18:58.998000,,,D,,E,,,W,,,,,,,,,,2000,,,,,,,,2023-08-10,2025-06-02,,,,,0,,
13781,,004598783,13781,004598783,,RTCS,อ๊อด จั้นเอียบ,1952-01-01,3820500182245,,,,,,,,,,,,,,,,,,,,,,,,,,,,,,,,2023-08-11 09:56:28,,,,,,,,W,,,,,,,,,,2000,,,,,,,,2023-08-11,2499-12-31,,,,,0,,
13781,02,005215303,13781,005215303,,RTCS,เรียม เอกนิคม,1964-12-06,3141200512310,,,,,,,,,,,,,,,,,,,,,,,,,,,,,,,,2023-08-15 07:53:19,,,,,,,,W,,,,,,,,,,2000,,,,,,,,2023-08-15,2499-12-31,,,,,0,,
13781,,006057096,13781,006057096,,RTCS,วรรณภรณ์ เทียบธีระ,1951-04-27,3240400446629,,,,,,,,,,,,,,,,,,,,,,,,,,,,,,,,2025-10-21 13:08:16.998000,,,D,,E,,,W,,,,,,,,,,2000,,,,,,,,2023-08-17,2025-10-13,,,,,0,,
13781,02,006084580,13781,006084580,,RTSS,เกียรติก้อง เดโช,,3100601560918,,,,1,,,,,,,,,,,,,,,,,,,,,,,,,,,,2023-08-19 17:39:13.998000,,,,,,,,,,,,,,,SSCHUFNQ,HD,HD,1500,,2,,,,,,2023-01-28,,,,,,0,,
13781,,003211527,13781,003211527,,RTCS,อนุศาสตร์ ขาวมะลิ,1949-05-10,3840200463427,,,,,,,,,,,,,,,,,,,,,,,,,,,,,,,,2023-08-25 10:15:09,,,,,,,,W,,,,,,,,,,2000,,,,,,,,2023-08-25,2499-12-31,,,,,0,,
13781,,002089086,13781,002089086,,RTCS,ประพิมพ์ ศรีสวัสดิ์,1943-05-14,3640100162508,,,,,,,,,,,,,,,,,,,,,,,,,,,,,,,,2024-09-03 14:18:39,,,D,,E,,,W,,,,,,,,,,2000,,,,,,,,2023-08-25,2024-09-02,,,,,0,,
13781,,005660495,13781,005660495,,RTCS,วรรณรัตน์ เลิกสันเทียะ,1993-01-23,1309900883727,,,,,,,,,,,,,,,,,,,,,,,,,,,,,,,,2023-08-28 07:55:59.998000,,,,,,,,W,,,,,,,,,,2000,,,,,,,,2023-08-28,2499-12-31,,,,,0,,
13781,,004797233,13781,004797233,,RTCS,ทศพล เต็มภักดี,1985-08-19,1101499013245,,,,,,,,,,,,,,,,,,,,,,,,,,,,,,,,2023-08-28 07:56:39,,,,,,,,W,,,,,,,,,,2000,,,,,,,,2023-08-28,2499-12-31,,,,,0,,
13781,,006086195,13781,006086195,,RTCS,ประสิทธิ์ ลันสันเทียะ,1938-02-10,3101201364918,,,,,,,,,,,,,,,,,,,,,,,,,,,,,,,,2023-10-04 09:50:34.998000,,,D,,E,,,W,,,,,,,,,,2000,,,,,,,,2023-08-29,2023-10-03,,,,,0,,
13781,,005649600,13781,005649600,,RTSS,สมพงษ์ ตรีพัฒนกุล,,3200101089344,,,,1,,,,,,,,,,,,,,,,,,,,,,,,,,,,2023-08-31 06:43:36,,,,,,,,,,,,,,,SSLMECXG,HD,HD,1500,,2,,,,,,2020-05-15,,,,,,0,,
13781,,006098410,13781,006098410,,RTSS,ยุพเรศ เจียรวรชัย,,3101200247578,,,,2,,,,,,,,,,,,,,,,,,,,,,,,,,,,2023-09-02 06:45:07.998000,,,,,,,,,,,,,,,SSB2V09N,HD,HD,1500,,2,,,,,,2014-05-21,,,,,,0,,
13781,,005491560,13781,005491560,,RTCS,นิคม เกิดขันหมาก,1946-01-17,3660700038425,,,,,,,,,,,,,,,,,,,,,,,,,,,,,,,,2023-09-04 11:24:40.998000,,,,,,,,W,,,,,,,,,,2000,,,,,,,,2023-09-04,2499-12-31,,,,,0,,
13781,02,005883276,13781,005883276,,RTSS,นที จันทสิริยากร,,3969800046352,,,,1,,,,,,,,,,,,,,,,,,,,,,,,,,,,2023-09-04 17:07:15.999000,,,,,,,,,,,,,,,SSGR1YVH,HD,HD,1500,,2,,,,,,2023-02-16,,,,,,0,,
13781,,004467730,13781,004467730,,RTSS,สันติ์ ไทยานนท์,,3739900317252,,,,1,,,,,,,,,,,,,,,,,,,,,,,,,,,,2023-09-07 11:34:39,,,,,,,,,,,,,,,SSFBCDPP,HD,HD,1500,,2,,,,,,2019-04-16,,,,,,0,,
13781,,005703377,13781,005703377,,RTCS,หทัยกาญจน์ เกียรติไพบูลย์,1976-12-21,3710100401650,,,,,,,,,,,,,,,,,,,,,,,,,,,,,,,,2023-09-07 14:14:10.999000,,,,,,,,W,,,,,,,,,,2000,,,,,,,,2023-09-07,2499-12-31,,,,,0,,
13781,,004440985,13781,004440985,,RTSS,ภัทรพล หิรัญเนตร,,3250100028112,,,,1,,,,,,,,,,,,,,,,,,,,,,,,,,,,2023-09-11 06:40:17,,,,,,,,,,,,,,,SSI4NFND,PD,PD,1500,,2,,,,,,2021-02-19,,,,,,0,,
13781,02,004681701,13781,004681701,,RTCS,จุไรรัตน์ นิยมตรง,1941-09-23,3320900429625,,,,,,,,,,,,,,,,,,,,,,,,,,,,,,,,2025-04-03 11:41:59.999000,,,D,,E,,,W,,,,,,,,,,2000,,,,,,,,2023-09-11,2025-03-24,,,,,0,,
13781,,003930466,13781,003930466,,RTCS,ปราณี ประดิษฐ์คุ้ม,1971-03-15,5120100070671,,,,,,,,,,,,,,,,,,,,,,,,,,,,,,,,2023-09-18 13:02:06.999000,,,,,,,,W,,,,,,,,,,2000,,,,,,,,2023-09-18,2499-12-31,,,,,0,,
13781,,005744947,13781,005744947,,RTCS,อนันต์ ขัดคำ,1969-10-02,3400300290137,,,,,,,,,,,,,,,,,,,,,,,,,,,,,,,,2023-09-19 14:09:10,,,,,,,,W,,,,,,,,,,2000,,,,,,,,2023-09-19,2499-12-31,,,,,0,,
13781,,003800255,13781,003800255,,RTSS,วิรัช ปุณยกนก,,3101202479000,,,,1,,,,,,,,,,,,,,,,,,,,,,,,,,,,2023-09-19 17:47:58,,,,,,,,,,,,,,,SSATCIWW,HD,HD,1500,,2,,,,,,2023-07-06,,,,,,0,,
13781,02,001248008,13781,001248008,,RTSS,สุจิรา เลิศวิทยากำจร,,3101501799880,,,,2,,,,,,,,,,,,,,,,,,,,,,,,,,,,2023-09-20 15:06:39,,,,,,,,,,,,,,,SSAOKO1E,HD,HD,1500,,2,,,,,,2023-07-05,,,,,,0,,
13781,,003728760,13781,003728760,,RTCS,สมนึก ธนาธิปัตย์,1942-09-15,3199900002818,,,,,,,,,,,,,,,,,,,,,,,,,,,,,,,,2023-09-21 13:43:06.998000,,,,,,,,W,,,,,,,,,,2000,,,,,,,,2023-09-21,2499-12-31,,,,,0,,
13781,,005585730,13781,005585730,,RTCS,จิราพร บัวแก้ว,1989-11-15,1719900190884,,,,,,,,,,,,,,,,,,,,,,,,,,,,,,,,2023-09-25 08:05:16.999000,,,,,,,,W,,,,,,,,,,2000,,,,,,,,2023-09-25,2499-12-31,,,,,0,,
13781,,004861942,13781,004861942,,RTCS,ประสิทธิ์พร วรรักษ์,1962-11-22,3720200385834,,,,,,,,,,,,,,,,,,,,,,,,,,,,,,,,2023-09-27 08:06:27,,,,,,,,W,,,,,,,,,,2000,,,,,,,,2023-09-27,2499-12-31,,,,,0,,
13781,,006038105,13781,006038105,,RTCS,จีรภัทร์ คำปูน,1968-02-12,5601100040418,,,,,,,,,,,,,,,,,,,,,,,,,,,,,,,,2024-09-18 11:00:44,,,O,,E,,,W,,,,,,,,,,2000,,,,,,,,2023-10-02,2024-09-09,,,,,0,,
13781,,005673212,13781,005673212,,RTCS,สุนทรีย์ ติญญนนท์,1963-12-02,3100100442688,,,,,,,,,,,,,,,,,,,,,,,,,,,,,,,,2023-10-04 13:24:20.998000,,,,,,,,W,,,,,,,,,,2000,,,,,,,,2023-10-04,2499-12-31,,,,,0,,
13781,,003194075,13781,003194075,,RTCS,ประเสริฐ เดือนแจ่ม,1929-04-01,3101600761112,,,,,,,,,,,,,,,,,,,,,,,,,,,,,,,,2024-02-05 10:52:07.998000,,,D,,E,,,W,,,,,,,,,,2000,,,,,,,,2023-10-09,2024-01-22,,,,,0,,
13781,02,004592528,13781,004592528,,RTCS,วัฒนา นุ่มทอง,1949-12-12,3100700606801,,,,,,,,,,,,,,,,,,,,,,,,,,,,,,,,2023-10-10 08:16:21.998000,,,,,,,,W,,,,,,,,,,2000,,,,,,,,2023-10-10,2499-12-31,,,,,0,,
13781,,005699131,13781,005699131,,RTSS,ประสาทพร อ่างทอง,,3600300351746,,,,1,,,,,,,,,,,,,,,,,,,,,,,,,,,,2023-10-12 11:03:29,,,,,,,,,,,,,,,SSCGRT8M,HD,HD,1500,,2,,,,,,2017-05-10,,,,,,0,,
13781,,003770326,13781,003770326,,RTCS,สมศรี ดวงแก้ว,1935-11-08,3100201793133,,,,,,,,,,,,,,,,,,,,,,,,,,,,,,,,2023-12-19 12:29:57.999000,,,D,,E,,,W,,,,,,,,,,2000,,,,,,,,2023-10-16,2023-12-04,,,,,0,,
13781,,005508124,13781,005508124,,RTCS,สุทธิพจน์ เกียรติธนาวรดา,1964-01-18,3240400005819,,,,,,,,,,,,,,,,,,,,,,,,,,,,,,,,2023-10-16 09:42:59,,,,,,,,W,,,,,,,,,,2000,,,,,,,,2023-10-16,2499-12-31,,,,,0,,
13781,,004255234,13781,004255234,,RTSS,วิชาญ ชาญการุณย์,,3320101017181,,,,1,,,,,,,,,,,,,,,,,,,,,,,,,,,,2023-10-17 06:29:11.998000,,,,,,,,,,,,,,,SSDTKVCY,HD,HD,1500,,2,,,,,,2017-10-15,,,,,,0,,
13781,,003087471,13781,003087471,,RTCS,จีรวรรณ หัสไทย,1951-12-01,3860300234969,,,,,,,,,,,,,,,,,,,,,,,,,,,,,,,,2023-10-17 12:00:45.998000,,,,,,,,W,,,,,,,,,,2000,,,,,,,,2023-10-17,2499-12-31,,,,,0,,
13781,,005000966,13781,005000966,,RTCS,ประนอม ช่วงสว่าง,1938-04-01,3100900103641,,,,,,,,,,,,,,,,,,,,,,,,,,,,,,,,2023-10-19 11:28:38.999000,,,,,,,,W,,,,,,,,,,2000,,,,,,,,2023-10-19,2499-12-31,,,,,0,,
13781,,004543783,13781,004543783,,RTCS,สุรชัย กมลสุข,1932-11-14,3229900027151,,,,,,,,,,,,,,,,,,,,,,,,,,,,,,,,2024-11-05 08:13:32.998000,,,D,,E,,,W,,,,,,,,,,2000,,,,,,,,2023-10-19,2024-10-21,,,,,0,,
13781,,006114221,13781,006114221,,RTCS,ศรีคำรุ้ง ยุคล รัตตกุล,1984-10-13,1100700129038,,,,,,,,,,,,,,,,,,,,,,,,,,,,,,,,2023-10-24 08:48:29,,,,,,,,W,,,,,,,,,,2000,,,,,,,,2023-10-24,2499-12-31,,,,,0,,
13781,,006026584,13781,006026584,,RTCS,ประหยัด นาควิเชียร,1937-12-17,3909800153116,,,,,,,,,,,,,,,,,,,,,,,,,,,,,,,,2025-12-19 09:47:08.999000,,,D,,E,,,W,,,,,,,,,,2000,,,,,,,,2023-10-24,2025-12-15,,,,,0,,
13781,,002564671,13781,002564671,,RTCS,สุพัตรา ศิริคะรินทร์,1941-06-27,3100200550423,,,,,,,,,,,,,,,,,,,,,,,,,,,,,,,,2023-10-25 14:07:18,,,,,,,,W,,,,,,,,,,2000,,,,,,,,2023-10-25,2499-12-31,,,,,0,,
13781,,005982350,13781,005982350,,RTCS,พรรณี โควินท์ทวีวัฒน์,1941-09-28,3102200067066,,,,,,,,,,,,,,,,,,,,,,,,,,,,,,,,2023-12-19 12:29:53,,,D,,E,,,W,,,,,,,,,,2000,,,,,,,,2023-10-27,2023-12-04,,,,,0,,
13781,,006114062,13781,006114062,,RTCS,วิเศษศักดิ์ ราชวังเมือง,1954-11-03,3100201714501,,,,,,,,,,,,,,,,,,,,,,,,,,,,,,,,2023-10-30 12:00:14.998000,,,,,,,,W,,,,,,,,,,2000,,,,,,,,2023-10-30,2499-12-31,,,,,0,,
13781,,005301485,13781,005301485,,RTSS,นรากร ปานพรม,,3840400144210,,,,1,,,,,,,,,,,,,,,,,,,,,,,,,,,,2023-11-01 06:31:08,,,,,,,,,,,,,,,SSDVWNTR,HD,HD,1500,,2,,,,,,2016-07-14,,,,,,0,,
13781,,003908045,13781,003908045,,RTCS,พล สะมาแก้ว,1953-01-01,3100202246209,,,,,,,,,,,,,,,,,,,,,,,,,,,,,,,,2023-11-02 09:33:50,,,,,,,,W,,,,,,,,,,2000,,,,,,,,2023-11-02,2499-12-31,,,,,0,,
13781,,00258975,13781,00258975,,RTCS,ประจวบ อยู่แพทย์,1939-04-01,3119900405017,,,,,,,,,,,,,,,,,,,,,,,,,,,,,,,,2023-11-02 11:51:08.999000,,,,,,,,W,,,,,,,,,,2000,,,,,,,,2023-11-02,2499-12-31,,,,,0,,
13781,02,004853906,13781,004853906,,RTCS,ฐานุตรา ชาญช่าง รัฐธีร์,1964-12-20,3100503815920,,,,,,,,,,,,,,,,,,,,,,,,,,,,,,,,2023-11-02 13:55:14.998000,,,,,,,,W,,,,,,,,,,2000,,,,,,,,2023-11-02,2499-12-31,,,,,0,,
13781,,005227185,13781,005227185,,RTSS,ยลดา นิ้มนวน,,1760700043979,,,,2,,,,,,,,,,,,,,,,,,,,,,,,,,,,2023-11-02 16:23:39,,,,,,,,,,,,,,,SSHJB13Z,HD,HD,1500,,2,,,,,,2016-09-26,,,,,,0,,
13781,,004762590,13781,004762590,,RTCS,ชาติชาย ปัญญเสถียร,1957-06-01,5100599108622,,,,,,,,,,,,,,,,,,,,,,,,,,,,,,,,2023-11-03 12:05:27.998000,,,,,,,,W,,,,,,,,,,2000,,,,,,,,2023-11-03,2499-12-31,,,,,0,,
13781,02,003559538,13781,003559538,,RTCS,สนาน รอดภัย,1970-08-08,3340500673553,,,,,,,,,,,,,,,,,,,,,,,,,,,,,,,,2023-11-08 10:24:13.998000,,,,,,,,W,,,,,,,,,,2000,,,,,,,,2023-11-08,2499-12-31,,,,,0,,
13781,,003950166,13781,003950166,,RTCS,เรวดี ทองประดิษฐ์,1945-10-27,5101400057477,,,,,,,,,,,,,,,,,,,,,,,,,,,,,,,,2023-11-08 10:25:10,,,,,,,,W,,,,,,,,,,2000,,,,,,,,2023-11-08,2499-12-31,,,,,0,,
13781,02,000067905,13781,000067905,,RTSS,มะลิวัลย์ เพชรประสิทธิ์,,3101700695413,,,,2,,,,,,,,,,,,,,,,,,,,,,,,,,,,2023-11-08 17:07:15.999000,,,,,,,,,,,,,,,SSGUIC0Z,HD,HD,1500,,2,,,,,,2019-11-13,,,,,,0,,
13781,,004828853,13781,004828853,,RTCS,ชัยวัฒน์ ศีตะจิตต์,1945-03-28,3100901336142,,,,,,,,,,,,,,,,,,,,,,,,,,,,,,,,2024-05-09 10:42:58,,,D,,E,,,W,,,,,,,,,,2000,,,,,,,,2023-11-09,2024-04-29,,,,,0,,
13781,,003756085,13781,003756085,,RTCS,เกษม กำแพงนิล,1955-05-09,3102101542726,,,,,,,,,,,,,,,,,,,,,,,,,,,,,,,,2023-11-10 09:58:34,,,,,,,,W,,,,,,,,,,2000,,,,,,,,2023-11-10,2499-12-31,,,,,0,,
13781,,005562261,13781,005562261,,RTSS,นิกรณ์ กาศรัมย์,,3310300626357,,,,1,,,,,,,,,,,,,,,,,,,,,,,,,,,,2023-11-11 06:56:04,,,,,,,,,,,,,,,SSAFDEZL,HD,HD,1500,,2,,,,,,2016-05-07,,,,,,0,,
13781,,005827274,13781,005827274,,RTCS,ณัฐพล แหล่งหล้า,1963-12-25,3330300842513,,,,,,,,,,,,,,,,,,,,,,,,,,,,,,,,2023-11-17 14:36:08,,,,,,,,W,,,,,,,,,,2000,,,,,,,,2023-11-17,2499-12-31,,,,,0,,
13781,,006094662,13781,006094662,,RTCS,บุญฤทธิ์ โผกรุด,1962-07-20,3100202775791,,,,,,,,,,,,,,,,,,,,,,,,,,,,,,,,2023-11-21 09:29:49.998000,,,,,,,,W,,,,,,,,,,2000,,,,,,,,2023-11-21,2499-12-31,,,,,0,,
13781,,003757693,13781,003757693,,RTCS,คนิจ ผาสุข,1953-11-13,3100601215811,,,,,,,,,,,,,,,,,,,,,,,,,,,,,,,,2023-11-21 10:02:12.998000,,,,,,,,W,,,,,,,,,,2000,,,,,,,,2023-11-21,2499-12-31,,,,,0,,
13781,,006018238,13781,006018238,,RTCS,พรปวีณ์ รองเนียม,1982-04-05,3550900309075,,,,,,,,,,,,,,,,,,,,,,,,,,,,,,,,2023-11-22 07:01:02,,,,,,,,W,,,,,,,,,,2000,,,,,,,,2023-11-22,2499-12-31,,,,,0,,
13781,,004994389,13781,004994389,,RTSS,พลอยปภัส นุชสวาท,,2259700016247,,,,2,,,,,,,,,,,,,,,,,,,,,,,,,,,,2023-11-22 09:59:20,,,,,,,,,,,,,,,SSBVQSG2,HD,HD,1500,,2,,,,,,2015-03-31,,,,,,0,,
13781,02,000880429,13781,000880429,,RTCS,สำเภา ช่วยบำรุง,1957-11-01,3150400323277,,,,,,,,,,,,,,,,,,,,,,,,,,,,,,,,2023-11-22 14:48:07.998000,,,,,,,,W,,,,,,,,,,2000,,,,,,,,2023-11-22,2499-12-31,,,,,0,,
13781,,006124872,13781,006124872,,RTCS,วันทนา คุตติอาชีวะ,1935-08-29,3100203097240,,,,,,,,,,,,,,,,,,,,,,,,,,,,,,,,2023-11-23 14:31:28.998000,,,,,,,,W,,,,,,,,,,2000,,,,,,,,2023-11-23,2499-12-31,,,,,0,,
13781,,005593288,13781,005593288,,RTCS,วัลลภ เศวตคาม,1953-01-01,3120101414769,,,,,,,,,,,,,,,,,,,,,,,,,,,,,,,,2023-11-28 08:32:38,,,,,,,,W,,,,,,,,,,2000,,,,,,,,2023-11-28,2499-12-31,,,,,0,,
13781,02,004665759,13781,004665759,,RTCS,พิสุทธิ์ คำประคอง,1973-11-28,3300700170971,,,,,,,,,,,,,,,,,,,,,,,,,,,,,,,,2026-01-06 10:18:22.998000,,,D,,E,,,W,,,,,,,,,,2000,,,,,,,,2023-11-30,2026-01-05,,,,,0,,
13781,,005963154,13781,005963154,,RTSS,สุรางคณา บุญโกย,,1250800009688,,,,2,,,,,,,,,,,,,,,,,,,,,,,,,,,,2023-11-30 14:58:21,,,,,,,,,,,,,,,SSEMZBUY,HD,HD,1500,,2,,,,,,2021-06-25,,,,,,0,,
13781,,004590932,13781,004590932,,RTSS,ณัฐจักษ์ ศิระโพธิวงศ์,1956-05-24,3101201624529,,,,1,,,,,,,,,,,,,,,,,,,,,,,,,,,,2024-09-02 20:53:49,,,S,,E,,,,,,,,,,SSCOUSBG,HD,HD,1500,,2,,,,,,2014-03-14,2024-08-28,,,,,0,,
13781,,004727209,13781,004727209,,RTCS,อุ้มพร คำพิทักษ์,1972-03-10,3101300318337,,,,,,,,,,,,,,,,,,,,,,,,,,,,,,,,2023-12-01 11:19:11,,,,,,,,W,,,,,,,,,,2000,,,,,,,,2023-12-01,2499-12-31,,,,,0,,
13781,,004215132,13781,004215132,,RTSS,ชาลี ไรทอง,,3102201025481,,,,1,,,,,,,,,,,,,,,,,,,,,,,,,,,,2023-12-02 09:55:35,,,,,,,,,,,,,,,SSCZL3Z4,HD,HD,1500,,2,,,,,,2019-12-26,,,,,,0,,
13781,,002677970,13781,002677970,,RTSS,มณี บุญเคลิ้ม,,3260100069366,,,,2,,,,,,,,,,,,,,,,,,,,,,,,,,,,2023-12-05 13:54:31.999000,,,,,,,,,,,,,,,SSBSC7W2,HD,HD,1500,,2,,,,,,2023-07-19,,,,,,0,,
13781,,003317515,13781,003317515,,RTCS,ธีระวัฒน์ หรรษ์อิทธินันต์,1939-04-01,3100901560786,,,,,,,,,,,,,,,,,,,,,,,,,,,,,,,,2025-02-18 15:50:12.998000,,,D,,E,,,W,,,,,,,,,,2000,,,,,,,,2023-12-06,2025-02-10,,,,,0,,
13781,,005102178,13781,005102178,,RTCS,อำนวยพร องค์ศิริวิทยา,1933-06-23,3801000066271,,,,,,,,,,,,,,,,,,,,,,,,,,,,,,,,2025-02-04 09:10:29,,,D,,E,,,W,,,,,,,,,,2000,,,,,,,,2023-12-08,2025-01-27,,,,,0,,
13781,,004425397,13781,004425397,,RTCS,อำภา ทิพวรรณ,1983-10-09,3110102437533,,,,,,,,,,,,,,,,,,,,,,,,,,,,,,,,2023-12-13 13:25:30,,,,,,,,W,,,,,,,,,,2000,,,,,,,,2023-12-13,2499-12-31,,,,,0,,
13781,02,004834485,13781,004834485,,RTCS,โกมล ลักษณา,1949-06-13,3539900205162,,,,,,,,,,,,,,,,,,,,,,,,,,,,,,,,2023-12-14 08:29:15.999000,,,,,,,,W,,,,,,,,,,2000,,,,,,,,2023-12-14,2499-12-31,,,,,0,,
13781,,005901147,13781,005901147,,RTCS,อำนวย จุนยุเสน,1953-12-05,3860400380495,,,,,,,,,,,,,,,,,,,,,,,,,,,,,,,,2023-12-14 09:03:13.998000,,,,,,,,W,,,,,,,,,,2000,,,,,,,,2023-12-14,2499-12-31,,,,,0,,
13781,,004926490,13781,004926490,,RTSS,สันติ ภูมิสุวรรณ์,,2869900021788,,,,1,,,,,,,,,,,,,,,,,,,,,,,,,,,,2023-12-14 10:50:09,,,,,,,,,,,,,,,SSANLBMQ,HD,HD,1500,,2,,,,,,2014-06-25,,,,,,0,,
13781,,004402989,13781,004402989,,RTSS,เปรมศักดิ์ จันทร์ยิ้ม,,5630390006721,,,,1,,,,,,,,,,,,,,,,,,,,,,,,,,,,2023-12-16 08:08:47,,,,,,,,,,,,,,,SSHMFQEJ,HD,HD,1500,,2,,,,,,2012-10-15,,,,,,0,,
13781,,003288927,13781,003288927,,RTSS,อดุลย์ ช่วยคง,,3801200193897,,,,1,,,,,,,,,,,,,,,,,,,,,,,,,,,,2023-12-19 06:31:59,,,,,,,,,,,,,,,SSJ3WOHB,HD,HD,1500,,2,,,,,,2023-08-16,,,,,,0,,
13781,,003828921,13781,003828921,,RTCS,วรรณา เพียรเพิ่มภัทร,1945-05-17,3101701616461,,,,,,,,,,,,,,,,,,,,,,,,,,,,,,,,2023-12-19 09:56:36,,,,,,,,W,,,,,,,,,,2000,,,,,,,,2023-12-19,2499-12-31,,,,,0,,
13781,,005611661,13781,005611661,,RTCS,ลำยอง ทองเชื้อ,1962-08-21,3700600200220,,,,,,,,,,,,,,,,,,,,,,,,,,,,,,,,2023-12-21 08:14:36,,,,,,,,W,,,,,,,,,,2000,,,,,,,,2023-12-21,2499-12-31,,,,,0,,
13781,,006035221,13781,006035221,,RTCS,ศักดิ์ดา ศรีฟ้าวัฒนา,1965-06-09,3700500559919,,,,,,,,,,,,,,,,,,,,,,,,,,,,,,,,2023-12-22 10:50:52,,,,,,,,W,,,,,,,,,,2000,,,,,,,,2023-12-22,2499-12-31,,,,,0,,
13781,02,003664052,13781,003664052,,RTCS,จริญญา จันทวี,1947-04-22,3100200861186,,,,,,,,,,,,,,,,,,,,,,,,,,,,,,,,2023-12-26 09:26:42.998000,,,,,,,,W,,,,,,,,,,2000,,,,,,,,2023-12-26,2499-12-31,,,,,0,,
13781,02,004032441,13781,004032441,,RTCS,สุทิน เพิกสุข,1970-07-10,3180300129843,,,,,,,,,,,,,,,,,,,,,,,,,,,,,,,,2023-12-27 07:45:54,,,,,,,,W,,,,,,,,,,2000,,,,,,,,2023-12-27,2499-12-31,,,,,0,,
13781,,004332552,13781,004332552,,RTCS,อำนวย พูลชื่น,1940-04-13,3100300499942,,,,,,,,,,,,,,,,,,,,,,,,,,,,,,,,2024-02-19 10:10:28,,,D,,E,,,W,,,,,,,,,,2000,,,,,,,,2024-01-02,2024-02-05,,,,,0,,
13781,02,005230949,13781,005230949,,RTCS,ปราณี บุญชะลักษี,1940-05-15,3100900941140,,,,,,,,,,,,,,,,,,,,,,,,,,,,,,,,2024-01-02 07:48:52,,,,,,,,W,,,,,,,,,,2000,,,,,,,,2024-01-02,2499-12-31,,,,,0,,
13781,,005314045,13781,005314045,,RTSS,สิทธิโชค สว่างพิทักษ์พร,1980-04-04,3200600747011,,,,1,,,,,,,,,,,,,,,,,,,,,,,,,,,,2025-12-30 08:33:31,,,,,,,,,,,,,,,SSK60O4Q,HD,HD,1500,,2,,,,,,2014-02-04,2026-05-31,,,,,0,,
13781,,005168744,13781,005168744,,RTCS,ทัศนีย์ ดวงแก้ว,1966-12-16,3489900079575,,,,,,,,,,,,,,,,,,,,,,,,,,,,,,,,2024-01-05 13:15:34.999000,,,,,,,,W,,,,,,,,,,2000,,,,,,,,2024-01-05,2499-12-31,,,,,0,,
13781,,006029353,13781,006029353,,RTSS,ศุภรัตน์ เทิดสุขบดี,,3100503107615,,,,2,,,,,,,,,,,,,,,,,,,,,,,,,,,,2024-01-06 09:37:25,,,,,,,,,,,,,,,SSCVGXG2,HD,HD,1500,,2,,,,,,2023-11-03,,,,,,0,,
13781,02,006129742,13781,006129742,,RTCS,จันทร์ ท่านมุข,1942-05-05,3660200100156,,,,,,,,,,,,,,,,,,,,,,,,,,,,,,,,2024-01-08 07:55:20,,,,,,,,W,,,,,,,,,,2000,,,,,,,,2024-01-08,2499-12-31,,,,,0,,
13781,,002825989,13781,002825989,,RTCS,อ้อมน้อย เจริญธรรม,1954-08-23,3110401356705,,,,,,,,,,,,,,,,,,,,,,,,,,,,,,,,2024-01-08 07:56:10,,,,,,,,W,,,,,,,,,,2000,,,,,,,,2024-01-08,2499-12-31,,,,,0,,
13781,,005537581,13781,005537581,,RTSS,เอกภพ เณรแย้ม,,1629900162270,,,,1,,,,,,,,,,,,,,,,,,,,,,,,,,,,2024-01-09 06:24:41,,,,,,,,,,,,,,,SSCIEP4E,HD,HD,1500,,2,,,,,,2019-01-30,,,,,,0,,
13781,,004713355,13781,004713355,,RTSS,จิรพร เคียงนภาเจริญ,,3101702378059,,,,2,,,,,,,,,,,,,,,,,,,,,,,,,,,,2024-01-16 13:11:32,,,,,,,,,,,,,,,SSIIX553,HD,HD,1500,,2,,,,,,2022-06-22,,,,,,0,,
13781,,006106508,13781,006106508,,RTSS,รัก คงเหลี่ยม,,3180200200155,,,,1,,,,,,,,,,,,,,,,,,,,,,,,,,,,2024-01-17 06:23:37.998000,,,,,,,,,,,,,,,SSJ107WV,HD,HD,1500,,2,,,,,,2023-02-22,,,,,,0,,
13781,,005724022,13781,005724022,,RTCS,วิชัย ฉกามานนท์,1953-08-24,3100600961277,,,,,,,,,,,,,,,,,,,,,,,,,,,,,,,,2025-10-03 13:20:42,,,D,,E,,,W,,,,,,,,,,2000,,,,,,,,2024-01-25,2025-09-22,,,,,0,,
13781,,005207178,13781,005207178,,RTCS,วิชัย แย้มเพ็ง,1952-01-01,3240300479177,,,,,,,,,,,,,,,,,,,,,,,,,,,,,,,,2025-11-05 09:52:02.998000,,,D,,E,,,W,,,,,,,,,,2000,,,,,,,,2024-01-29,2025-11-03,,,,,0,,
13781,,003520634,13781,003520634,,RTCS,มนู โอมะคุปต์,1939-04-16,3100501660082,,,,,,,,,,,,,,,,,,,,,,,,,,,,,,,,2024-04-04 16:19:43,,,D,,E,,,W,,,,,,,,,,2000,,,,,,,,2024-01-29,2024-04-01,,,,,0,,
13781,,002114606,13781,002114606,,RTCS,ขนิษฐา อุดมสินธุ์,1964-05-11,3100502858846,,,,,,,,,,,,,,,,,,,,,,,,,,,,,,,,2024-01-30 07:42:43,,,,,,,,W,,,,,,,,,,2000,,,,,,,,2024-01-30,2499-12-31,,,,,0,,
13781,,003560143,13781,003560143,,RTCS,อวน เตโช,1955-12-02,3480600175643,,,,,,,,,,,,,,,,,,,,,,,,,,,,,,,,2025-04-18 13:40:30,,,D,,E,,,W,,,,,,,,,,2000,,,,,,,,2024-02-01,2025-04-14,,,,,0,,
13781,02,005616824,13781,005616824,,RTCS,เกียรติชาย บุญญรัตน์,1958-05-18,3269900011441,,,,,,,,,,,,,,,,,,,,,,,,,,,,,,,,2024-02-01 11:39:13.998000,,,,,,,,W,,,,,,,,,,2000,,,,,,,,2024-02-01,2499-12-31,,,,,0,,
13781,,003409404,13781,003409404,,RTCS,จินดา ขำคม,1962-01-07,3159900003211,,,,,,,,,,,,,,,,,,,,,,,,,,,,,,,,2024-02-02 07:57:46,,,,,,,,W,,,,,,,,,,2000,,,,,,,,2024-02-02,2499-12-31,,,,,0,,
13781,,004428285,13781,004428285,,RTCS,อังศณา จันทร์สมบูรณ์,1959-12-31,3600800338897,,,,,,,,,,,,,,,,,,,,,,,,,,,,,,,,2024-02-07 08:27:38.998000,,,,,,,,W,,,,,,,,,,2000,,,,,,,,2024-02-07,2499-12-31,,,,,0,,
13781,,006116753,13781,006116753,,RTCS,สุเทพ เชียงทอง,1938-01-10,3120101188882,,,,,,,,,,,,,,,,,,,,,,,,,,,,,,,,2024-04-24 08:26:54.999000,,,D,,E,,,W,,,,,,,,,,2000,,,,,,,,2024-02-07,2024-04-08,,,,,0,,
13781,,006088430,13781,006088430,,RTCS,ชาคริต ไพรสน,1982-10-16,3100905749794,,,,,,,,,,,,,,,,,,,,,,,,,,,,,,,,2024-02-08 10:46:01,,,,,,,,W,,,,,,,,,,2000,,,,,,,,2024-02-08,2499-12-31,,,,,0,,
13781,02,004464650,13781,004464650,,RTCS,เงียบ สุดสาว,1948-11-01,3421000382461,,,,,,,,,,,,,,,,,,,,,,,,,,,,,,,,2024-02-08 13:35:11.998000,,,,,,,,W,,,,,,,,,,2000,,,,,,,,2024-02-08,2499-12-31,,,,,0,,
13781,,006141135,13781,006141135,,RTCS,คณิต ปัทมาลัย,1947-08-16,4630100002495,,,,,,,,,,,,,,,,,,,,,,,,,,,,,,,,2024-02-09 12:49:02,,,,,,,,W,,,,,,,,,,2000,,,,,,,,2024-02-09,2499-12-31,,,,,0,,
13781,,005695093,13781,005695093,,RTSS,จิรัชยา วิจารณ์จันทร์,,3720800559051,,,,2,,,,,,,,,,,,,,,,,,,,,,,,,,,,2024-02-10 12:24:21,,,,,,,,,,,,,,,SSBQW1DE,HD,HD,1500,,2,,,,,,2021-06-01,,,,,,0,,
13781,,004939083,13781,004939083,,RTSS,อนุชา แซ่ลี้,,1820500073415,,,,1,,,,,,,,,,,,,,,,,,,,,,,,,,,,2024-02-14 06:36:59.998000,,,,,,,,,,,,,,,SSJ1OCCQ,HD,HD,1500,,2,,,,,,2019-08-28,,,,,,0,,
13781,,004705685,13781,004705685,,RTCS,กชกร ซ่อนกลิ่น,1959-11-02,2310300023808,,,,,,,,,,,,,,,,,,,,,,,,,,,,,,,,2024-02-15 10:50:28,,,,,,,,W,,,,,,,,,,2000,,,,,,,,2024-02-15,2499-12-31,,,,,0,,
13781,,005050990,13781,005050990,,RTCS,ปราณีต บัวเผื่อน,1941-06-25,3130100113609,,,,,,,,,,,,,,,,,,,,,,,,,,,,,,,,2024-04-24 08:26:58,,,D,,E,,,W,,,,,,,,,,2000,,,,,,,,2024-02-19,2024-04-22,,,,,0,,
13781,,005807692,13781,005807692,,RTSS,ลัดดา จึงเจริญกิจ,1974-05-18,3110200030799,,,,2,,,,,,,,,,,,,,,,,,,,,,,,,,,,2024-05-06 09:15:59.999000,,,D,,E,,,,,,,,,,SSDVJC93,HD,HD,1500,,2,,,,,,2012-10-15,2024-04-16,,,,,0,,
13781,,003935696,13781,003935696,,RTCS,ยวนใจ กองแก้ว,1935-01-01,3169900083290,,,,,,,,,,,,,,,,,,,,,,,,,,,,,,,,2024-02-20 10:56:05.998000,,,,,,,,W,,,,,,,,,,2000,,,,,,,,2024-02-20,2499-12-31,,,,,0,,
13781,,004779255,13781,004779255,,RTCS,จันทนา ขจิตพรกุล,1973-10-19,3200101199417,,,,,,,,,,,,,,,,,,,,,,,,,,,,,,,,2024-02-22 08:37:39.998000,,,,,,,,W,,,,,,,,,,2000,,,,,,,,2024-02-22,2499-12-31,,,,,0,,
13781,02,005095478,13781,005095478,,RTCS,ประพันธ์ กล่อมจิตร,1964-09-24,3660800146645,,,,,,,,,,,,,,,,,,,,,,,,,,,,,,,,2024-02-23 13:22:56,,,,,,,,W,,,,,,,,,,2000,,,,,,,,2024-02-23,2499-12-31,,,,,0,,
13781,,005606849,13781,005606849,,RTCS,มาลี ประสงค์เจริญ,1952-10-14,3110200482444,,,,,,,,,,,,,,,,,,,,,,,,,,,,,,,,2024-02-27 11:57:07,,,,,,,,W,,,,,,,,,,2000,,,,,,,,2024-02-27,2499-12-31,,,,,0,,
13781,,002234646,13781,002234646,,RTCS,สุจิตรา ลิขิตธนสมบัติ,1933-04-01,3101500983113,,,,,,,,,,,,,,,,,,,,,,,,,,,,,,,,2024-02-28 14:27:24.999000,,,,,,,,W,,,,,,,,,,2000,,,,,,,,2024-02-28,2499-12-31,,,,,0,,
13781,,005941840,13781,005941840,,RTSS,กิตติวัฒน์ ยิ้มแย้ม,,3460200282108,,,,1,,,,,,,,,,,,,,,,,,,,,,,,,,,,2024-03-04 12:54:16.998000,,,,,,,,,,,,,,,SSF6RCE0,HD,HD,1500,,2,,,,,,2021-11-11,,,,,,0,,
13781,,006113433,13781,006113433,,RTCS,สมพร เชาว์ปรีชา,1950-02-20,5600600006498,,,,,,,,,,,,,,,,,,,,,,,,,,,,,,,,2024-03-07 07:38:39.998000,,,,,,,,W,,,,,,,,,,2000,,,,,,,,2024-03-07,2499-12-31,,,,,0,,
13781,,003640001,13781,003640001,,RTCS,สำลี ชาติชินเชาว์,1942-01-10,3909900282007,,,,,,,,,,,,,,,,,,,,,,,,,,,,,,,,2024-03-15 08:07:20,,,,,,,,W,,,,,,,,,,2000,,,,,,,,2024-03-15,2499-12-31,,,,,0,,
13781,02,006066070,13781,006066070,,RTCS,ราตรี นิธิเศรษฐ์,1967-06-20,3600200065679,,,,,,,,,,,,,,,,,,,,,,,,,,,,,,,,2026-02-19 09:11:02.999000,,,D,,E,,,W,,,,,,,,,,2000,,,,,,,,2024-03-19,2026-02-16,,,,,0,,
13781,02,003001319,13781,003001319,,RTCS,สมจิตร์ ประสงค์เงิน,1943-12-05,3101400835376,,,,,,,,,,,,,,,,,,,,,,,,,,,,,,,,2024-03-20 14:20:35.998000,,,,,,,,W,,,,,,,,,,2000,,,,,,,,2024-03-20,2499-12-31,,,,,0,,
13781,,003870732,13781,003870732,,RTCS,ฉอ้อน หล่อประเสริฐ,1933-04-01,3140100462051,,,,,,,,,,,,,,,,,,,,,,,,,,,,,,,,2024-05-21 13:23:04,,,D,,E,,,W,,,,,,,,,,2000,,,,,,,,2024-03-21,2024-05-13,,,,,0,,
13781,,006150911,13781,006150911,,RTCS,บุญ ศิริโสม,1979-06-04,3350200272472,,,,,,,,,,,,,,,,,,,,,,,,,,,,,,,,2024-03-21 14:22:38,,,,,,,,W,,,,,,,,,,2000,,,,,,,,2024-03-21,2499-12-31,,,,,0,,
13781,,004970555,13781,004970555,,RTCS,กุศล บุญโอภาส,1963-03-22,3920100114888,,,,,,,,,,,,,,,,,,,,,,,,,,,,,,,,2024-03-22 10:00:42.998000,,,,,,,,W,,,,,,,,,,2000,,,,,,,,2024-03-22,2499-12-31,,,,,0,,
13781,,003720023,13781,003720023,,RTCS,สมศักดิ์ บูรณะกุล,1947-08-21,3101701771831,,,,,,,,,,,,,,,,,,,,,,,,,,,,,,,,2024-09-03 14:18:40,,,D,,E,,,W,,,,,,,,,,2000,,,,,,,,2024-03-27,2024-08-26,,,,,0,,
13781,,002635444,13781,002635444,,RTCS,ปฐม พรรณประสาธน์,1943-09-15,3130300631620,,,,,,,,,,,,,,,,,,,,,,,,,,,,,,,,2024-07-18 14:59:15.998000,,,D,,E,,,W,,,,,,,,,,2000,,,,,,,,2024-03-28,2024-07-15,,,,,0,,
13781,,004201879,13781,004201879,,RTCS,จำลอง อัตชู,1933-04-12,3660100064557,,,,,,,,,,,,,,,,,,,,,,,,,,,,,,,,2024-04-01 08:41:37.999000,,,,,,,,W,,,,,,,,,,2000,,,,,,,,2024-04-01,2499-12-31,,,,,0,,
13781,,001640407,13781,001640407,,RTSS,เกษวริณฑ์ พันธุเวช,,3200100440447,,,,2,,,,,,,,,,,,,,,,,,,,,,,,,,,,2024-04-05 18:23:38.998000,,,,,,,,,,,,,,,SSM7PSH0,HD,HD,1500,,2,,,,,,2022-02-21,,,,,,0,,
13781,02,004663752,13781,004663752,,RTCS,กำไร ยอดเจริญ,1956-01-01,3600400335211,,,,,,,,,,,,,,,,,,,,,,,,,,,,,,,,2024-04-11 07:43:56,,,,,,,,W,,,,,,,,,,2000,,,,,,,,2024-04-11,2499-12-31,,,,,0,,
13781,,006170945,13781,006170945,,RTCS,ปราโมทย์ เพ็งโอ,1974-03-25,3909900264921,,,,,,,,,,,,,,,,,,,,,,,,,,,,,,,,2024-04-17 09:01:57,,,,,,,,W,,,,,,,,,,2000,,,,,,,,2024-04-17,2499-12-31,,,,,0,,
13781,02,005574290,13781,005574290,,RTCS,สมลักษณ์ ประทุม,1940-07-31,3100501834081,,,,,,,,,,,,,,,,,,,,,,,,,,,,,,,,2024-04-22 09:16:39,,,,,,,,W,,,,,,,,,,2000,,,,,,,,2024-04-22,2499-12-31,,,,,0,,
13781,,005104470,13781,005104470,,RTCS,อภิศักดิ์ แก้วสูงเนิน,1969-05-18,3100502678368,,,,,,,,,,,,,,,,,,,,,,,,,,,,,,,,2024-04-25 14:22:57.999000,,,,,,,,W,,,,,,,,,,2000,,,,,,,,2024-04-25,2499-12-31,,,,,0,,
13781,02,004406986,13781,004406986,,RTCS,สุทธิชัย ศรีฉัตร,1955-09-03,3100903610331,,,,,,,,,,,,,,,,,,,,,,,,,,,,,,,,2026-02-04 09:21:02.998000,,,D,,E,,,W,,,,,,,,,,2000,,,,,,,,2024-04-29,2026-01-26,,,,,0,,
13781,,004542928,13781,004542928,,RTCS,ศิริพร พรรณเขียวหวาน,1960-12-15,3140600071778,,,,,,,,,,,,,,,,,,,,,,,,,,,,,,,,2024-04-29 11:58:08,,,,,,,,W,,,,,,,,,,2000,,,,,,,,2024-04-29,2499-12-31,,,,,0,,
13781,,003633840,13781,003633840,,RTCS,เฉลียว เทสวัสดิ์,1945-01-01,3110400901556,,,,,,,,,,,,,,,,,,,,,,,,,,,,,,,,2024-04-30 09:27:17,,,,,,,,W,,,,,,,,,,2000,,,,,,,,2024-04-30,2499-12-31,,,,,0,,
13781,02,000525074,13781,000525074,,RTCS,จิตรา ชัยลือกิจ,1932-04-01,3100800265274,,,,,,,,,,,,,,,,,,,,,,,,,,,,,,,,2024-04-30 10:47:15,,,,,,,,W,,,,,,,,,,2000,,,,,,,,2024-04-30,2499-12-31,,,,,0,,
13781,,003378701,13781,003378701,,RTCS,อมร สุวิวัฒน์,1933-04-01,3850400099826,,,,,,,,,,,,,,,,,,,,,,,,,,,,,,,,2024-07-18 14:59:27,,,D,,E,,,W,,,,,,,,,,2000,,,,,,,,2024-05-01,2024-07-08,,,,,0,,
13781,02,006037740,13781,006037740,,RTCS,สมจิตต์ ไชยกุล,1934-02-25,3101400780717,,,,,,,,,,,,,,,,,,,,,,,,,,,,,,,,2024-05-03 07:56:19.998000,,,,,,,,W,,,,,,,,,,2000,,,,,,,,2024-05-03,2499-12-31,,,,,0,,
13781,,006159832,13781,006159832,,RTSS,อรพรรณ ม่วงเกิด,,1180600001242,,,,2,,,,,,,,,,,,,,,,,,,,,,,,,,,,2024-05-09 06:42:59,,,,,,,,,,,,,,,SSM24DEH,HD,HD,1500,,2,,,,,,2022-09-07,,,,,,0,,
13781,,005915819,13781,005915819,,RTSS,ญาดานันทน์ กวยรักษา,,3730600453128,,,,2,,,,,,,,,,,,,,,,,,,,,,,,,,,,2024-05-11 09:39:13.998000,,,,,,,,,,,,,,,SSAD23B0,HD,HD,1500,,2,,,,,,2022-04-11,,,,,,0,,
13781,,001999600,13781,001999600,,RTCS,วิโรจน์ จันทร์เขียว,1949-04-19,5101400134731,,,,,,,,,,,,,,,,,,,,,,,,,,,,,,,,2024-05-16 07:07:05,,,,,,,,W,,,,,,,,,,2000,,,,,,,,2024-05-16,2499-12-31,,,,,0,,
13781,,005997469,13781,005997469,,RTSS,อัจจิมา สิทธิฤกษ์,1993-09-02,1901300026324,,,,2,,,,,,,,,,,,,,,,,,,,,,,,,,,,2024-08-02 15:08:15,,,,,,,,,,,,,,,SSEQP3QT,HD,HD,1500,,2,,,,,,2017-09-30,,,,,,0,,
13781,,006054259,13781,006054259,,RTSS,รจนา กองเตย,,5671000047003,,,,2,,,,,,,,,,,,,,,,,,,,,,,,,,,,2024-05-24 06:46:45.998000,,,,,,,,,,,,,,,SSC6E6XD,HD,HD,1500,,2,,,,,,2023-09-20,,,,,,0,,
13781,,005972526,13781,005972526,,RTCS,สมจิต อุดมสินค้า,1952-06-23,3160600208480,,,,,,,,,,,,,,,,,,,,,,,,,,,,,,,,2024-05-27 07:43:46.999000,,,,,,,,W,,,,,,,,,,2000,,,,,,,,2024-05-27,2499-12-31,,,,,0,,
13781,,002269545,13781,002269545,,RTCS,จิลาพร เรืองไทย,1960-04-30,3600101224957,,,,,,,,,,,,,,,,,,,,,,,,,,,,,,,,2024-05-27 09:02:04,,,,,,,,W,,,,,,,,,,2000,,,,,,,,2024-05-27,2499-12-31,,,,,0,,
13781,,006037509,13781,006037509,,RTSS,ฌาณ มานะชำนิ,2000-12-08,1103703155776,,,,1,,,,,,,,,,,,,,,,,,,,,,,,,,,,2025-10-07 14:39:06.998000,,,,,,,,,,,,,,,SSVT24BR,HD,HD,1500,,2,,,,,,2024-04-14,,,,,,0,,
13781,02,003782695,13781,003782695,,RTCS,สุวรรณา นพคุณ,1950-06-04,3100502471143,,,,,,,,,,,,,,,,,,,,,,,,,,,,,,,,2024-06-05 07:55:22.998000,,,,,,,,W,,,,,,,,,,2000,,,,,,,,2024-06-05,2499-12-31,,,,,0,,
13781,,001865031,13781,001865031,,RTCS,สนอง ไหมทอง,1943-05-01,3101402293813,,,,,,,,,,,,,,,,,,,,,,,,,,,,,,,,2024-12-03 08:42:04.998000,,,D,,E,,,W,,,,,,,,,,2000,,,,,,,,2024-06-05,2024-12-02,,,,,0,,
13781,,004420504,13781,004420504,,RTSS,นลินรัตน์ วชิรไกรสิทธิ์,,4100600045961,,,,2,,,,,,,,,,,,,,,,,,,,,,,,,,,,2024-06-05 15:49:14.999000,,,,,,,,,,,,,,,SSGBCDBC,HD,HD,1500,,2,,,,,,2021-08-17,,,,,,0,,
13781,,003666854,13781,003666854,,RTCS,พยุง สว่างเรืองฤทธิ์,1936-10-30,3600800437453,,,,,,,,,,,,,,,,,,,,,,,,,,,,,,,,2024-06-07 11:23:01,,,,,,,,W,,,,,,,,,,2000,,,,,,,,2024-06-07,2499-12-31,,,,,0,,
13781,,003474015,13781,003474015,,RTSS,กฤษฎา คล้ายขำ,,3610600577502,,,,1,,,,,,,,,,,,,,,,,,,,,,,,,,,,2024-06-08 06:55:12,,,,,,,,,,,,,,,SSKO7K88,HD,HD,1500,,2,,,,,,2021-06-14,,,,,,0,,
13781,,001787548,13781,001787548,,RTSS,อัญชลี พุ่มกำเนิด,,3100602257283,,,,2,,,,,,,,,,,,,,,,,,,,,,,,,,,,2024-06-10 06:16:29.999000,,,,,,,,,,,,,,,SSMRRA3H,HD,HD,1500,,2,,,,,,2021-02-26,,,,,,0,,
13781,,004908175,13781,004908175,,RTSS,ศศิประภา ศรีวิชัย,,3600700029639,,,,2,,,,,,,,,,,,,,,,,,,,,,,,,,,,2024-06-15 08:48:46.998000,,,,,,,,,,,,,,,SSKIHGM7,HD,HD,1500,,2,,,,,,2012-10-15,,,,,,0,,
13781,,004966728,13781,004966728,,RTCS,ธีรพล บุญเพียรผล,1950-11-15,3760500247038,,,,,,,,,,,,,,,,,,,,,,,,,,,,,,,,2024-06-17 09:17:40,,,,,,,,W,,,,,,,,,,2000,,,,,,,,2024-06-17,2499-12-31,,,,,0,,
13781,,005305294,13781,005305294,,RTCS,ภัคพล น้อยกาญจนะ,1991-07-17,1430200152585,,,,,,,,,,,,,,,,,,,,,,,,,,,,,,,,2024-06-19 07:59:25,,,,,,,,W,,,,,,,,,,2000,,,,,,,,2024-06-19,2499-12-31,,,,,0,,
13781,,004110554,13781,004110554,,RTSS,วุฒิชัย สุรินทราช,,3311300271631,,,,1,,,,,,,,,,,,,,,,,,,,,,,,,,,,2024-06-19 13:44:23.999000,,,,,,,,,,,,,,,SSDEAQ3Y,HD,HD,1500,,2,,,,,,2012-10-15,,,,,,0,,
13781,,005171658,13781,005171658,,RTCS,พิบูลย์ สงคราม,1949-01-01,3229900088479,,,,,,,,,,,,,,,,,,,,,,,,,,,,,,,,2024-06-25 09:08:02.998000,,,,,,,,W,,,,,,,,,,2000,,,,,,,,2024-06-25,2499-12-31,,,,,0,,
13781,,005142686,13781,005142686,,RTSS,สุทัศน์ อินทร์ขาว,1976-04-18,5341800015435,,,,1,,,,,,,,,,,,,,,,,,,,,,,,,,,,2024-07-01 21:47:48,,,,,,,,,,,,,,CS,SSMH3YRB,HD,HD,1500,,2,,,,,,2016-02-13,,,,S,C,500,,
13781,02,004842813,13781,004842813,,RTCS,โชค ติภิ,1952-01-01,3141000263791,,,,,,,,,,,,,,,,,,,,,,,,,,,,,,,,2024-07-02 13:57:47,,,,,,,,W,,,,,,,,,,2000,,,,,,,,2024-07-02,2499-12-31,,,,,0,,
13781,,005056334,13781,005056334,,RTCS,วิเชียร ดิษาภิรมย์,1931-01-01,3101000389794,,,,,,,,,,,,,,,,,,,,,,,,,,,,,,,,2025-11-19 08:52:54,,,D,,E,,,W,,,,,,,,,,2000,,,,,,,,2024-07-04,2025-11-10,,,,,0,,
13781,,000298208,13781,000298208,,RTCS,เพ็ญศรี จุลนิมิ,1946-03-10,3102001884951,,,,,,,,,,,,,,,,,,,,,,,,,,,,,,,,2024-07-08 11:57:01.998000,,,,,,,,W,,,,,,,,,,2000,,,,,,,,2024-07-08,2499-12-31,,,,,0,,
13781,02,005455399,13781,005455399,,RTCS,วิลาวัลย์ บ่ายคล้อย,1940-01-01,3100500662979,,,,,,,,,,,,,,,,,,,,,,,,,,,,,,,,2024-07-08 11:57:37,,,,,,,,W,,,,,,,,,,2000,,,,,,,,2024-07-08,2499-12-31,,,,,0,,
13781,,004047631,13781,004047631,,RTCS,ณัฐวุฒิ ไขขุนทด,1968-04-04,3360600243208,,,,,,,,,,,,,,,,,,,,,,,,,,,,,,,,2024-07-10 13:50:15,,,,,,,,W,,,,,,,,,,2000,,,,,,,,2024-07-10,2499-12-31,,,,,0,,
13781,,004725580,13781,004725580,,RTCS,พิไลวรรณ สุนทร,1952-01-11,3220100575229,,,,,,,,,,,,,,,,,,,,,,,,,,,,,,,,2025-11-05 09:52:11.998000,,,D,,E,,,W,,,,,,,,,,2000,,,,,,,,2024-07-11,2025-10-27,,,,,0,,
13781,,004618777,13781,004618777,,RTSS,กันยารัตน์ เพ็ชร์รักษ์,,3170100225806,,,,2,,,,,,,,,,,,,,,,,,,,,,,,,,,,2024-07-12 11:03:00.998000,,,,,,,,,,,,,,,SSG4XXDK,HD,HD,1500,,2,,,,,,2012-10-15,,,,,,0,,
13781,02,003768412,13781,003768412,,RTCS,จิ๋น เหลืองอร่ามพานิช,1936-07-10,3102002566813,,,,,,,,,,,,,,,,,,,,,,,,,,,,,,,,2025-08-19 14:46:18.998000,,,D,,E,,,W,,,,,,,,,,2000,,,,,,,,2024-07-17,2025-08-18,,,,,0,,
13781,,005530614,13781,005530614,,RTSS,ขวัญใจ เนาวลักษณ์,,3240600148753,,,,2,,,,,,,,,,,,,,,,,,,,,,,,,,,,2024-07-18 13:32:15.998000,,,,,,,,,,,,,,,SSBWDPJE,HD,HD,1500,,2,,,,,,2018-05-27,,,,,,0,,
13781,02,003663571,13781,003663571,,RTCS,บุญเรือง ธรรมธัชพิมล,1936-01-22,3100500157522,,,,,,,,,,,,,,,,,,,,,,,,,,,,,,,,2024-07-24 14:35:41.999000,,,,,,,,W,,,,,,,,,,2000,,,,,,,,2024-07-24,2499-12-31,,,,,0,,
13781,,003698578,13781,003698578,,RTCS,แหม่ม นาคเขียว,1963-02-27,3730300124277,,,,,,,,,,,,,,,,,,,,,,,,,,,,,,,,2024-07-25 07:40:50,,,,,,,,W,,,,,,,,,,2000,,,,,,,,2024-07-25,2499-12-31,,,,,0,,
13781,02,003608391,13781,003608391,,RTCS,เฉลิม ไวยพัฒน์,1944-10-18,3140300174491,,,,,,,,,,,,,,,,,,,,,,,,,,,,,,,,2024-07-30 08:36:22,,,,,,,,W,,,,,,,,,,2000,,,,,,,,2024-07-30,2499-12-31,,,,,0,,
13781,02,004066247,13781,004066247,,RTCS,ชม ฉ่ำมาก,1938-01-01,3160101065870,,,,,,,,,,,,,,,,,,,,,,,,,,,,,,,,2024-07-30 11:10:13.999000,,,,,,,,W,,,,,,,,,,2000,,,,,,,,2024-07-30,2499-12-31,,,,,0,,
13781,,005994938,13781,005994938,,RTSS,เสาวนีย์ ถวิลรักษ์,,1103701254416,,,,2,,,,,,,,,,,,,,,,,,,,,,,,,,,,2024-08-01 13:07:44.998000,,,,,,,,,,,,,,,SSML02NM,HD,HD,1500,,2,,,,,,2021-12-20,,,,,,0,,
13781,,005596240,13781,005596240,,RTSS,อินทิรา อินพักทัน,1974-05-28,3600500552508,,,,2,,,,,,,,,,,,,,,,,,,,,,,,,,,,2025-09-23 08:38:21,,,,,,,,,,,,,,,SSKPI5AR,HD,HD,1500,,2,,,,,,2019-09-03,,,,,,0,,
13781,02,003882815,13781,003882815,,RTCS,นุกูล หลาวทอง,1944-08-09,3331000335943,,,,,,,,,,,,,,,,,,,,,,,,,,,,,,,,2024-08-19 14:10:24,,,,,,,,W,,,,,,,,,,2000,,,,,,,,2024-08-19,2499-12-31,,,,,0,,
13781,,002982707,13781,002982707,,RTCS,จ่าย ผดุงโกเมตร,1940-01-01,3670200169857,,,,,,,,,,,,,,,,,,,,,,,,,,,,,,,,2024-09-18 11:00:42.999000,,,D,,E,,,W,,,,,,,,,,2000,,,,,,,,2024-08-21,2024-09-09,,,,,0,,
13781,,003063878,13781,003063878,,RTCS,ญาดา เชาวสกู,1962-08-18,3499900075693,,,,,,,,,,,,,,,,,,,,,,,,,,,,,,,,2024-08-22 07:53:06,,,,,,,,W,,,,,,,,,,2000,,,,,,,,2024-08-22,2499-12-31,,,,,0,,
13781,,004870044,13781,004870044,,RTCS,กันต์กวี พุ่มน้ำเย็น,1967-11-05,3740200361153,,,,,,,,,,,,,,,,,,,,,,,,,,,,,,,,2024-09-02 13:23:49.998000,,,,,,,,W,,,,,,,,,,4000,,,,,,,,2024-08-22,2499-12-31,,,,,0,,
13781,02,003039224,13781,003039224,,RTCS,ทนง ตันติธีรวิทย์,1952-08-01,3101401119259,,,,,,,,,,,,,,,,,,,,,,,,,,,,,,,,2024-08-28 12:55:44,,,,,,,,W,,,,,,,,,,2000,,,,,,,,2024-08-28,2499-12-31,,,,,0,,
13781,,005973871,13781,005973871,,RTCS,พรทิพา ว่องกิตติพงษ์,1961-08-05,3909800298785,,,,,,,,,,,,,,,,,,,,,,,,,,,,,,,,2024-09-02 09:09:25.998000,,,,,,,,W,,,,,,,,,,2000,,,,,,,,2024-09-02,2499-12-31,,,,,0,,
13781,,006120750,13781,006120750,,RTSS,เกษม อาทรทีป,,3100800970709,,,,1,,,,,,,,,,,,,,,,,,,,,,,,,,,,2024-09-02 11:14:49,,,,,,,,,,,,,,,SSD1QEZ2,HD,HD,1500,,2,,,,,,2023-06-06,,,,,,0,,
13781,,004242422,13781,004242422,,RTCS,ฟื้น พรหมแก้ว,1956-12-05,3930500328087,,,,,,,,,,,,,,,,,,,,,,,,,,,,,,,,2024-09-03 10:40:36,,,,,,,,W,,,,,,,,,,2000,,,,,,,,2024-09-03,2499-12-31,,,,,0,,
13781,,004389169,13781,004389169,,RTCS,สัมฤทธิ์ ธนูศิลป์,1934-11-11,3840100111758,,,,,,,,,,,,,,,,,,,,,,,,,,,,,,,,2024-09-03 13:21:18,,,,,,,,W,,,,,,,,,,2000,,,,,,,,2024-09-03,2499-12-31,,,,,0,,
13781,,004071830,13781,004071830,,RTCS,ตะวัน ถวายพุ่ม,1977-02-01,3110300272794,,,,,,,,,,,,,,,,,,,,,,,,,,,,,,,,2024-09-09 07:53:32.999000,,,,,,,,W,,,,,,,,,,2000,,,,,,,,2024-09-09,2499-12-31,,,,,0,,
13781,,006190765,13781,006190765,,RTSS,จรัสพงศ์ รอดศรีนาค,,3840100549354,,,,1,,,,,,,,,,,,,,,,,,,,,,,,,,,,2024-09-11 06:41:37,,,,,,,,,,,,,,,SSKLEMQK,HD,HD,1500,,2,,,,,,2019-04-25,,,,,,0,,
13781,,005549350,13781,005549350,,RTCS,สุรพงษ์ พัฒนจันทร์,1956-05-20,3600700836879,,,,,,,,,,,,,,,,,,,,,,,,,,,,,,,,2024-11-05 08:13:30.998000,,,D,,E,,,W,,,,,,,,,,2000,,,,,,,,2024-09-12,2024-11-04,,,,,0,,
13781,,004875585,13781,004875585,,RTCS,กุลวราณัฐฐ์ อินทรภักดิ์,1985-01-03,1361000020636,,,,,,,,,,,,,,,,,,,,,,,,,,,,,,,,2024-09-12 09:00:39.999000,,,,,,,,W,,,,,,,,,,2000,,,,,,,,2024-09-12,2499-12-31,,,,,0,,
13781,,006045097,13781,006045097,,RTCS,มณีกุล ศรีเกลื่อน,1988-05-06,1900700101519,,,,,,,,,,,,,,,,,,,,,,,,,,,,,,,,2024-09-12 15:41:10,,,,,,,,W,,,,,,,,,,2000,,,,,,,,2024-09-12,2499-12-31,,,,,0,,
13781,,005710056,13781,005710056,,RTSS,สินทวี ขุนไม้งาม,1973-06-13,3720700940357,,,,1,,,,,,,,,,,,,,,,,,,,,,,,,,,,2025-11-18 08:19:44.999000,,,,,,,,,,,,,,,SSKR17X3,HD,HD,1500,,2,,,,,,2021-04-15,,,,,,0,,
13781,,005322639,13781,005322639,,RTCS,อนุสร สุกุมลจันทร์,1956-08-07,3100501274352,,,,,,,,,,,,,,,,,,,,,,,,,,,,,,,,2024-09-18 09:15:12,,,,,,,,W,,,,,,,,,,2000,,,,,,,,2024-09-18,2499-12-31,,,,,0,,
13781,,005745058,13781,005745058,,RTSS,ปฏิภาณ สังคีต,,1103701988177,,,,1,,,,,,,,,,,,,,,,,,,,,,,,,,,,2024-10-02 18:28:03.998000,,,S,,E,,,,,,,,,,SSBGYKLJ,HD,HD,1500,,2,,,,,,2020-07-22,2024-09-30,,,,,0,,
13781,02,004684331,13781,004684331,,RTCS,สุริชัย นารั้ง,1966-08-12,3401300072084,,,,,,,,,,,,,,,,,,,,,,,,,,,,,,,,2024-09-18 13:50:33.999000,,,,,,,,W,,,,,,,,,,2000,,,,,,,,2024-09-18,2499-12-31,,,,,0,,
13781,02,005970150,13781,005970150,,RTCS,ณัฐยศ ชัยเจริญสวัสดิ์,1940-12-30,3100100585829,,,,,,,,,,,,,,,,,,,,,,,,,,,,,,,,2024-09-19 07:41:13,,,,,,,,W,,,,,,,,,,2000,,,,,,,,2024-09-19,2499-12-31,,,,,0,,
13781,02,006222119,13781,006222119,,RTCS,ปราณีต ประพันธ์,1957-12-30,3841500047306,,,,,,,,,,,,,,,,,,,,,,,,,,,,,,,,2024-09-20 11:48:00.998000,,,,,,,,W,,,,,,,,,,2000,,,,,,,,2024-09-20,2499-12-31,,,,,0,,
13781,02,005204283,13781,005204283,,RTSS,อานนท์ วงวร,,1959900353251,,,,1,,,,,,,,,,,,,,,,,,,,,,,,,,,,2024-09-23 11:26:34,,,,,,,,,,,,,,,SSBHEKSA,HD,HD,1500,,2,,,,,,2024-03-06,,,,,,0,,
13781,,004936329,13781,004936329,,RTCS,อุษา ประกาศเกตุการ,1940-01-20,3100400043916,,,,,,,,,,,,,,,,,,,,,,,,,,,,,,,,2024-11-05 08:13:43,,,D,,E,,,W,,,,,,,,,,2000,,,,,,,,2024-09-25,2024-10-28,,,,,0,,
13781,,003722124,13781,003722124,,RTCS,พรศักดิ์ ผลปราชญ์,1936-09-15,3120100621400,,,,,,,,,,,,,,,,,,,,,,,,,,,,,,,,2024-11-19 13:50:23,,,D,,E,,,W,,,,,,,,,,2000,,,,,,,,2024-09-30,2024-11-11,,,,,0,,
13781,,004998467,13781,004998467,,RTCS,สุรพล บุตรชำนิ,1956-02-12,3810100719110,,,,,,,,,,,,,,,,,,,,,,,,,,,,,,,,2024-10-04 11:35:09.998000,,,,,,,,W,,,,,,,,,,2000,,,,,,,,2024-10-04,2499-12-31,,,,,0,,
13781,,004207252,13781,004207252,,RTSS,อนงค์นุช แซ่เฮ้ง,,3101500550853,,,,2,,,,,,,,,,,,,,,,,,,,,,,,,,,,2024-10-04 13:06:50,,,,,,,,,,,,,,,SSI5P7WY,HD,HD,1500,,2,,,,,,2012-10-15,,,,,,0,,
13781,,005699899,13781,005699899,,RTSS,สุริยา จันตระกูล,,1860400097941,,,,1,,,,,,,,,,,,,,,,,,,,,,,,,,,,2024-10-07 15:14:54,,,,,,,,,,,,,,,SSKJN031,HD,HD,1500,,2,,,,,,2020-02-24,,,,,,0,,
13781,,004957945,13781,004957945,,RTSS,กาญจนี กาพย์เกิด,1959-11-16,3102002356223,,,,2,,,,,,,,,,,,,,,,,,,,,,,,,,,,2026-03-17 08:15:54.999000,,,S,,E,,,,,,,,,,SSK4D1VR,HD,HD,1500,,2,,,,,,2015-01-04,2026-03-12,,,,,0,,
13781,,004403407,13781,004403407,,RTSS,กมล หงษ์เงิน,,3101900386295,,,,1,,,,,,,,,,,,,,,,,,,,,,,,,,,,2024-10-09 12:44:40.999000,,,,,,,,,,,,,,,SSLWAILL,HD,HD,1500,,2,,,,,,2012-10-15,,,,,,0,,
13781,,005342610,13781,005342610,,RTSS,ตรีเนตร สุวรัตน์,,3160700174676,,,,2,,,,,,,,,,,,,,,,,,,,,,,,,,,,2024-10-12 12:28:55,,,,,,,,,,,,,,,SSBQHR23,HD,HD,1500,,2,,,,,,2017-01-19,,,,,,0,,
13781,02,006230439,13781,006230439,,RTCS,วิรัตน์ เชื้อผ่องพรรณ,1957-10-27,3100700341947,,,,,,,,,,,,,,,,,,,,,,,,,,,,,,,,2025-03-04 14:51:52.998000,,,D,,E,,,W,,,,,,,,,,2000,,,,,,,,2024-10-15,2025-03-03,,,,,0,,
13781,,003340923,13781,003340923,,RTCS,นิภา พานิชกุล,1948-12-17,3100100903740,,,,,,,,,,,,,,,,,,,,,,,,,,,,,,,,2024-12-18 08:52:47,,,D,,E,,,W,,,,,,,,,,2000,,,,,,,,2024-10-18,2024-12-16,,,,,0,,
13781,,004974985,13781,004974985,,RTSS,ณราวุฒิ บุญชูธนะวัตร,,1339900003930,,,,1,,,,,,,,,,,,,,,,,,,,,,,,,,,,2024-10-19 15:52:22,,,,,,,,,,,,,,,SSRXZTC9,HD,HD,1500,,2,,,,,,2022-05-04,,,,,,0,,
13781,,006217704,13781,006217704,,RTSS,สุภาวดี สินธุวณิชย์,,3219900072939,,,,2,,,,,,,,,,,,,,,,,,,,,,,,,,,,2024-10-22 09:28:31,,,,,,,,,,,,,,,SSEYYDOW,HD,HD,1500,,2,,,,,,2023-05-09,,,,,,0,,
13781,,005165696,13781,005165696,,RTCS,บุญมี ทรงกลด,1960-02-05,3110101039534,,,,,,,,,,,,,,,,,,,,,,,,,,,,,,,,2024-10-22 14:51:23.999000,,,,,,,,W,,,,,,,,,,2000,,,,,,,,2024-10-22,2499-12-31,,,,,0,,
13781,,004167858,13781,004167858,,RTSS,เอกพจน์ เพ็ญศรีสวรรค์,,3600200062335,,,,1,,,,,,,,,,,,,,,,,,,,,,,,,,,,2024-10-23 09:27:03,,,,,,,,,,,,,,,SSC9EYJH,KT,KT,1500,,2,,,,,,2018-01-10,,,,,,0,,
13781,,004554834,13781,004554834,,RTCS,ทองปลิว เทศสวัสดิ์วงศ์,1946-01-01,3310400956090,,,,,,,,,,,,,,,,,,,,,,,,,,,,,,,,2024-10-24 08:40:27,,,,,,,,W,,,,,,,,,,2000,,,,,,,,2024-10-24,2499-12-31,,,,,0,,
13781,,005180276,13781,005180276,,RTCS,สำเนา ปานน้อย,1960-03-26,3840700010944,,,,,,,,,,,,,,,,,,,,,,,,,,,,,,,,2024-10-29 07:56:20.998000,,,,,,,,W,,,,,,,,,,2000,,,,,,,,2024-10-29,2499-12-31,,,,,0,,
13781,,003024018,13781,003024018,,RTSS,สุจินดา เลี้ยงบุญเลิศชัย,,4102000001906,,,,2,,,,,,,,,,,,,,,,,,,,,,,,,,,,2024-10-29 13:43:56,,,,,,,,,,,,,,,SSLSWS45,HD,HD,1500,,2,,,,,,2021-07-09,,,,,,0,,
13781,02,005681705,13781,005681705,,RTCS,เพลิงพล บุญชู,1983-07-16,3730200310273,,,,,,,,,,,,,,,,,,,,,,,,,,,,,,,,2024-10-30 08:04:19,,,,,,,,W,,,,,,,,,,2000,,,,,,,,2024-10-30,2499-12-31,,,,,0,,
13781,,004145444,13781,004145444,,RTCS,อติพร บัวหลวง,1977-11-12,2250200022258,,,,,,,,,,,,,,,,,,,,,,,,,,,,,,,,2024-10-30 09:28:42.998000,,,,,,,,W,,,,,,,,,,2000,,,,,,,,2024-10-30,2499-12-31,,,,,0,,
13781,,005153655,13781,005153655,,RTCS,ปุญญรัสมิ์ ปราชญ์โชติธนากูล,1981-07-02,2570400024821,,,,,,,,,,,,,,,,,,,,,,,,,,,,,,,,2024-11-04 12:43:16.998000,,,,,,,,W,,,,,,,,,,2000,,,,,,,,2024-11-04,2499-12-31,,,,,0,,
13781,02,001948423,13781,001948423,,RTSS,ฉวีวรรณ อรรถจินดา,,3480800297122,,,,2,,,,,,,,,,,,,,,,,,,,,,,,,,,,2024-11-06 12:15:49,,,,,,,,,,,,,,,SSGVPO4I,HD,HD,1500,,2,,,,,,2024-09-27,,,,,,0,,
13781,,005981274,13781,005981274,,RTSS,ปัณธีรา พัทยากร,,1609900096374,,,,2,,,,,,,,,,,,,,,,,,,,,,,,,,,,2024-11-16 10:48:11.998000,,,,,,,,,,,,,,,SSL782SF,HD,HD,1500,,2,,,,,,2015-07-28,,,,,,0,,
13781,,006068142,13781,006068142,,RTCS,สมพร พูนเกิดศรี,1965-08-16,3700600133638,,,,,,,,,,,,,,,,,,,,,,,,,,,,,,,,2024-11-18 11:47:10.998000,,,,,,,,W,,,,,,,,,,2000,,,,,,,,2024-11-18,2499-12-31,,,,,0,,
13781,,006240464,13781,006240464,,RTCS,บำรุง ศรีคชา,1937-03-08,3249900117746,,,,,,,,,,,,,,,,,,,,,,,,,,,,,,,,2025-04-18 13:40:13,,,D,,E,,,W,,,,,,,,,,2000,,,,,,,,2024-11-20,2025-04-14,,,,,0,,
13781,02,003559339,13781,003559339,,RTCS,วัฒนา ชุนถนอม,1930-08-03,3730600447225,,,,,,,,,,,,,,,,,,,,,,,,,,,,,,,,2024-11-26 08:58:00,,,,,,,,W,,,,,,,,,,2000,,,,,,,,2024-11-26,2499-12-31,,,,,0,,
13781,,003735021,13781,003735021,,RTCS,อาจณรงค์ พุ่มงาม,1976-07-01,3709900349243,,,,,,,,,,,,,,,,,,,,,,,,,,,,,,,,2024-11-27 12:49:06.998000,,,,,,,,W,,,,,,,,,,2000,,,,,,,,2024-11-27,2499-12-31,,,,,0,,
13781,02,006192999,13781,006192999,,RTCS,พิมพ์ชนก ครุฑสุข,1978-02-17,3119900108845,,,,,,,,,,,,,,,,,,,,,,,,,,,,,,,,2024-11-29 08:05:16.999000,,,,,,,,W,,,,,,,,,,2000,,,,,,,,2024-11-29,2499-12-31,,,,,0,,
13781,02,005414299,13781,005414299,,RTCS,วัลลภ บุญญคง,1949-01-01,3101502342786,,,,,,,,,,,,,,,,,,,,,,,,,,,,,,,,2024-12-06 18:01:28,,,,,,,,W,,,,,,,,,,2000,,,,,,,,2024-12-06,2499-12-31,,,,,0,,
13781,,005241391,13781,005241391,,RTCS,สมเกียรติ ชังชิม,1962-09-01,3620300372786,,,,,,,,,,,,,,,,,,,,,,,,,,,,,,,,2024-12-11 08:11:40.998000,,,,,,,,W,,,,,,,,,,2000,,,,,,,,2024-12-11,2499-12-31,,,,,0,,
13781,,004843881,13781,004843881,,RTCS,วินัย ยาวไทยสงค์,1957-04-10,3530100944035,,,,,,,,,,,,,,,,,,,,,,,,,,,,,,,,2024-12-11 08:12:48.998000,,,,,,,,W,,,,,,,,,,2000,,,,,,,,2024-12-11,2499-12-31,,,,,0,,
13781,,003239437,13781,003239437,,RTCS,นิตยา อมตมหัทธนะ,1933-11-18,3710900403673,,,,,,,,,,,,,,,,,,,,,,,,,,,,,,,,2025-01-21 08:20:06.999000,,,D,,E,,,W,,,,,,,,,,2000,,,,,,,,2024-12-17,2025-01-13,,,,,0,,
13781,,006222033,13781,006222033,,RTSS,สายสุนี กระโจมทอง,,3110401160045,,,,2,,,,,,,,,,,,,,,,,,,,,,,,,,,,2024-12-19 06:53:58,,,,,,,,,,,,,,,SSA2YWE3,HD,HD,1500,,2,,,,,,2012-10-15,,,,,,0,,
13781,,003388564,13781,003388564,,RTCS,สีมา อิ่มใจ,1936-02-24,3550100193196,,,,,,,,,,,,,,,,,,,,,,,,,,,,,,,,2024-12-27 10:35:54,,,,,,,,W,,,,,,,,,,2000,,,,,,,,2024-12-27,2499-12-31,,,,,0,,
13781,02,003685244,13781,003685244,,RTCS,ฐานิสร รุ่งสว่าง,1946-04-25,3719900030689,,,,,,,,,,,,,,,,,,,,,,,,,,,,,,,,2025-04-18 13:40:07,,,D,,E,,,W,,,,,,,,,,2000,,,,,,,,2024-12-27,2025-03-31,,,,,0,,
13781,,006070903,13781,006070903,,RTCS,จำนง อินทร์อิ่ม,1966-12-19,3601000032891,,,,,,,,,,,,,,,,,,,,,,,,,,,,,,,,2024-12-27 13:45:34,,,,,,,,W,,,,,,,,,,2000,,,,,,,,2024-12-27,2499-12-31,,,,,0,,
13781,02,004860022,13781,004860022,,RTSS,จิรวัตน์ เที่ยงธรรม,,3120101221600,,,,1,,,,,,,,,,,,,,,,,,,,,,,,,,,,2025-01-14 07:40:24.998000,,,,,,,,,,G,,,,,SSLUIUG8,HD,HD,1500,,1,,,,,,2014-10-14,,,,,,0,,
13781,,002998160,13781,002998160,,RTCS,สมชาย จีรังพิทักษ์กุล,1949-01-31,3302000093177,,,,,,,,,,,,,,,,,,,,,,,,,,,,,,,,2025-01-14 10:06:13,,,,,,,,W,,,,,,,,,,2000,,,,,,,,2025-01-14,2499-12-31,,,,,0,,
13781,02,004236162,13781,004236162,,RTCS,สมพงษ์ สมรรถไท,1955-11-03,3100501347899,,,,,,,,,,,,,,,,,,,,,,,,,,,,,,,,2025-01-16 07:44:05.998000,,,,,,,,W,,,,,,,,,,2000,,,,,,,,2025-01-16,2499-12-31,,,,,0,,
13781,02,006059854,13781,006059854,,RTSS,สงบ คำดี,,3841700384039,,,,1,,,,,,,,,,,,,,,,,,,,,,,,,,,,2025-01-18 14:25:31.998000,,,,,,,,,,G,,,,,SSA60LHQ,HD,HD,1500,,2,,,,,,2020-12-23,,,,,,0,,
13781,02,005693434,13781,005693434,,RTSS,จักรกฤษ พรมมิตร์,,1869900175264,,,,1,,,,,,,,,,,,,,,,,,,,,,,,,,,,2025-01-21 07:59:00,,,,,,,,,,G,,,,,SSFCV9K4,HD,HD,1500,,2,,,,,,2020-03-06,,,,,,0,,
13781,02,006259185,13781,006259185,,RTCS,อรสา บัณฑุกุล,1942-02-26,3101202567901,,,,,,,,,,,,,,,,,,,,,,,,,,,,,,,,2025-06-05 08:19:02,,,D,,E,,,W,,,,,,,,,,2000,,,,,,,,2025-01-28,2025-05-26,,,,,0,,
13781,02,005519389,13781,005519389,,RTSS,สุวัฒน์ ตู้บรรเทิง,,3860500046856,,,,1,,,,,,,,,,,,,,,,,,,,,,,,,,,,2025-01-29 06:43:07,,,,,,,,,,G,,,,,SSM8LRSG,HD,HD,1500,,2,,,,,,2018-08-14,,,,,,0,,
13781,,004844581,13781,004844581,,RTCS,สมหมาย แสงสว่าง,1965-01-07,3149900027632,,,,,,,,,,,,,,,,,,,,,,,,,,,,,,,,2025-01-29 10:28:37,,,,,,,,W,,,,,,,,,,2000,,,,,,,,2025-01-29,2499-12-31,,,,,0,,
13781,02,003432684,13781,003432684,,RTSS,พิมพ์พัฒน์ พนธิแสง,,5450600051860,,,,2,,,,,,,,,,,,,,,,,,,,,,,,,,,,2025-01-29 15:14:33,,,,,,,,,,G,,,,,SSHS2LMD,HD,HD,1500,,2,,,,,,2016-12-01,,,,,,0,,
13781,,002895404,13781,002895404,,RTCS,สิรวิชญ์ ณิชาโชติสฤษฏ์,1975-02-07,3540200355015,,,,,,,,,,,,,,,,,,,,,,,,,,,,,,,,2025-02-06 14:33:16,,,,,,,,W,,,,,,,,,,2000,,,,,,,,2025-02-06,2499-12-31,,,,,0,,
13781,02,004316964,13781,004316964,,RTCS,กนกภรณ์ กษิดิศ,1988-07-11,1670500160255,,,,,,,,,,,,,,,,,,,,,,,,,,,,,,,,2025-02-10 09:15:46,,,,,,,,W,,,,,,,,,,2000,,,,,,,,2025-02-10,2499-12-31,,,,,0,,
13781,02,003259359,13781,003259359,,RTCS,ศราวุฒิ ครุฑขำ,1965-01-10,3101900233731,,,,,,,,,,,,,,,,,,,,,,,,,,,,,,,,2025-03-04 14:51:23.999000,,,D,,E,,,W,,,,,,,,,,2000,,,,,,,,2025-02-11,2025-02-24,,,,,0,,
13781,02,003484695,13781,003484695,,RTSS,สุขุม มนัสมนตรี,1971-06-09,3730600812756,,,,1,,,,,,,,,,,,,,,,,,,,,,,,,,,,2026-03-31 10:01:01,,,,,,,,,,G,,,,,SSIRDOSE,KT,KT,1500,,2,,,,,,2012-10-15,,,,,,0,,
13781,02,005217593,13781,005217593,,RTSS,รุ่งทิวา แซ่ภู่,,3960600335719,,,,2,,,,,,,,,,,,,,,,,,,,,,,,,,,,2025-02-15 16:27:54.998000,,,,,,,,,,G,,,,,SSKHMORP,HD,HD,1500,,2,,,,,,2021-08-23,,,,,,0,,
13781,02,006242751,13781,006242751,,RTCS,พรชัย สืบวงษ์เหรียญ,1959-12-19,3101801372725,,,,,,,,,,,,,,,,,,,,,,,,,,,,,,,,2025-04-18 13:40:20,,,D,,E,,,W,,,,,,,,,,2000,,,,,,,,2025-02-17,2025-04-07,,,,,0,,
13781,02,003119361,13781,003119361,,RTCS,วิเชียร ศรีพุทธา,1955-09-03,3360300086361,,,,,,,,,,,,,,,,,,,,,,,,,,,,,,,,2025-02-18 07:50:31.998000,,,,,,,,W,,,,,,,,,,2000,,,,,,,,2025-02-18,2499-12-31,,,,,0,,
13781,02,001237660,13781,001237660,,RTCS,สมพร ศิริพิทยาคุณกิจ,1939-04-01,3249800016069,,,,,,,,,,,,,,,,,,,,,,,,,,,,,,,,2025-04-18 13:40:29,,,D,,E,,,W,,,,,,,,,,2000,,,,,,,,2025-02-18,2025-04-07,,,,,0,,
13781,02,006077895,13781,006077895,,RTSS,เกรียงฤทธิ์ ติรธรรมเจริญ,,3249900085241,,,,1,,,,,,,,,,,,,,,,,,,,,,,,,,,,2025-02-20 10:03:03.998000,,,,,,,,,,G,,,,,SSHFCZ5P,HD,HD,1500,,2,,,,,,2022-08-23,,,,,,0,,
13781,02,005668013,13781,005668013,,RTCS,สุริยา หาระสุข,1962-03-17,3450101205822,,,,,,,,,,,,,,,,,,,,,,,,,,,,,,,,2025-02-20 12:00:06,,,,,,,,W,,,,,,,,,,2000,,,,,,,,2025-02-20,2499-12-31,,,,,0,,
13781,02,004417547,13781,004417547,,RTCS,จิระ วิเชียรชัย,1943-12-30,3140600003748,,,,,,,,,,,,,,,,,,,,,,,,,,,,,,,,2025-11-05 09:52:11.998000,,,D,,E,,,W,,,,,,,,,,2000,,,,,,,,2025-02-24,2025-11-03,,,,,0,,
13781,02,005759265,13781,005759265,,RTCS,ศักดิ์สิทธิ์ เตชะประเสริฐพร,1960-03-14,3100503535561,,,,,,,,,,,,,,,,,,,,,,,,,,,,,,,,2025-02-26 09:10:05,,,,,,,,W,,,,,,,,,,2000,,,,,,,,2025-02-26,2499-12-31,,,,,0,,
13781,02,003658270,13781,003658270,,RTCS,รัศมี เหลืองวิทิตกูล,1946-12-22,3100601762073,,,,,,,,,,,,,,,,,,,,,,,,,,,,,,,,2025-02-26 11:55:11.998000,,,,,,,,W,,,,,,,,,,2000,,,,,,,,2025-02-26,2499-12-31,,,,,0,,
13781,,003446599,13781,003446599,,RTCS,กิมล้วน พรหมสุวิชา,1947-02-03,3100602925049,,,,,,,,,,,,,,,,,,,,,,,,,,,,,,,,2025-03-07 14:29:10,,,,,,,,W,,,,,,,,,,2000,,,,,,,,2025-03-07,2499-12-31,,,,,0,,
13781,02,002673932,13781,002673932,,RTCS,พงศธร พลอยลอย,1940-11-18,3101000648765,,,,,,,,,,,,,,,,,,,,,,,,,,,,,,,,2025-03-10 07:42:59.998000,,,,,,,,W,,,,,,,,,,2000,,,,,,,,2025-03-10,2499-12-31,,,,,0,,
13781,,003318346,13781,003318346,,RTSS,ประวิทย์ ลีลาประกอบชัย,,3101201780229,,,,1,,,,,,,,,,,,,,,,,,,,,,,,,,,,2025-03-11 12:49:42.998000,,,,,,,,,,,,,,,SSM8RGCT,HD,HD,1500,,2,,,,,,2019-11-13,,,,,,0,,
13781,02,003881532,13781,003881532,,RTCS,อนันต์ชัย ลิขิตบุญฤทธิ์,1958-10-23,3101202649088,,,,,,,,,,,,,,,,,,,,,,,,,,,,,,,,2025-03-12 13:24:26.998000,,,,,,,,W,,,,,,,,,,2000,,,,,,,,2025-03-12,2499-12-31,,,,,0,,
13781,02,004986865,13781,004986865,,RTSS,อรรถพล ลุประสงค์จิตร์,,3101900004708,,,,1,,,,,,,,,,,,,,,,,,,,,,,,,,,,2025-03-18 06:31:36,,,,,,,,,,G,,,,,SSLAC8RM,HD,HD,1500,,2,,,,,,2015-03-26,,,,,,0,,
13781,02,006168490,13781,006168490,,RTSS,วิสูตร จามรวรรณ,,3160500307397,,,,1,,,,,,,,,,,,,,,,,,,,,,,,,,,,2025-03-18 06:55:45,,,,,,,,,,G,,,,,SSAQ8ZN9,HD,HD,1500,,2,,,,,,2015-03-16,,,,,,0,,
13781,02,003795614,13781,003795614,,RTCS,สุวรรณ ประทุมเหง่า,1955-08-03,3440700281933,,,,,,,,,,,,,,,,,,,,,,,,,,,,,,,,2025-03-13 10:37:35.999000,,,,,,,,W,,,,,,,,,,2000,,,,,,,,2025-03-13,2499-12-31,,,,,0,,
13781,02,4933695,13781,4933695,,RTSS,ปทิตตา ลิ่มสายหั้ว,1998-07-07,1100600392551,,,,2,,,,,,,,,,,,,,,,,,,,,,,,,,,,2025-03-17 08:27:36,,,,,,,,,,,,,,,SSOR5E5L,,,1500,,,,,,,,2025-02-09,,,,,,0,,
13781,,005192055,13781,005192055,,RTCS,ณัฐมน จารุเลิศพิศุทธิ์,1958-12-15,3549900134249,,,,,,,,,,,,,,,,,,,,,,,,,,,,,,,,2025-03-17 15:19:00,,,,,,,,W,,,,,,,,,,2000,,,,,,,,2025-03-17,2499-12-31,,,,,0,,
13781,02,004933695,13781,004933695,,RTSS,ปทิตตา ลิ่มสายหั้ว,1998-07-07,1100600392551,,,,2,,,,,,,,,,,,,,,,,,,,,,,,,,,,2025-04-01 11:48:18.999000,,,,,,,,,,,,,,,SSOR5E5L,HD,HD,1500,,2,,,,,,2025-02-09,,,,,,0,,
13781,,003894710,13781,003894710,,RTCS,อัญรัตน์ เสียมไหม,1982-08-31,3800101660101,,,,,,,,,,,,,,,,,,,,,,,,,,,,,,,,2025-03-20 07:25:25.998000,,,,,,,,W,,,,,,,,,,2000,,,,,,,,2025-03-20,2499-12-31,,,,,0,,
13781,02,004557329,13781,004557329,,RTCS,มังกร สังคะ,1960-02-22,3600600034479,,,,,,,,,,,,,,,,,,,,,,,,,,,,,,,,2025-03-21 10:45:51.998000,,,,,,,,W,,,,,,,,,,2000,,,,,,,,2025-03-21,2499-12-31,,,,,0,,
13781,02,005418177,13781,005418177,,RTCS,ชาติ ทองกระจ่าง,1951-06-07,3240100736699,,,,,,,,,,,,,,,,,,,,,,,,,,,,,,,,2025-11-19 08:52:49.998000,,,D,,E,,,W,,,,,,,,,,2000,,,,,,,,2025-03-24,2025-11-10,,,,,0,,
13781,02,005141032,13781,005141032,,RTCS,บุญขีด เรไร,1941-11-23,3609900816268,,,,,,,,,,,,,,,,,,,,,,,,,,,,,,,,2025-03-25 07:22:34,,,,,,,,W,,,,,,,,,,2000,,,,,,,,2025-03-25,2499-12-31,,,,,0,,
13781,02,006247666,13781,006247666,,RTCS,บุญส่ง บางภูมิ,1939-05-16,3120101297380,,,,,,,,,,,,,,,,,,,,,,,,,,,,,,,,2025-03-26 11:26:30.998000,,,,,,,,W,,,,,,,,,,2000,,,,,,,,2025-03-26,2499-12-31,,,,,0,,
13781,,006080998,13781,006080998,,RTCS,อุดม วงศ์จอม,1959-04-13,3311400031216,,,,,,,,,,,,,,,,,,,,,,,,,,,,,,,,2025-04-01 07:50:07,,,,,,,,W,,,,,,,,,,2000,,,,,,,,2025-04-01,2499-12-31,,,,,0,,
13781,,005111574,13781,005111574,,RTCS,นที ญาณภิรัต,1961-02-22,3100901141210,,,,,,,,,,,,,,,,,,,,,,,,,,,,,,,,2025-04-01 10:44:32,,,,,,,,W,,,,,,,,,,2000,,,,,,,,2025-04-01,2499-12-31,,,,,0,,
13781,02,004806182,13781,004806182,,RTSS,สายจิตต์ ศรีสว่าง,,3770300207351,,,,2,,,,,,,,,,,,,,,,,,,,,,,,,,,,2025-04-03 11:38:04,,,,,,,,,,G,,,,,SSEC75VX,HD,HD,1500,,2,,,,,,2014-02-18,,,,,,0,,
13781,02,005967014,13781,005967014,,RTSS,ชาญชัย ศุภจริยวิชัย,,3100200360641,,,,1,,,,,,,,,,,,,,,,,,,,,,,,,,,,2025-04-03 09:58:26,,,,,,,,,,,,,,,SSIEFHYG,HD,HD,1500,,2,,,,,,2025-01-29,,,,,,0,,
13781,,006036482,13781,006036482,,RTCS,นันทนัช วัชรธรรม,1965-03-30,3120100343655,,,,,,,,,,,,,,,,,,,,,,,,,,,,,,,,2025-04-04 10:34:27.998000,,,,,,,,W,,,,,,,,,,2000,,,,,,,,2025-04-04,2499-12-31,,,,,0,,
13781,,003262001,13781,003262001,,RTCS,ประสิทธิ์ จงกสิกรรม,1970-12-04,3101403056947,,,,,,,,,,,,,,,,,,,,,,,,,,,,,,,,2025-04-08 13:00:54,,,,,,,,W,,,,,,,,,,2000,,,,,,,,2025-04-08,2499-12-31,,,,,0,,
13781,02,006190970,13781,006190970,,RTCS,พุฒิศักดิ์ มงคลสิน,1969-06-13,3570200155300,,,,,,,,,,,,,,,,,,,,,,,,,,,,,,,,2025-04-08 14:38:08.998000,,,,,,,,W,,,,,,,,,,2000,,,,,,,,2025-04-08,2499-12-31,,,,,0,,
13781,02,000213327,13781,000213327,,RTCS,สุชาติ อินทรประสิทธิ์,1942-02-09,3100500290842,,,,,,,,,,,,,,,,,,,,,,,,,,,,,,,,2025-04-11 07:48:08,,,,,,,,W,,,,,,,,,,2000,,,,,,,,2025-04-11,2499-12-31,,,,,0,,
13781,02,005644370,13781,005644370,,RTSS,ศิริลักษณ์ โล่ห์ชิงชัยฤทธิ์,,3940100261520,,,,2,,,,,,,,,,,,,,,,,,,,,,,,,,,,2025-04-11 08:32:05.998000,,,,,,,,,,G,,,,,SSLXWE1Y,HD,HD,1500,,2,,,,,,2019-03-12,,,,,,0,,
13781,02,003827274,13781,003827274,,RTSS,สุชิต เที่ยงธรรม,,3440700093266,,,,1,,,,,,,,,,,,,,,,,,,,,,,,,,,,2025-04-14 10:54:12,,,,,,,,,,G,,,,,SSI925S2,HD,HD,1500,,2,,,,,,2020-09-24,,,,,,0,,
13781,02,004723819,13781,004723819,,RTCS,สุนทร จุฑาพันธุ์,1944-04-03,3100201180905,,,,,,,,,,,,,,,,,,,,,,,,,,,,,,,,2025-04-21 08:10:10.998000,,,,,,,,W,,,,,,,,,,2000,,,,,,,,2025-04-21,2499-12-31,,,,,0,,
13781,,005364888,13781,005364888,,RTCS,วรชัย สิงห์คำ,1965-07-15,3100800256208,,,,,,,,,,,,,,,,,,,,,,,,,,,,,,,,2025-04-24 10:16:01.998000,,,,,,,,W,,,,,,,,,,2000,,,,,,,,2025-04-24,2499-12-31,,,,,0,,
13781,,005403026,13781,005403026,,RTCS,กิรติ ตันเจริญ,1987-12-03,1229900204910,,,,,,,,,,,,,,,,,,,,,,,,,,,,,,,,2025-04-25 09:04:39,,,,,,,,W,,,,,,,,,,2000,,,,,,,,2025-04-25,2499-12-31,,,,,0,,
13781,02,004603027,13781,004603027,,RTCS,วัชระ มั่นถาวรวงศ์,1979-12-22,3240100776356,,,,,,,,,,,,,,,,,,,,,,,,,,,,,,,,2025-11-05 09:51:55.998000,,,D,,E,,,W,,,,,,,,,,2000,,,,,,,,2025-04-29,2025-11-03,,,,,0,,
13781,02,003747797,13781,003747797,,RTCS,นิภาทิพย์ ฉิมพลี,1945-08-23,3100201880354,,,,,,,,,,,,,,,,,,,,,,,,,,,,,,,,2025-05-02 08:25:12,,,,,,,,W,,,,,,,,,,2000,,,,,,,,2025-05-02,2499-12-31,,,,,0,,
13781,02,006284447,13781,006284447,,RTCS,เกษม ทรงบัณฑิตย์,1961-02-06,3210500683762,,,,,,,,,,,,,,,,,,,,,,,,,,,,,,,,2025-08-06 14:30:34,,,D,,E,,,W,,,,,,,,,,2000,,,,,,,,2025-05-06,2025-07-21,,,,,0,,
13781,,003457347,13781,003457347,,RTCS,พรทิพา เชื้อวัฒนากุล,1948-01-12,3100202201868,,,,,,,,,,,,,,,,,,,,,,,,,,,,,,,,2025-05-07 07:38:09.998000,,,,,,,,W,,,,,,,,,,2000,,,,,,,,2025-05-07,2499-12-31,,,,,0,,
13781,02,005604195,13781,005604195,,RTSS,ศุภณัฐ บัวบานพร้อม,1994-12-01,1120300063498,,,,1,,,,,,,,,,,,,,,,,,,,,,,,,,,,2025-10-07 14:39:20,,,,,,,,,,G,,,,,SSHFXDZ5,HD,HD,1500,,2,,,,,,2020-04-21,,,,,,0,,
13781,,006185323,13781,006185323,,RTCS,สาวิตรี สาโรวาท,1962-06-23,3100503149113,,,,,,,,,,,,,,,,,,,,,,,,,,,,,,,,2025-09-05 08:27:01.998000,,,D,,E,,,W,,,,,,,,,,2000,,,,,,,,2025-05-13,2025-09-01,,,,,0,,
13781,02,003647446,13781,003647446,,RTCS,สมศักดิ์ แย้มประเสริฐเกล้า,1948-01-07,3100502338702,,,,,,,,,,,,,,,,,,,,,,,,,,,,,,,,2026-02-19 09:10:54.998000,,,,,E,,,W,,,,,,,,,,2000,,,,,,,,2025-05-13,2026-02-09,,,,,0,,
13781,02,002170841,13781,002170841,,RTCS,ประภา ครุฑบุตร,1940-01-01,3120300037507,,,,,,,,,,,,,,,,,,,,,,,,,,,,,,,,2026-01-21 08:04:27,,,D,,E,,,W,,,,,,,,,,2000,,,,,,,,2025-05-15,2026-01-19,,,,,0,,
13781,02,006253743,13781,006253743,,RTCS,สมศักดิ์ แป๊ะสุข,1965-02-23,3630100352285,,,,,,,,,,,,,,,,,,,,,,,,,,,,,,,,2025-09-19 09:31:55.998000,,,D,,E,,,W,,,,,,,,,,2000,,,,,,,,2025-05-15,2025-09-08,,,,,0,,
13781,02,004534956,13781,004534956,,RTCS,ลัดดา เร่บ้านเกาะ,1956-05-28,3101900036243,,,,,,,,,,,,,,,,,,,,,,,,,,,,,,,,2025-05-16 10:04:36,,,,,,,,W,,,,,,,,,,2000,,,,,,,,2025-05-16,2499-12-31,,,,,0,,
13781,02,006150969,13781,006150969,,RTSS,ธนัชพงศ์ ฐิติไชยรังสี,,3319900164468,,,,1,,,,,,,,,,,,,,,,,,,,,,,,,,,,2025-05-17 12:04:13.998000,,,,,,,,,,G,,,,,SSJHWG1Q,HD,HD,1500,,2,,,,,,2021-08-04,,,,,,0,,
13781,02,003396079,13781,003396079,,RTCS,หนูเล็ก ทวีคูณ,1945-01-01,3749900057358,,,,,,,,,,,,,,,,,,,,,,,,,,,,,,,,2025-05-20 14:13:15,,,,,,,,W,,,,,,,,,,2000,,,,,,,,2025-05-20,2499-12-31,,,,,0,,
13781,02,003235826,13781,003235826,,RTSS,ธีรยุทธ รอดวรรณะ,,3101500710761,,,,1,,,,,,,,,,,,,,,,,,,,,,,,,,,,2025-05-21 11:38:34,,,,,,,,,,G,,,,,SSE5PFRO,HD,HD,1500,,2,,,,,,2025-03-31,,,,,,0,,
13781,02,003559373,13781,003559373,,RTCS,วิเชียร รัตนโชติ,1968-04-24,3411000239889,,,,,,,,,,,,,,,,,,,,,,,,,,,,,,,,2025-05-22 11:10:11.998000,,,,,,,,W,,,,,,,,,,2000,,,,,,,,2025-05-22,2499-12-31,,,,,0,,
13781,02,006291006,13781,006291006,,RTSS,อรทัย เสนาเสถียร,,1411100114275,,,,2,,,,,,,,,,,,,,,,,,,,,,,,,,,,2025-05-24 12:39:12.998000,,,,,,,,,,G,,,,,SSEXKKP5,HD,HD,1500,,2,,,,,,2021-01-18,,,,,,0,,
13781,02,005069258,13781,005069258,,RTCS,ณรงค์ จารุเศ์รนี,1942-03-03,3190100550324,,,,,,,,,,,,,,,,,,,,,,,,,,,,,,,,2025-12-19 09:47:00.998000,,,D,,E,,,W,,,,,,,,,,2000,,,,,,,,2025-05-26,2025-12-15,,,,,0,,
13781,02,006075777,13781,006075777,,RTSS,ศิริลักษณ์ พัวพานิช,,1170600181607,,,,2,,,,,,,,,,,,,,,,,,,,,,,,,,,,2025-05-30 10:08:41,,,,,,,,,,G,,,,,SSKFL9CF,HD,HD,1500,,2,,,,,,2023-01-09,,,,,,0,,
13781,02,005562076,13781,005562076,,RTCS,ทวี สิมมะลี,1951-11-03,3410101286385,,,,,,,,,,,,,,,,,,,,,,,,,,,,,,,,2025-06-04 07:47:13.999000,,,,,,,,W,,,,,,,,,,2000,,,,,,,,2025-06-04,2499-12-31,,,,,0,,
13781,,006174641,13781,006174641,,RTCS,ต่อพงษ์ สอนประภา,1973-05-15,3101100431652,,,,,,,,,,,,,,,,,,,,,,,,,,,,,,,,2025-07-18 14:49:36.998000,,,D,,E,,,W,,,,,,,,,,2000,,,,,,,,2025-06-04,2025-07-07,,,,,0,,
13781,02,005645228,13781,005645228,,RTSS,วัชรสิทธิ์ สระเกษ,1980-11-01,3700100716341,,,,1,,,,,,,,,,,,,,,,,,,,,,,,,,,,2025-12-11 10:30:46.998000,,,,,,,,,,G,,,,,SSAUPEQ0,HD,HD,1500,,2,,,,,,2021-02-04,,,,,,0,,
13781,02,003962019,13781,003962019,,RTCS,ณพล มหกรรมโกลา,1953-02-16,3330300940124,,,,,,,,,,,,,,,,,,,,,,,,,,,,,,,,2025-08-19 14:46:14,,,D,,E,,,W,,,,,,,,,,2000,,,,,,,,2025-06-10,2025-08-11,,,,,0,,
13781,02,006064522,13781,006064522,,RTCS,ศิรินันท์ สะอาด,1990-08-07,1129800070360,,,,,,,,,,,,,,,,,,,,,,,,,,,,,,,,2025-06-23 07:33:52.999000,,,,,,,,W,,,,,,,,,,2000,,,,,,,,2025-06-23,2499-12-31,,,,,0,,
13781,02,004290552,13781,004290552,,RTSS,ชูโชค เกิดชูวงศ์,,1102000099596,,,,1,,,,,,,,,,,,,,,,,,,,,,,,,,,,2025-06-24 10:01:02,,,,,,,,,,G,,,,,SSJXXXSM,HD,HD,1500,,2,,,,,,2015-04-14,,,,,,0,,
13781,,004409472,13781,004409472,,RTCS,ปราณี วัฒนศรีสิน,1932-04-01,3100902478340,,,,,,,,,,,,,,,,,,,,,,,,,,,,,,,,2025-06-30 11:42:48,,,,,,,,W,,,,,,,,,,2000,,,,,,,,2025-06-30,2499-12-31,,,,,0,,
13781,02,005389259,13781,005389259,,RTSS,มาลัย เรืองดี,,3110200508613,,,,2,,,,,,,,,,,,,,,,,,,,,,,,,,,,2025-07-02 09:46:30.998000,,,,,,,,,,G,,,,,SSE63B2S,HD,HD,1500,,2,,,,,,2018-02-09,,,,,,0,,
13781,02,005372415,13781,005372415,,RTCS,วิรัช บุญทวี,1952-03-31,3100502393118,,,,,,,,,,,,,,,,,,,,,,,,,,,,,,,,2025-07-03 13:45:54,,,,,,,,W,,,,,,,,,,2000,,,,,,,,2025-07-03,2499-12-31,,,,,0,,
13781,02,006091890,13781,006091890,,RTSS,นพดล คำชัง,,1650800109948,,,,1,,,,,,,,,,,,,,,,,,,,,,,,,,,,2025-07-04 08:30:34,,,,,,,,,,G,,,,,SSF4R38A,HD,HD,1500,,2,,,,,,2018-11-08,,,,,,0,,
13781,,006283400,13781,006283400,,RTCS,พัลลภ แพทย์ไชยวงษ์,1977-06-02,3229900136686,,,,,,,,,,,,,,,,,,,,,,,,,,,,,,,,2025-07-09 08:18:39,,,,,,,,W,,,,,,,,,,2000,,,,,,,,2025-07-09,2499-12-31,,,,,0,,
13781,02,003651672,13781,003651672,,RTCS,พุฒศรี นิวาศานนท์,1945-02-01,3100502110574,,,,,,,,,,,,,,,,,,,,,,,,,,,,,,,,2025-07-14 09:21:52.998000,,,,,,,,W,,,,,,,,,,2000,,,,,,,,2025-07-14,2499-12-31,,,,,0,,
13781,02,003116253,13781,003116253,,RTCS,กรแก้ว สีมานนท์,1935-05-22,5101499037627,,,,,,,,,,,,,,,,,,,,,,,,,,,,,,,,2025-07-16 09:17:48,,,,,,,,W,,,,,,,,,,2000,,,,,,,,2025-07-16,2499-12-31,,,,,0,,
13781,02,003884501,13781,003884501,,RTCS,สุธิดา ไทยใหญ่,1943-11-22,3100601454786,,,,,,,,,,,,,,,,,,,,,,,,,,,,,,,,2025-10-21 13:08:35,,,D,,E,,,W,,,,,,,,,,2000,,,,,,,,2025-07-17,2025-10-06,,,,,0,,
13781,02,005800152,13781,005800152,,RTSS,นันทชัย จิตรเย็น,,1140600063574,,,,1,,,,,,,,,,,,,,,,,,,,,,,,,,,,2025-07-23 08:46:21,,,,,,,,,,G,,,,,SSC4RM6N,HD,HD,1500,,2,,,,,,2024-12-01,,,,,,0,,
13781,02,005519904,13781,005519904,,RTCS,โชติพิสุทธิ์ พงศาพงศพัศ,1955-01-01,3600900387245,,,,,,,,,,,,,,,,,,,,,,,,,,,,,,,,2025-07-23 10:40:21,,,,,,,,W,,,,,,,,,,2000,,,,,,,,2025-07-23,2499-12-31,,,,,0,,
13781,,003993827,13781,003993827,,RTCS,เพ็ญศรี ชื่นจิตต์,1957-01-13,3120100202288,,,,,,,,,,,,,,,,,,,,,,,,,,,,,,,,2025-09-05 08:27:05,,,D,,E,,,W,,,,,,,,,,2000,,,,,,,,2025-07-24,2025-09-01,,,,,0,,
13781,02,005824926,13781,005824926,,RTCS,นุดี สีสุวรรณ์,1961-05-31,3141400325092,,,,,,,,,,,,,,,,,,,,,,,,,,,,,,,,2025-08-05 12:03:43.998000,,,,,,,,W,,,,,,,,,,2000,,,,,,,,2025-08-05,2499-12-31,,,,,0,,
13781,02,004371338,13781,004371338,,RTCS,ดวงพร หลิมรัตน์,1950-05-10,3100601860504,,,,,,,,,,,,,,,,,,,,,,,,,,,,,,,,2025-08-05 13:36:12.998000,,,,,,,,W,,,,,,,,,,2000,,,,,,,,2025-08-05,2499-12-31,,,,,0,,
13781,02,004769081,13781,004769081,,RTCS,ศศิวรรณ ตัณฑ์กุลรัตน์,1941-03-23,3120101135215,,,,,,,,,,,,,,,,,,,,,,,,,,,,,,,,2025-08-06 07:45:26,,,,,,,,W,,,,,,,,,,2000,,,,,,,,2025-08-06,2499-12-31,,,,,0,,
13781,02,004807325,13781,004807325,,RTCS,สุรพงษ์ นาคะเจริญ,1941-01-01,3739900442073,,,,,,,,,,,,,,,,,,,,,,,,,,,,,,,,2026-01-06 10:18:09.998000,,,D,,E,,,W,,,,,,,,,,2000,,,,,,,,2025-08-06,2025-12-29,,,,,0,,
13781,02,006298444,13781,006298444,,RTSS,โยธิน พันธุเมฆ,1981-08-22,3610400447095,,,,1,,,,,,,,,,,,,,,,,,,,,,,,,,,,2025-10-07 14:39:26,,,,,,,,,,G,,,,,SSIFDZHM,HD,HD,1500,,2,,,,,,2025-04-22,,,,,,0,,
13781,02,005985958,13781,005985958,,RTCS,แววดาว จันทรา,1959-06-12,3240300538734,,,,,,,,,,,,,,,,,,,,,,,,,,,,,,,,2025-08-08 13:38:17.998000,,,,,,,,W,,,,,,,,,,2000,,,,,,,,2025-08-08,2499-12-31,,,,,0,,
13781,02,003468470,13781,003468470,,RTSS,นงนุช ลีละยูวะ,,3600800149741,,,,2,,,,,,,,,,,,,,,,,,,,,,,,,,,,2025-08-12 08:34:10.998000,,,,,,,,,,G,,,,,SSIUGPDF,HD,HD,1500,,2,,,,,,2014-09-29,,,,,,0,,
13781,,001306487,13781,001306487,,RTCS,วรรณชุลี สถิตพานิช,1955-09-19,3100901612522,,,,,,,,,,,,,,,,,,,,,,,,,,,,,,,,2025-08-14 08:53:38,,,,,,,,W,,,,,,,,,,2000,,,,,,,,2025-08-14,2499-12-31,,,,,0,,
13781,02,002792377,13781,002792377,,RTCS,ถาวร น้ำจันทร์,1953-01-01,4100500078531,,,,,,,,,,,,,,,,,,,,,,,,,,,,,,,,2025-08-15 09:26:49.998000,,,,,,,,W,,,,,,,,,,2000,,,,,,,,2025-08-15,2499-12-31,,,,,0,,
13781,,003442830,13781,003442830,,RTCS,ประมุข จิตต์จำนงค์,1947-05-25,3101600877374,,,,,,,,,,,,,,,,,,,,,,,,,,,,,,,,2025-08-18 09:04:34,,,,,,,,W,,,,,,,,,,2000,,,,,,,,2025-08-18,2499-12-31,,,,,0,,
13781,,006082263,13781,006082263,,RTSS,จิตรารัตน์ สพประสงค์,,3100100506716,,,,2,,,,,,,,,,,,,,,,,,,,,,,,,,,,2025-08-18 17:09:30,,,,,,,,,,,,,,,SSJ2TLJ4,HD,HD,1500,,2,,,,,,2023-09-11,,,,,,0,,
13781,02,002636352,13781,002636352,,RTCS,สุวิทย์ เพชรวีระ,1953-06-05,5190900002221,,,,,,,,,,,,,,,,,,,,,,,,,,,,,,,,2025-08-20 07:44:49,,,,,,,,W,,,,,,,,,,2000,,,,,,,,2025-08-20,2499-12-31,,,,,0,,
13781,02,004556236,13781,004556236,,RTCS,เพิ่มศรี ภู่ระยับ,1958-04-03,3140200305321,,,,,,,,,,,,,,,,,,,,,,,,,,,,,,,,2025-08-25 13:45:00.999000,,,,,,,,W,,,,,,,,,,2000,,,,,,,,2025-08-25,2499-12-31,,,,,0,,
13781,02,004845259,13781,004845259,,RTSS,ชุมพร โพธิโภคสัมพันธ์,,3101203400288,,,,1,,,,,,,,,,,,,,,,,,,,,,,,,,,,2025-08-27 16:18:27,,,,,,,,,,G,,,,,SSBILGYQ,HD,HD,1500,,2,,,,,,2014-05-05,,,,,,0,,
13781,02,006328336,13781,006328336,,RTCS,พิเชษฐ รัตนศักดากร,1948-09-29,3240600120042,,,,,,,,,,,,,,,,,,,,,,,,,,,,,,,,2025-08-28 13:55:14.998000,,,,,,,,W,,,,,,,,,,2000,,,,,,,,2025-08-28,2499-12-31,,,,,0,,
13781,02,006311808,13781,006311808,,RTSS,อำนวย อารมย์ชื่น,1965-09-10,3100203167001,,,,1,,,,,,,,,,,,,,,,,,,,,,,,,,,,2025-10-17 15:43:31.998000,,,D,,E,,,,,G,,,,,SSFAAL70,HD,HD,1500,,2,,,,,,2023-07-24,2025-10-04,,,,,0,,
13781,02,006042669,13781,006042669,,RTSS,วิชัย กำเนิดสกุลชัย,,4101200056185,,,,1,,,,,,,,,,,,,,,,,,,,,,,,,,,,2025-09-01 06:33:52,,,,,,,,,,G,,,,,SSDTQQYD,HD,HD,1500,,2,,,,,,2018-01-04,,,,,,0,,
13781,02,002488056,13781,002488056,,RTCS,ธงชัย วงษ์บูรณาวาทย์,1960-12-04,3670200053549,,,,,,,,,,,,,,,,,,,,,,,,,,,,,,,,2025-09-01 14:15:27,,,,,,,,W,,,,,,,,,,2000,,,,,,,,2025-09-01,2499-12-31,,,,,0,,
13781,02,003972278,13781,003972278,,RTCS,มานิต กลีบบุบผา,1963-06-28,3100901336614,,,,,,,,,,,,,,,,,,,,,,,,,,,,,,,,2025-09-03 13:57:51.999000,,,,,,,,W,,,,,,,,,,2000,,,,,,,,2025-09-03,2499-12-31,,,,,0,,
13781,02,005804347,13781,005804347,,RTSS,วิมลชัย เจริญชัย,1973-07-10,3360400160805,,,,1,,,,,,,,,,,,,,,,,,,,,,,,,,,,2026-02-17 08:24:46.998000,,,S,,E,,,,,G,,,,,SSDKHLTN,HD,HD,1500,,2,,,,,,2012-10-15,2026-02-17,,,,,0,,
13781,,002942318,13781,002942318,,RTCS,ชัยเจริญ ชัยสวัสดิ์,1972-05-23,3110101364222,,,,,,,,,,,,,,,,,,,,,,,,,,,,,,,,2025-09-09 08:09:04.998000,,,,,,,,W,,,,,,,,,,2000,,,,,,,,2025-09-09,2499-12-31,,,,,0,,
13781,02,005203703,13781,005203703,,RTSS,ทนิตา พฤทธิพงศ์พันธุ์,,3110400770214,,,,2,,,,,,,,,,,,,,,,,,,,,,,,,,,,2025-09-09 12:31:54.998000,,,,,,,,,,G,,,,,SSLD86J5,HD,HD,1500,,2,,,,,,2020-12-28,,,,,,0,,
13781,02,005446538,13781,005446538,,RTCS,วาสนา ชมเพลิน,1962-12-13,3200101339626,,,,,,,,,,,,,,,,,,,,,,,,,,,,,,,,2025-09-09 11:34:22,,,,,,,,W,,,,,,,,,,2000,,,,,,,,2025-09-09,2499-12-31,,,,,0,,
13781,02,006012534,13781,006012534,,RTSS,เกรียงศักดิ์ พากเพียรกิจ,,3119900376998,,,,1,,,,,,,,,,,,,,,,,,,,,,,,,,,,2025-09-16 10:49:52,,,,,,,,,,G,,,,,SSJDYQSW,HD,HD,1500,,2,,,,,,2021-12-22,,,,,,0,,
13781,02,004935000,13781,004935000,,RTSS,ตีรณา กิจสนาโยธิน,,1100702536650,,,,2,,,,,,,,,,,,,,,,,,,,,,,,,,,,2025-09-12 13:42:39.999000,,,,,,,,,,,,,,,SSA8WNCB,HD,HD,1500,,2,,,,,,2025-08-15,,,,,,0,,
13781,02,006338118,13781,006338118,,RTCS,ไพบูลย์ มัฆมาน,1945-01-01,3100904810538,,,,,,,,,,,,,,,,,,,,,,,,,,,,,,,,2025-10-21 13:08:36,,,D,,E,,,W,,,,,,,,,,2000,,,,,,,,2025-09-17,2025-10-13,,,,,0,,
13781,02,003818286,13781,003818286,,RTCS,ช้วน เนื่องจากน่วม,1939-03-18,3260200049693,,,,,,,,,,,,,,,,,,,,,,,,,,,,,,,,2026-01-21 08:04:26,,,D,,E,,,W,,,,,,,,,,2000,,,,,,,,2025-09-17,2026-01-12,,,,,0,,
13781,02,003037769,13781,003037769,,RTSS,พรพรรณ วัฒนเกียรติสรร,,3101501512963,,,,2,,,,,,,,,,,,,,,,,,,,,,,,,,,,2025-09-19 09:52:27.999000,,,,,,,,,,G,,,,,SSEQW0Q6,HD,HD,1500,,2,,,,,,2025-08-27,,,,,,0,,
13781,02,005990030,13781,005990030,,RTSS,อุไรรัตน์ มามะ,,1969900240383,,,,2,,,,,,,,,,,,,,,,,,,,,,,,,,,,2025-09-23 08:54:41.998000,,,,,,,,,,G,,,,,SSI7DQBW,HD,HD,1500,,2,,,,,,2021-06-04,,,,,,0,,
13781,,004430959,13781,004430959,,RTCS,ธงชัย ซึงถาวร,1952-04-18,3670200052399,,,,,,,,,,,,,,,,,,,,,,,,,,,,,,,,2025-10-21 13:08:09.999000,,,D,,E,,,W,,,,,,,,,,2000,,,,,,,,2025-09-25,2025-10-13,,,,,0,,
13781,,004592446,13781,004592446,,RTCS,พงศ์ภรณ์ อภิสุทธิพงษากุล,1955-01-24,3510600022854,,,,,,,,,,,,,,,,,,,,,,,,,,,,,,,,2025-09-25 14:31:57.998000,,,,,,,,W,,,,,,,,,,2000,,,,,,,,2025-09-25,2499-12-31,,,,,0,,
13781,02,006038353,13781,006038353,,RTSS,เฉลิมเกียรติ แสงสกุล,1965-07-25,3101702378083,,,,1,,,,,,,,,,,,,,,,,,,,,,,,,,,,2026-02-17 08:23:27.999000,,,,,,,,,,G,,,,,SSG4UNPL,HD,HD,1500,,2,,,,,,2024-01-15,,,,,,0,,
13781,02,006113997,13781,006113997,,RTSS,วรพงษ์ ลี่โรจนจริยากุล,,3700600304131,,,,1,,,,,,,,,,,,,,,,,,,,,,,,,,,,2025-09-30 12:09:23.998000,,,,,,,,,,G,,,,,SSCBL0EV,HD,HD,1500,,2,,,,,,2019-08-05,,,,,,0,,
13781,02,005095690,13781,005095690,,RTCS,สุทิน อัญชลีชไมกร,1952-09-15,3729900212370,,,,,,,,,,,,,,,,,,,,,,,,,,,,,,,,2025-10-15 08:03:59.998000,,,,,,,,W,,,,,,,,,,2000,,,,,,,,2025-10-15,2499-12-31,,,,,0,,
13781,02,004657548,13781,004657548,,RTCS,หิรัญ เล็กสกุลดิลก,1938-06-10,3559900064020,,,,,,,,,,,,,,,,,,,,,,,,,,,,,,,,2025-10-17 14:37:01.998000,,,,,,,,W,,,,,,,,,,2000,,,,,,,,2025-10-17,2499-12-31,,,,,0,,
13781,02,001594390,13781,001594390,,RTCS,สุพัฒน์ เดือนสันเทียะ,1952-02-07,3100201870715,,,,,,,,,,,,,,,,,,,,,,,,,,,,,,,,2025-10-20 09:03:03,,,,,,,,W,,,,,,,,,,2000,,,,,,,,2025-10-20,2499-12-31,,,,,0,,
13781,02,002324129,13781,002324129,,RTCS,สุนีย์ ธันธนาพรชัย,1929-04-01,3100100226390,,,,,,,,,,,,,,,,,,,,,,,,,,,,,,,,2025-10-24 07:47:46,,,,,,,,W,,,,,,,,,,2000,,,,,,,,2025-10-24,2499-12-31,,,,,0,,
13781,02,007005792,13781,007005792,,RTCS,จารุนี พัดเย็นใจ,1956-08-21,3100601215722,,,,,,,,,,,,,,,,,,,,,,,,,,,,,,,,2025-10-31 08:18:20.998000,,,,,,,,W,,,,,,,,,,2000,,,,,,,,2025-10-31,2499-12-31,,,,,0,,
13781,02,004089223,13781,004089223,,RTCS,สุรัชนี ศักรกานต์,1969-09-20,3810500128038,,,,,,,,,,,,,,,,,,,,,,,,,,,,,,,,2025-10-31 08:40:05.998000,,,,,,,,W,,,,,,,,,,2000,,,,,,,,2025-10-31,2499-12-31,,,,,0,,
13781,,005967560,13781,005967560,,RTCS,ธันฐกรณ์ เฉลิมวัฒน์,1986-12-29,1190900052772,,,,,,,,,,,,,,,,,,,,,,,,,,,,,,,,2025-11-03 08:51:35.998000,,,,,,,,W,,,,,,,,,,2000,,,,,,,,2025-11-03,2499-12-31,,,,,0,,
13781,02,004155201,13781,004155201,,RTSS,จินตนา สินสวนแตง,,3720100944025,,,,2,,,,,,,,,,,,,,,,,,,,,,,,,,,,2025-11-04 17:44:42.999000,,,,,,,,,,G,,,,,SSLVZL8Z,HD,HD,1500,,2,,,,,,2012-10-15,,,,,,0,,
13781,02,002950943,13781,002950943,,RTCS,นิพนธ์ ศุขปรีดี,1945-06-27,3200101093996,,,,,,,,,,,,,,,,,,,,,,,,,,,,,,,,2025-11-07 14:43:34.998000,,,,,,,,W,,,,,,,,,,2000,,,,,,,,2025-11-07,2499-12-31,,,,,0,,
13781,02,006004641,13781,006004641,,RTSS,อวัสกร น้อยโนนทอง,,1480700140306,,,,1,,,,,,,,,,,,,,,,,,,,,,,,,,,,2025-11-15 06:32:52,,,,,,,,,,G,,,,,SSCJV0A3,HD,HD,1500,,2,,,,,,2020-08-14,,,,,,0,,
13781,02,005405941,13781,005405941,,RTSS,ณัฐชา การะเกตุ,,1119901889852,,,,2,,,,,,,,,,,,,,,,,,,,,,,,,,,,2025-11-17 17:16:48,,,,,,,,,,G,,,,,SSJKDTM9,HD,HD,1500,,2,,,,,,2024-05-09,,,,,,0,,
13781,02,007010384,13781,007010384,,RTCS,บุญปลูก โพธิ์ทอง,1942-01-01,3102401111721,,,,,,,,,,,,,,,,,,,,,,,,,,,,,,,,2025-11-18 09:14:10,,,,,,,,W,,,,,,,,,,2000,,,,,,,,2025-11-18,2499-12-31,,,,,0,,
13781,02,006265873,13781,006265873,,RTSS,เอกพงษ์ มาเลิศ,,3180100284748,,,,1,,,,,,,,,,,,,,,,,,,,,,,,,,,,2025-11-20 06:38:10,,,,,,,,,,G,,,,,SSBIND4K,HD,HD,1500,,2,,,,,,2023-07-20,,,,,,0,,
13781,02,004110603,13781,004110603,,RTCS,ถนอมศรี สมหมาย,1945-06-01,3800900733869,,,,,,,,,,,,,,,,,,,,,,,,,,,,,,,,2025-11-20 08:09:49.998000,,,,,,,,W,,,,,,,,,,2000,,,,,,,,2025-11-20,2499-12-31,,,,,0,,
13781,02,003561166,13781,003561166,,RTSS,ภูบดี พิศพรรณ,,3100200509377,,,,1,,,,,,,,,,,,,,,,,,,,,,,,,,,,2025-11-25 13:30:29.998000,,,,,,,,,,G,,,,,SSDKUS01,HD,HD,1500,,2,,,,,,2024-07-19,,,,,,0,,
13781,,002742343,13781,002742343,,RTCS,จำเนียร แตงสุด,1963-07-30,3610200270094,,,,,,,,,,,,,,,,,,,,,,,,,,,,,,,,2025-11-21 09:01:46.999000,,,,,,,,W,,,,,,,,,,2000,,,,,,,,2025-11-21,2499-12-31,,,,,0,,
13781,02,004128975,13781,004128975,,RTCS,อนุชิต เรืองชยจตุพร,1960-12-04,3409700257194,,,,,,,,,,,,,,,,,,,,,,,,,,,,,,,,2025-11-24 09:51:18.998000,,,,,,,,W,,,,,,,,,,2000,,,,,,,,2025-11-24,2499-12-31,,,,,0,,
13781,02,006086976,13781,006086976,,RTCS,สมชัย อวเกียรติ,1964-03-22,3100200255758,,,,,,,,,,,,,,,,,,,,,,,,,,,,,,,,2025-12-02 07:51:18.999000,,,,,,,,W,,,,,,,,,,4000,,,,,,,,2025-11-28,2499-12-31,,,,,0,,
13781,02,007013262,13781,007013262,,RTCS,สามารถ สว่างแก้ว,1961-12-02,3110300600929,,,,,,,,,,,,,,,,,,,,,,,,,,,,,,,,2025-12-01 08:44:46,,,,,,,,W,,,,,,,,,,2000,,,,,,,,2025-12-01,2499-12-31,,,,,0,,
13781,02,7009204,13781,7009204,,RTCS,วิไล ภู่ระหงษ์,1969-05-01,3110200601079,,,,,,,,,,,,,,,,,,,,,,,,,,,,,,,,2025-12-01 09:26:58.998000,,,,,,,,W,,,,,,,,,,2000,,,,,,,,2025-12-01,2499-12-31,,,,,0,,
13781,02,003192691,13781,003192691,,RTCS,บัณฑิต แก้วเสถียร,1950-10-11,3101400911692,,,,,,,,,,,,,,,,,,,,,,,,,,,,,,,,2025-12-04 10:51:05,,,,,,,,W,,,,,,,,,,2000,,,,,,,,2025-12-04,2499-12-31,,,,,0,,
13781,02,005354777,13781,005354777,,RTCS,ประดับชาติ เทียบสม,1976-10-22,3440600503829,,,,,,,,,,,,,,,,,,,,,,,,,,,,,,,,2025-12-12 11:40:36.998000,,,,,,,,W,,,,,,,,,,2000,,,,,,,,2025-12-12,2499-12-31,,,,,0,,
13781,02,006205685,13781,006205685,,RTSS,วรภัทร คำสิงห์,,3149900214157,,,,1,,,,,,,,,,,,,,,,,,,,,,,,,,,,2025-12-15 07:45:33,,,,,,,,,,G,,,,,SSD2G09K,HD,HD,1500,,2,,,,,,2024-12-04,,,,,,0,,
13781,,004203103,13781,004203103,,RTCS,บัวลอย กิตติประภัสร์,1939-09-20,3101400325157,,,,,,,,,,,,,,,,,,,,,,,,,,,,,,,,2025-12-15 09:22:16.998000,,,,,,,,W,,,,,,,,,,2000,,,,,,,,2025-12-15,2499-12-31,,,,,0,,
13781,02,004389615,13781,004389615,,RTCS,สมพงษ์ นิรัติศัยโสภิญ,1944-10-10,3100502562424,,,,,,,,,,,,,,,,,,,,,,,,,,,,,,,,2025-12-18 09:34:30.998000,,,,,,,,W,,,,,,,,,,2000,,,,,,,,2025-12-18,2499-12-31,,,,,0,,
13781,,002853475,13781,002853475,,RTCS,ธวัชร์ สมสืบ,1939-10-29,3140900215279,,,,,,,,,,,,,,,,,,,,,,,,,,,,,,,,2025-12-22 11:55:54,,,,,,,,W,,,,,,,,,,2000,,,,,,,,2025-12-22,2499-12-31,,,,,0,,
13781,02,003316083,13781,003316083,,RTCS,เพ็ญพรรณ หวันประวัติ,1941-12-20,3100603212917,,,,,,,,,,,,,,,,,,,,,,,,,,,,,,,,2025-12-23 13:14:50.999000,,,,,,,,W,,,,,,,,,,2000,,,,,,,,2025-12-23,2499-12-31,,,,,0,,
13781,,005727974,13781,005727974,,RTCS,ดำรง สุภา,1950-10-02,3409700197779,,,,,,,,,,,,,,,,,,,,,,,,,,,,,,,,2025-12-24 11:01:30,,,,,,,,W,,,,,,,,,,2000,,,,,,,,2025-12-24,2499-12-31,,,,,0,,
13781,,003844193,13781,003844193,,RTCS,กาญจนา ชนะธรรมมาพร,1940-09-03,3249900146339,,,,,,,,,,,,,,,,,,,,,,,,,,,,,,,,2025-12-24 13:53:26,,,,,,,,W,,,,,,,,,,2000,,,,,,,,2025-12-24,2499-12-31,,,,,0,,
13781,,006307285,13781,006307285,,RTSS,วรพงศ์ เกียรติดำรงวงศ์,,3100600430492,,,,1,,,,,,,,,,,,,,,,,,,,,,,,,,,,2025-12-26 12:38:34,,,,,,,,,,,,,,,SSL3MC6Q,HD,HD,1500,,2,,,,,,2025-09-23,,,,,,0,,
13781,02,007018492,13781,007018492,,RTCS,อำภา รินทรวิฑูรย์,1937-04-01,3800400955901,,,,,,,,,,,,,,,,,,,,,,,,,,,,,,,,2026-01-05 07:33:47,,,,,,,,W,,,,,,,,,,2000,,,,,,,,2026-01-05,2499-12-31,,,,,0,,
13781,02,004829942,13781,004829942,,RTCS,ทองสุข บุญมา,1939-07-07,3120100827091,,,,,,,,,,,,,,,,,,,,,,,,,,,,,,,,2026-01-05 07:34:17,,,,,,,,W,,,,,,,,,,2000,,,,,,,,2026-01-05,2499-12-31,,,,,0,,
13781,02,006135532,13781,006135532,,RTSS,ศิรินทร สัมมาตรี,,1160300009612,,,,2,,,,,,,,,,,,,,,,,,,,,,,,,,,,2026-01-08 11:58:37,,,,,,,,,,G,,,,,SSEXEZQZ,HD,HD,1500,,2,,,,,,2023-09-12,,,,,,0,,
13781,02,005257453,13781,005257453,,RTSS,ณัฐหทัย แสงไชย,,1102000005681,,,,2,,,,,,,,,,,,,,,,,,,,,,,,,,,,2026-01-15 08:48:52.998000,,,,,,,,,,G,,,,,SSGDWNUZ,PD,PD,1500,,2,,,,,,2016-05-03,,,,,,0,,
13781,,003169998,13781,003169998,,RTCS,สมาน ชื่นอิ่ม,1949-07-22,3101400911315,,,,,,,,,,,,,,,,,,,,,,,,,,,,,,,,2026-01-21 08:04:20,,,D,,E,,,W,,,,,,,,,,2000,,,,,,,,2026-01-08,2026-01-19,,,,,0,,
13781,,006052823,13781,006052823,,RTCS,สิริณิกุลพัชร์ สวัสดี,1987-11-12,1170600066140,,,,,,,,,,,,,,,,,,,,,,,,,,,,,,,,2026-01-09 09:30:26.998000,,,,,,,,W,,,,,,,,,,2000,,,,,,,,2026-01-09,2499-12-31,,,,,0,,
13781,,004053626,13781,004053626,,RTCS,สุดสวาท ทรัพย์แสง,1937-01-01,3100502778516,,,,,,,,,,,,,,,,,,,,,,,,,,,,,,,,2026-01-09 10:48:55.998000,,,,,,,,W,,,,,,,,,,2000,,,,,,,,2026-01-09,2499-12-31,,,,,0,,
13781,02,002328526,13781,002328526,,RTCS,สุทิน รูปงาม,1946-12-09,3102201954279,,,,,,,,,,,,,,,,,,,,,,,,,,,,,,,,2026-01-21 07:50:30,,,,,,,,W,,,,,,,,,,2000,,,,,,,,2026-01-21,2499-12-31,,,,,0,,
13781,,005741451,13781,005741451,,RTCS,สนธยา ธนาโรจน์,1970-04-03,3860400227859,,,,,,,,,,,,,,,,,,,,,,,,,,,,,,,,2026-01-21 11:42:42.998000,,,,,,,,W,,,,,,,,,,2000,,,,,,,,2026-01-21,2499-12-31,,,,,0,,
13781,02,006333377,13781,006333377,,RTCS,จำเนียร ประณิธิพงศ์,1946-04-03,3900700427526,,,,,,,,,,,,,,,,,,,,,,,,,,,,,,,,2026-01-22 08:38:58,,,,,,,,W,,,,,,,,,,2000,,,,,,,,2026-01-22,2499-12-31,,,,,0,,
13781,02,005069812,13781,005069812,,RTSS,ทองจุล คนสันทัด,,3250700110821,,,,2,,,,,,,,,,,,,,,,,,,,,,,,,,,,2026-01-23 09:03:43.998000,,,,,,,,,,G,,,,,SSD2R1LB,HD,HD,1500,,2,,,,,,2014-12-26,,,,,,0,,
13781,,004823838,13781,004823838,,RTCS,กฤติยา สำราญบำรุง,1984-08-10,1409800010038,,,,,,,,,,,,,,,,,,,,,,,,,,,,,,,,2026-01-23 17:40:15.999000,,,,,,,,W,,,,,,,,,,2000,,,,,,,,2026-01-23,2499-12-31,,,,,0,,
13781,02,005374882,13781,005374882,,RTCS,สุรศักดิ์ อมรรัตนศักดิ์,1953-02-16,3100600231155,,,,,,,,,,,,,,,,,,,,,,,,,,,,,,,,2026-01-26 09:08:03.998000,,,,,,,,W,,,,,,,,,,2000,,,,,,,,2026-01-26,2499-12-31,,,,,0,,
13781,02,006116848,13781,006116848,,RTSS,จิตอนงค์ รวมพล,,1269900171434,,,,2,,,,,,,,,,,,,,,,,,,,,,,,,,,,2026-01-27 13:13:01,,,,,,,,,,G,,,,,SSBJ3RBU,HD,HD,1500,,2,,,,,,2024-04-11,,,,,,0,,
13781,,004007208,13781,004007208,,RTCS,สุภรณ์ ศิลปาจารย์,1946-11-04,3100100694831,,,,,,,,,,,,,,,,,,,,,,,,,,,,,,,,2026-01-28 10:48:48.998000,,,,,,,,W,,,,,,,,,,2000,,,,,,,,2026-01-28,2499-12-31,,,,,0,,
13781,02,000390081,13781,000390081,,RTCS,อมรา ทองคำวงศ์,1953-09-26,3120101005486,,,,,,,,,,,,,,,,,,,,,,,,,,,,,,,,2026-01-29 14:02:54.998000,,,,,,,,W,,,,,,,,,,2000,,,,,,,,2026-01-29,2499-12-31,,,,,0,,
13781,02,007028722,13781,007028722,,RTCS,ลิ้นจี่ คเชนทร์ชาติ,1955-03-19,3300100608851,,,,,,,,,,,,,,,,,,,,,,,,,,,,,,,,2026-02-04 08:10:32,,,,,,,,W,,,,,,,,,,2000,,,,,,,,2026-02-04,2499-12-31,,,,,0,,
13781,02,005258484,13781,005258484,,RTCS,ภูวดิท จิโรชวรากร,1962-06-23,3939900247384,,,,,,,,,,,,,,,,,,,,,,,,,,,,,,,,2026-02-04 14:56:24,,,,,,,,W,,,,,,,,,,2000,,,,,,,,2026-02-04,2499-12-31,,,,,0,,
13781,02,004512191,13781,004512191,,RTCS,ธีรวัฒน์ เขียนดวงจันทร์,1953-03-22,3100902638231,,,,,,,,,,,,,,,,,,,,,,,,,,,,,,,,2026-02-09 08:10:20.999000,,,,,,,,W,,,,,,,,,,2000,,,,,,,,2026-02-09,2499-12-31,,,,,0,,
13781,02,003092520,13781,003092520,,RTCS,รัมภา ทับเที่ยง,1950-01-08,3100501926554,,,,,,,,,,,,,,,,,,,,,,,,,,,,,,,,2026-02-12 11:14:20,,,,,,,,W,,,,,,,,,,2000,,,,,,,,2026-02-12,2499-12-31,,,,,0,,
13781,,005885716,13781,005885716,,RTCS,สุนัน แซ่อุ๋ย,1975-07-08,3969900201741,,,,,,,,,,,,,,,,,,,,,,,,,,,,,,,,2026-02-13 11:57:00,,,,,,,,W,,,,,,,,,,2000,,,,,,,,2026-02-13,2499-12-31,,,,,0,,
13781,02,003737720,13781,003737720,,RTSS,ปาหนัน บุญเรือง,,3341601276429,,,,2,,,,,,,,,,,,,,,,,,,,,,,,,,,,2026-02-17 08:13:50,,,,,,,,,,G,,,,,SSG9HZ6Q,HD,HD,1500,,2,,,,,,2024-07-20,,,,,,0,,
13781,02,002952742,13781,002952742,,RTSS,อดิศักดิ์ ยั่งยืน,,3650100346935,,,,1,,,,,,,,,,,,,,,,,,,,,,,,,,,,2026-02-20 14:26:59.998000,,,,,,,,,,G,,,,,SSJ66ZUP,HD,HD,1500,,2,,,,,,2012-10-15,,,,,,0,,
13781,02,003747324,13781,003747324,,RTCS,เรืองศักดิ์ ประกอบกิจ,1959-03-22,3140900024422,,,,,,,,,,,,,,,,,,,,,,,,,,,,,,,,2026-02-18 08:49:22,,,,,,,,W,,,,,,,,,,2000,,,,,,,,2026-02-18,2499-12-31,,,,,0,,
13781,,002052515,13781,002052515,,RTCS,เซี้ยม ลาภวิบูลย์สุข,1940-01-01,3729900126791,,,,,,,,,,,,,,,,,,,,,,,,,,,,,,,,2026-02-20 13:52:29,,,,,,,,W,,,,,,,,,,2000,,,,,,,,2026-02-20,2499-12-31,,,,,0,,
13781,02,005426992,13781,005426992,,RTCS,ฝืน อยู่งาม,1949-01-01,3600600322482,,,,,,,,,,,,,,,,,,,,,,,,,,,,,,,,2026-02-23 08:30:46,,,,,,,,W,,,,,,,,,,2000,,,,,,,,2026-02-23,2499-12-31,,,,,0,,
13781,,002850395,13781,002850395,,RTCS,ยุทธนา บัณฑิตเสาวภาคย์,1949-01-13,3100100999861,,,,,,,,,,,,,,,,,,,,,,,,,,,,,,,,2026-02-23 08:31:18,,,,,,,,W,,,,,,,,,,2000,,,,,,,,2026-02-23,2499-12-31,,,,,0,,
13781,,000470285,13781,000470285,,RTCS,เพ็ญ สุวรรณโณ,1940-01-01,3901100784817,,,,,,,,,,,,,,,,,,,,,,,,,,,,,,,,2026-02-27 12:54:51,,,,,,,,W,,,,,,,,,,2000,,,,,,,,2026-02-27,2499-12-31,,,,,0,,
13781,,005547967,13781,005547967,,RTCS,วิเชียร มงคลกาวิล,1955-07-31,3520800211430,,,,,,,,,,,,,,,,,,,,,,,,,,,,,,,,2026-03-02 13:28:41.999000,,,,,,,,W,,,,,,,,,,2000,,,,,,,,2026-03-02,2499-12-31,,,,,0,,
13781,,003082421,13781,003082421,,RTCS,สุพจน์ เรืองเมธานนท์,1941-07-12,3100905591597,,,,,,,,,,,,,,,,,,,,,,,,,,,,,,,,2026-03-02 14:31:34.998000,,,,,,,,W,,,,,,,,,,2000,,,,,,,,2026-03-02,2499-12-31,,,,,0,,
13781,,003958669,13781,003958669,,RTCS,สมวุฒิ อภัยรัตน์,1970-01-02,3100202709268,,,,,,,,,,,,,,,,,,,,,,,,,,,,,,,,2026-03-02 14:33:05.999000,,,,,,,,W,,,,,,,,,,2000,,,,,,,,2026-03-02,2499-12-31,,,,,0,,
13781,02,004026782,13781,004026782,,RTCS,บรรเจิด รอดสัตรู,1948-05-26,3101401310463,,,,,,,,,,,,,,,,,,,,,,,,,,,,,,,,2026-03-04 07:59:59,,,,,,,,W,,,,,,,,,,2000,,,,,,,,2026-03-04,2499-12-31,,,,,0,,
13781,02,006048712,13781,006048712,,RTSS,สมศักดิ์ คงดี,,5350490002836,,,,1,,,,,,,,,,,,,,,,,,,,,,,,,,,,2026-03-05 07:24:02,,,,,,,,,,G,,,,,SSHVCZV3,HD,HD,1500,,2,,,,,,2022-11-10,,,,,,0,,
13781,02,006043297,13781,006043297,,RTCS,วิษณุ ชุ่มบัว,1981-09-30,3709900071954,,,,,,,,,,,,,,,,,,,,,,,,,,,,,,,,2026-03-05 11:39:43.998000,,,,,,,,W,,,,,,,,,,2000,,,,,,,,2026-03-05,2499-12-31,,,,,0,,
13781,02,005179196,13781,005179196,,RTCS,วินัย พาระหอม,1970-05-01,3350200263210,,,,,,,,,,,,,,,,,,,,,,,,,,,,,,,,2026-03-09 10:02:53,,,,,,,,W,,,,,,,,,,2000,,,,,,,,2026-03-09,2499-12-31,,,,,0,,
13781,02,005064997,13781,005064997,,RTSS,พึงโฉม จันทโชติ,,2250500035029,,,,2,,,,,,,,,,,,,,,,,,,,,,,,,,,,2026-03-10 09:52:14,,,,,,,,,,G,,,,,SSLXI52S,HD,HD,1500,,2,,,,,,2016-02-02,,,,,,0,,
13781,,002949930,13781,002949930,,RTCS,ปิยะ จิตธรรมมาภิรมย์,1971-10-23,3839900073182,,,,,,,,,,,,,,,,,,,,,,,,,,,,,,,,2026-03-12 10:19:54.999000,,,,,,,,W,,,,,,,,,,2000,,,,,,,,2026-03-12,2499-12-31,,,,,0,,
13781,02,004829342,13781,004829342,,RTCS,ศิริเพ็ญ คุ้มเมฆ,1983-02-18,3629900063588,,,,,,,,,,,,,,,,,,,,,,,,,,,,,,,,2026-03-13 08:38:27,,,,,,,,W,,,,,,,,,,2000,,,,,,,,2026-03-13,2499-12-31,,,,,0,,
13781,02,005691534,13781,005691534,,RTCS,กฤตนัน รัตนฉายาบรรณ,1991-06-07,1709900627000,,,,,,,,,,,,,,,,,,,,,,,,,,,,,,,,2026-03-13 08:39:01.999000,,,,,,,,W,,,,,,,,,,2000,,,,,,,,2026-03-13,2499-12-31,,,,,0,,
13781,02,004129662,13781,004129662,,RTCS,ทองดี บุญเศษ,1942-09-14,3320300104814,,,,,,,,,,,,,,,,,,,,,,,,,,,,,,,,2026-03-13 14:15:51.998000,,,,,,,,W,,,,,,,,,,2000,,,,,,,,2026-03-13,2499-12-31,,,,,0,,
13781,,000448688,13781,000448688,,RTCS,สมเกียรติ ทิมพัฒนพงศ์,1933-03-30,3101400955410,,,,,,,,,,,,,,,,,,,,,,,,,,,,,,,,2026-03-16 09:00:02.999000,,,,,,,,W,,,,,,,,,,2000,,,,,,,,2026-03-16,2499-12-31,,,,,0,,
13781,02,006088492,13781,006088492,,RTCS,สุภาพ สุวรรณ,1946-07-23,3100601719054,,,,,,,,,,,,,,,,,,,,,,,,,,,,,,,,2026-03-23 07:52:09.998000,,,,,,,,W,,,,,,,,,,2000,,,,,,,,2026-03-23,2499-12-31,,,,,0,,
13781,02,007035541,13781,007035541,,RTCS,จิรโรจน์ เรืองตรีโรจน์,1960-07-06,3819900051570,,,,,,,,,,,,,,,,,,,,,,,,,,,,,,,,2026-03-23 07:53:22.998000,,,,,,,,W,,,,,,,,,,2000,,,,,,,,2026-03-23,2499-12-31,,,,,0,,
41829,,6706476,41829,6706476,,RTSS,ภิราญา พรหมบุตร,1989-01-05,1250500092211,,,,2,,,,,,,,,,,,,,,,,,,,,,,,,,,,2025-06-12 10:16:31,,,S,,E,,,,,,,,,,SSB5QPFP,HD,HD,1500,,2,,,,,,2024-06-01,2025-05-31,,,,,0,,
41829,,6802740,41829,6802740,,RTSS,อรทัย พูลแก้ว,1980-08-10,3259700104471,,,,2,,,,,,,,,,,,,,,,,,,,,,,,,,,,2025-11-11 14:40:05.998000,,,,,,,,,,,,,,,SSEVXAD9,HD,HD,1500,,2,,,,,,2022-08-03,,,,,,0,,
41829,,6424190,41829,6424190,,RTSS,อาทิตย์ สถาปนากรณ์,,1329900345954,,,,1,,,,,,,,,,,,,,,,,,,,,,,,,,,,2025-09-15 15:43:40.998000,,,,,,,,,,,,,,,SSEDISCK,HD,HD,1500,,2,,,,,,2025-07-31,,,,,,0,,
41829,,6488590,41829,6488590,,RTSS,วงศกร ภูสุวรรณนานนท์,,1103700181717,,,,1,,,,,,,,,,,,,,,,,,,,,,,,,,,,2026-01-02 13:15:38,,,,,,,,,,,,,,,SS5ENOAR,HD,HD,1500,,2,,,,,,2025-05-13,,,,,,0,,
41829,,6701778,41829,6701778,,RTSS,นางสาวสุวนันท์  ผูกโพธิ์,,1279800061319,,,,2,,,,,,,,,,,,,,,,,,,,,,,,,,,,2026-04-07 07:36:12.998000,,,,,,,,,,,,,,,SS3RRNR0,HD,HD,1500,,2,,,,,,2025-11-29,,,,,,0,,
41829,,6900533,41829,6900533,,RTSS,วรพงศ์ เกียรติดำรงวงศ์,,3100600430492,,,,1,,,,,,,,,,,,,,,,,,,,,,,,,,,,2026-04-13 10:43:14.998000,,,,,,,,,,,,,,,SSL3MC6Q,HD,HD,1500,,2,,,,,,2025-09-23,,,,,,0,,
41829,,6900553,41829,6900553,,RTSS,เอกลักษ์ นิลกลั่น,,1160100309159,,,,1,,,,,,,,,,,,,,,,,,,,,,,,,,,,2026-04-13 11:06:50,,,,,,,,,,,,,,,SSDBBFNG,HD,HD,1500,,2,,,,,,2025-08-28,,,,,,0,,
